timestamp,sensorName,value
2023-10-01T00:00:00+00:00,Sensor_B,86.96
2023-10-01T00:00:01+00:00,Sensor_C,93.73
2023-10-01T00:00:02+00:00,Sensor_B,76.99
2023-10-01T00:00:03+00:00,Sensor_D,71.71
2023-10-01T00:00:04+00:00,Sensor_C,70.09
2023-10-01T00:00:05+00:00,Sensor_B,10.5.2.1
2023-10-01T00:00:06+00:00,Sensor_B,36.57
2023-10-01T00:00:07+00:00,Sensor_D,75.29
2023-10-01T00:00:08+00:00,Sensor_B,4.17
2023-10-01T00:00:09+00:00,Sensor_C,37.36
2023-10-01T00:00:10+00:00,Sensor_C,6.69
2023-10-01T00:00:11+00:00,Sensor_B,96.58
2023-10-01T00:00:12+00:00,Sensor_B,61.48
2023-10-01T00:00:13+00:00,Sensor_A,16.99
2023-10-01T00:00:14+00:00,Sensor_C,58.07
2023-10-01T00:00:15+00:00,Sensor_B,50.18
2023-10-01T00:00:16+00:00,Sensor_C,27.65
2023-10-01T00:00:17+00:00,Sensor_D,8.87
2023-10-01T00:00:18+00:00,Sensor_C,85.42
2023-10-01T00:00:19+00:00,Sensor_A,29.0
2023-10-01T00:00:20+00:00,Sensor_C,43.3
2023-10-01T00:00:21+00:00,Sensor_C,10.5.2.1
2023-10-01T00:00:22+00:00,Sensor_B,43.39
2023-10-01T00:00:23+00:00,Sensor_B,5.15
2023-10-01T00:00:24+00:00,Sensor_D,57.04
2023-10-01T00:00:25+00:00,Sensor_D,68.9
2023-10-01T00:00:26+00:00,Sensor_B,78.37
2023-10-01T00:00:27+00:00,Sensor_B,96.91
2023-10-01T00:00:28+00:00,Sensor_B,75.65
2023-10-01T00:00:29+00:00,Sensor_B,33.14
???,Sensor_B,0.15
2023-10-01T00:00:31+00:00,Sensor_B,9.59
???,Sensor_D,71.17
2023-10-01T00:00:33+00:00,Sensor_C,73.22
2023-10-01T00:00:34+00:00,Sensor_A,29.35
2023-10-01T00:00:35+00:00,Sensor_A,71.73
2023-10-01T00:00:36+00:00,Sensor_A,89.88
2023-10-01T00:00:37+00:00,Sensor_C,2.32
2023-10-01T00:00:38+00:00,Sensor_A,89.85
2023-10-01T00:00:39+00:00,Sensor_C,61.39
2023-10-01T00:00:40+00:00,Sensor_A,17.27
2023-10-01T00:00:41+00:00,Sensor_B,69.16
2023-10-01T00:00:42+00:00,Sensor_C,31.52
2023-10-01T00:00:43+00:00,Sensor_B,74.16
2023-10-01T00:00:44+00:00,Sensor_D,18.81
2023-10-01T00:00:45+00:00,Sensor_D,14.46
2023-10-01T00:00:46+00:00,感測器甲,16.72
2023-10-01T00:00:47+00:00,Sensor_D,ABC
2023-10-01T00:00:48+00:00,Sensor_D,58.34
2023-10-01T00:00:49+00:00,Sensor_C,34.0
2023-10-01T00:00:50+00:00,Sensor_B,61.07
2023-10-01T00:00:51+00:00,Sensor_C,29.88
2023-10-01T00:00:52+00:00,Sensor_A,13.06
2023-10-01T00:00:53+00:00,Sensor_B,98.11
2023-10-01T00:00:54+00:00,感測器甲,38.4
2023-10-01T00:00:55+00:00,Sensor_A,99.06
2023-10-01T00:00:56+00:00,Sensor_D,29.72
2023-10-01T00:00:57+00:00,Sensor_B,86.18
2023-10-01T00:00:58+00:00,Sensor_B,13.51
2023-10-01T00:00:59+00:00,Sensor_B,37.53
2023-10-01T00:01:00+00:00,Sensor_C,28.36
2023-10-01T00:01:01+00:00,Sensor_D,45.57
2023-10-01T00:01:02+00:00,Sensor_B,28.4
2023-10-01T00:01:03+00:00,Sensor_B,45.9
2023-10-01T00:01:04+00:00,Sensor_C,98.22
2023-10-01T00:01:05+00:00,Sensor_B,43.17
2023-10-01T00:01:06+00:00,Sensor_D,14.61
2023-10-01T00:01:07+00:00,Sensor_B,66.57
2023-10-01T00:01:08+00:00,Sensor_D,46.19
2023-10-01T00:01:09+00:00,Sensor_D,34.69
2023-10-01T00:01:10+00:00,Sensor_A,15.7
2023-10-01T00:01:11+00:00,Sensor_A,90.88
2023-10-01T00:01:12+00:00,Sensor_D,41.41
2023-10-01T00:01:13+00:00,Sensor_B,49.09
2023-10-01T00:01:14+00:00,Sensor_A,28.16
2023-10-01T00:01:15+00:00,Sensor_D,41.35
2023-10-01T00:01:16+00:00,Sensor_C,70.92
2023-10-01T00:01:17+00:00,Sensor_A,87.31
2023-10-01T00:01:18+00:00,Sensor_A,53.14
2023-10-01T00:01:19+00:00,Sensor_D,13.34
2023-10-01T00:01:20+00:00,Sensor_B,72.97
2023-10-01T00:01:21+00:00,Sensor_D,90.48
2023-10-01T00:01:22+00:00,Sensor_C,27.65
2023-10-01T00:01:23+00:00,Sensor_A,12.44
2023-10-01T00:01:24+00:00,Sensor_A,29.35
2023-10-01T00:01:25+00:00,Sensor_B,28.31
2023-10-01T00:01:26+00:00,Sensor_C,15.52
2023-10-01T00:01:27+00:00,Sensor_B,78.5
2023-10-01T00:01:28+00:00,Sensor_C,ABC
2023-10-01T00:01:29+00:00,Sensor_B,31.99
2023-10-01T00:01:30+00:00,Sensor_C,3.53
2023-10-01T00:01:31+00:00,Sensor_C,52.29
2023-10-01T00:01:32+00:00,Sensor_C,35.48
2023-10-01T00:01:33+00:00,Sensor_B,10.5.2.1
2023-10-01T00:01:34+00:00,Sensor_C,41.51
2023-10-01T00:01:35+00:00,Sensor_C,41.01
2023-10-01T00:01:36+00:00,Sensor_D,50.53
2023-10-01T00:01:37+00:00,Sensor_C,74.92
2023-10-01T00:01:38+00:00,Sensor_C,30.65
2023-10-01T00:01:39+00:00,Sensor_B,95.5
2023-10-01T00:01:40+00:00,Sensor_A,35.81
2023-10-01T00:01:41+00:00,Sensor_A,70.53
2023-10-01T00:01:42+00:00,Sensor_B,3.1415926535897932384
2023-10-01T00:01:43+00:00,Sensor_C,15.25
2023-10-01T00:01:44+00:00,Sensor_B,55.45
2023-10-01T00:01:45+00:00,Sensor_A,83.9
2023-10-01T00:01:46+00:00,Sensor_D,18.36
2023-10-01T00:01:47+00:00,Sensor_D,22.37
2023-10-01T00:01:48+00:00,Sensor_B,58.14
2023-10-01T00:01:49+00:00,Sensor_A,55.96
2023-10-01T00:01:50+00:00,Sensor_A,22.08
2023-10-01T00:01:51+00:00,Sensor_D,88.15
2023-10-01T00:01:52+00:00,Sensor_B,15.11
2023-10-01T00:01:53+00:00,Sensor_D,21.71
2023-10-01T00:01:54+00:00,Sensor_B,3.1415926535897932384
2023-10-01T00:01:55+00:00,Sensor_C,87.07
2023-10-01T00:01:56+00:00,Sensor_B,82.61
2023-10-01T00:01:57+00:00,Sensor_C,86.02
2023-10-01T00:01:58+00:00,Sensor_A,95.09
2023-10-01T00:01:59+00:00,Sensor_C,94.93
2023-10-01T00:02:00+00:00,Sensor_B,18.38
2023-10-01T00:02:01+00:00,Sensor_B,61.62
2023-10-01T00:02:02+00:00,Sensor_D,53.03
2023-10-01T00:02:03+00:00,Sensor_B,16.33
2023-10-01T00:02:04+00:00,Sensor_C,55.56
2023-10-01T00:02:05+00:00,Sensor_D,36.47
2023-10-01T00:02:06+00:00,Sensor_C,1.78
2023-10-01T00:02:07+00:00,Sensor_C,96.04
2023-10-01T00:02:08+00:00,Sensor_D,6.63
2023-10-01T00:02:09+00:00,Sensor_B,14.66
2023-10-01T00:02:10+00:00,Sensor_A,74.05
2023-10-01T00:02:11+00:00,Sensor_B,99.67
2023-10-01T00:02:12+00:00,Sensor_B,6.62
2023-10-01T00:02:13+00:00,Sensor_A,59.82
2023-10-01T00:02:14+00:00,Sensor_D,79.67
2023-10-01T00:02:15+00:00,Sensor_C,34.61
2023-10-01T00:02:16+00:00,Sensor_D,97.89
2023-10-01T00:02:17+00:00,Sensor_C,69.43
2023-10-01T00:02:18+00:00,Sensor_C,3.33
2023-10-01T00:02:19+00:00,Sensor_A,86.14
2023-10-01T00:02:20+00:00,Sensor_D,90.44
2023-10-01T00:02:21+00:00,Sensor_B,數值錯誤
2023-10-01T00:02:22+00:00,Sensor_D,3.1415926535897932384
2023-10-01T00:02:23+00:00,Sensor_D,數值錯誤
2023-10-01T00:02:24+00:00,Sensor_D,49.82
2023-10-01T00:02:25+00:00,Sensor_C,37.06
2023-10-01T00:02:26+00:00,Sensor_A,74.64
2023-10-01T00:02:27+00:00,Sensor_A,59.84
2023-10-01T00:02:28+00:00,Sensor_C,6.3
2023-10-01T00:02:29+00:00,Sensor_C,60.94
2023-10-01T00:02:30+00:00,Sensor_A,93.29
2023-10-01T00:02:31+00:00,Sensor_C,0.35
2023-10-01T00:02:32+00:00,Sensor_C,26.78
2023-10-01T00:02:33+00:00,Sensor_D,45.85
2023-10-01T00:02:34+00:00,Sensor_B,91.18
2023-10-01T00:02:35+00:00,Sensor_B,82.18
2023-10-01T00:02:36+00:00,Sensor_A,85.4
2023-10-01T00:02:37+00:00,Sensor_A,85.7
2023-10-01T00:02:38+00:00,Sensor_D,23.69
2023-10-01T00:02:39+00:00,Sensor_D,10.5.2.1
2023-10-01T00:02:40+00:00,Sensor_B,70.89
2023-10-01T00:02:41+00:00,Sensor_B,31.37
2023-10-01T00:02:42+00:00,Sensor_D,9.94
2023-10-01T00:02:43+00:00,sénsor#@!,51.75
2023-10-01T00:02:44+00:00,Sensor_B,2.48
2023-10-01T00:02:45+00:00,Sensor_D,2.31
2023-10-01T00:02:46+00:00,Sensor_D,14.35
2023-10-01T00:02:47+00:00,Sensor_B,87.54
2023-10-01T00:02:48+00:00,Sensor_A,56.75
2023-10-01T00:02:49+00:00,Sensor_C,54.03
2023-10-01T00:02:50+00:00,Sensor_D,4.32
2023-10-01T00:02:51+00:00,Sensor_A,10.5.2.1
2023-10-01T00:02:52+00:00,Sensor_B,98.88
2023-10-01T00:02:53+00:00,Sensor_B,22.13
2023-10-01T00:02:54+00:00,Sensor_D,46.81
2023-10-01T00:02:55+00:00,Sensor_B,45.56
2023-10-01T00:02:56+00:00,Sensor_B,90.62
2023-10-01T00:02:57+00:00,Sensor_C,75.63
2023-10-01T00:02:58+00:00,Sensor_A,2.13
2023-10-01T00:02:59+00:00,Sensor_C,23.59
2023-10-01T00:03:00+00:00,Sensor_A,10.5.2.1
2023-10-01T00:03:01+00:00,Sensor_C,63.59
2023-10-01T00:03:02+00:00,Sensor_B,45.65
2023-10-01T00:03:03+00:00,Sensor_A,27.49
2023-10-01T00:03:04+00:00,Sensor_B,65.31
2023-10-01T00:03:05+00:00,Sensor_A,3.1415926535897932384
2023-10-01T00:03:06+00:00,Sensor_D,81.11
2023-10-01T00:03:07+00:00,Sensor_C,26.63
2023-10-01T00:03:08+00:00,Sensor_A,74.67
2023-10-01T00:03:09+00:00,Sensor_A,59.04
2023-10-01T00:03:10+00:00,Sensor_A,72.23
2023-10-01T00:03:11+00:00,Sensor_A,4.31
2023-10-01T00:03:12+00:00,Sensor_C,20.68
2023-10-01T00:03:13+00:00,Sensor_A,90.3
2023-10-01T00:03:14+00:00,Sensor_B,38.91
2023-10-01T00:03:15+00:00,Sensor_C,77.16
2023-10-01T00:03:16+00:00,Sensor_B,10.5.2.1
2023-10-01T00:03:17+00:00,Sensor_C,3.1415926535897932384
2023-10-01T00:03:18+00:00,Sensor_A,45.69
2023-10-01T00:03:19+00:00,Sensor_C,97.1
2023-10-01T00:03:20+00:00,Sensor_B,17.35
2023-10-01T00:03:21+00:00,Sensor_B,14.09
2023-10-01T00:03:22+00:00,Sensor_D,34.03
2023-10-01T00:03:23+00:00,Sensor_D,13.87
2023-10-01T00:03:24+00:00,Sensor_D,15.76
2023-10-01T00:03:25+00:00,Sensor_A,89.9
2023-10-01T00:03:26+00:00,Sensor_C,56.88
2023-10-01T00:03:27+00:00,Sensor_D,33.7
2023-10-01T00:03:28+00:00,센서_A,28.37
2023-10-01T00:03:29+00:00,Sensor_A,82.07
2023-10-01T00:03:30+00:00,Sensor_B,15.53
2023-10-01T00:03:31+00:00,Sensor_A,7.03
2023-10-01T00:03:32+00:00,Sensor_C,72.67
2023-10-01T00:03:33+00:00,Sensor_B,80.38
2023-10-01T00:03:34+00:00,Sensor_B,10.5.2.1
2023-10-01T00:03:35+00:00,Sensor_C,33.2
2023-10-01T00:03:36+00:00,Sensor_C,47.43
2023-10-01T00:03:37+00:00,Sensor_D,21.44
2023-10-01T00:03:38+00:00,Sensor_C,87.2
2023-10-01T00:03:39+00:00,Sensor_A,30.37
2023-10-01T00:03:40+00:00,Sensor_A,59.77
2023-10-01T00:03:41+00:00,Sensor_B,12.69
2023-10-01T00:03:42+00:00,Sensor_B,13.99
2023-10-01T00:03:43+00:00,Sensor_D,10.5.2.1
2023-10-01T00:03:44+00:00,Sensor_B,41.43
2023-10-01T00:03:45+00:00,Sensor_D,78.69
2023-10-01T00:03:46+00:00,Sensor_A,81.7
2023-10-01T00:03:47+00:00,センサー_1,63.69
2023-10-01T00:03:48+00:00,Sensor_C,14.93
2023-10-01T00:03:49+00:00,Sensor_A,42.98
2023-10-01T00:03:50+00:00,Sensor_B,15.9
2023-10-01T00:03:51+00:00,Sensor_C,11.0
2023-10-01T00:03:52+00:00,Sensor_D,24.17
2023-10-01T00:03:53+00:00,Sensor_B,12.13
2023-10-01T00:03:54+00:00,Sensor_C,74.14
2023-10-01T00:03:55+00:00,Sensor_D,34.14
2023-10-01T00:03:56+00:00,Sensor_A,32.74
2023-10-01T00:03:57+00:00,Sensor_A,35.21
2023-10-01T00:03:58+00:00,Sensor_A,3.1415926535897932384
2023-10-01T00:03:59+00:00,Sensor_A,70.44
2023-10-01T00:04:00+00:00,Sensor_A,5.11
2023-10-01T00:04:01+00:00,Sensor_B,31.04
2023-10-01T00:04:02+00:00,Sensor_A,14.34
2023-10-01T00:04:03+00:00,Sensor_C,93.31
2023-10-01T00:04:04+00:00,Sensor_D,40.04
2023-10-01T00:04:05+00:00,Sensor_A,60.77
2023-10-01T00:04:06+00:00,Sensor_B,7.94
2023-10-01T00:04:07+00:00,Sensor_C,52.13
2023-10-01T00:04:08+00:00,Sensor_D,8.52
2023-10-01T00:04:09+00:00,Sensor_B,85.05
2023-10-01T00:04:10+00:00,Sensor_C,57.98
2023-10-01T00:04:11+00:00,Sensor_D,33.22
2023-10-01T00:04:12+00:00,Sensor_B,22.18
2023-10-01T00:04:13+00:00,Sensor_C,20.87
2023-10-01T00:04:14+00:00,🔥Sensor,61.36
2023-10-01T00:04:15+00:00,Sensor_D,29.87
2023-10-01T00:04:16+00:00,Sensor_A,64.0
2023-10-01T00:04:17+00:00,Sensor_C,8.89
2023-10-01T00:04:18+00:00,Sensor_D,98.15
2023-10-01T00:04:19+00:00,Sensor_A,54.74
2023-10-01T00:04:20+00:00,Sensor_D,15.3
2023-10-01T00:04:21+00:00,Sensor_D,10.5.2.1
2023-10-01T00:04:22+00:00,Sensor_C,5.71
2023-10-01T00:04:23+00:00,Sensor_C,55.84
2023-10-01T00:04:24+00:00,Sensor_A,31.16
2023-10-01T00:04:25+00:00,Sensor_B,60.31
2023-10-01T00:04:26+00:00,Sensor_A,23.94
2023-10-01T00:04:27+00:00,Sensor_C,15.59
2023-10-01T00:04:28+00:00,Sensor_D,86.77
2023-10-01T00:04:29+00:00,Sensor_A,45.8
2023-10-01T00:04:30+00:00,Sensor_C,6.53
2023-10-01T00:04:31+00:00,Sensor_D,32.13
2023-10-01T00:04:32+00:00,Sensor_B,44.12
2023-10-01T00:04:33+00:00,Sensor_C,14.53
2023-10-01T00:04:34+00:00,Sensor_A,10.5.2.1
2023-10-01T00:04:35+00:00,Sensor_A,75.07
2023-10-01T00:04:36+00:00,Sensor_A,69.96
2023-10-01T00:04:37+00:00,Sensor_B,38.31
2023-10-01T00:04:38+00:00,Sensor_A,12.82
2023-10-01T00:04:39+00:00,Sensor_C,92.63
2023-10-01T00:04:40+00:00,Sensor_A,88.79
2023-10-01T00:04:41+00:00,Sensor_B,18.21
2023-10-01T00:04:42+00:00,Sensor_A,54.19
2023-10-01T00:04:43+00:00,Sensor_D,89.54
2023-10-01T00:04:44+00:00,Sensor_B,43.8
2023-10-01T00:04:45+00:00,Sensor_A,22.43
2023-10-01T00:04:46+00:00,Sensor_D,65.04
invalid_time,Sensor_A,30.63
2023-10-01T00:04:48+00:00,Sensor_B,80.18
2023-10-01T00:04:49+00:00,Sensor_A,93.58
2023-10-01T00:04:50+00:00,Sensor_A,35.37
2023-10-01T00:04:51+00:00,Sensor_C,80.66
2023-10-01T00:04:52+00:00,Sensor_C,10.5.2.1
2023-10-01T00:04:53+00:00,Sensor_B,57.44
2023-10-01T00:04:54+00:00,Sensor_D,84.06
2023-10-01T00:04:55+00:00,Sensor_D,61.08
2023-10-01T00:04:56+00:00,Sensor_D,99.09
2023-10-01T00:04:57+00:00,Sensor_C,25.09
2023-10-01T00:04:58+00:00,Sensor_A,63.47
2023-10-01T00:04:59+00:00,Sensor_A,85.72
2023-10-01T00:05:00+00:00,Sensor_C,12.66
2023-10-01T00:05:01+00:00,Sensor_B,38.26
2023-10-01T00:05:02+00:00,Sensor_D,85.09
2023-10-01T00:05:03+00:00,Sensor_C,69.44
2023-10-01T00:05:04+00:00,Sensor_B,13.29
2023-10-01T00:05:05+00:00,Sensor_D,10.63
2023-10-01T00:05:06+00:00,Sensor_B,14.38
2023-10-01T00:05:07+00:00,Sensor_D,80.98
2023-10-01T00:05:08+00:00,Sensor_A,7.47
2023-10-01T00:05:09+00:00,Sensor_D,43.01
2023-10-01T00:05:10+00:00,Sensor_D,82.24
2023-10-01T00:05:11+00:00,Sensor_A,26.35
2023-10-01T00:05:12+00:00,Sensor_B,42.8
2023-10-01T00:05:13+00:00,Sensor_A,39.44
2023-10-01T00:05:14+00:00,Sensor_D,63.78
2023-10-01T00:05:15+00:00,Sensor_C,81.57
2023-10-01T00:05:16+00:00,Sensor_B,75.34
2023-10-01T00:05:17+00:00,Sensor_D,19.83
2023-10-01T00:05:18+00:00,Sensor_C,44.06
2023-10-01T00:05:19+00:00,Sensor_D,30.75
2023-10-01T00:05:20+00:00,Sensor_D,57.87
2023-10-01T00:05:21+00:00,sénsor#@!,69.24
2023-10-01T00:05:22+00:00,Sensor_C,93.58
2023-10-01T00:05:23+00:00,感測器甲,38.88
2023-10-01T00:05:24+00:00,Sensor_D,13.27
2023-10-01T00:05:25+00:00,Sensor_B,93.82
2023-10-01T00:05:26+00:00,Sensor_A,33.96
2023-10-01T00:05:27+00:00,Sensor_D,50.31
2023-10-01T00:05:28+00:00,Sensor_D,48.93
時間錯誤,Sensor_C,14.03
2023-10-01T00:05:30+00:00,Sensor_B,41.38
2023-10-01T00:05:31+00:00,Sensor_D,77.34
2023-10-01T00:05:32+00:00,Sensor_A,94.3
2023-10-01T00:05:33+00:00,Sensor_D,46.88
2023-10-01T00:05:34+00:00,Sensor_D,10.5.2.1
2023-10-01T00:05:35+00:00,Sensor_A,91.97
2023-10-01T00:05:36+00:00,Sensor_C,74.34
2023-10-01T00:05:37+00:00,Sensor_D,32.74
2023-10-01T00:05:38+00:00,感測器甲,29.19
2023-10-01T00:05:39+00:00,Sensor_D,54.11
2023-10-01T00:05:40+00:00,Sensor_D,19.05
2023-10-01T00:05:41+00:00,Sensor_A,29.73
2023-10-01T00:05:42+00:00,Sensor_A,6.19
2023-10-01T00:05:43+00:00,Sensor_A,3.42
2023-10-01T00:05:44+00:00,Sensor_C,3.31
2023-10-01T00:05:45+00:00,Sensor_C,29.3
2023-10-01T00:05:46+00:00,Sensor_B,40.92
2023-10-01T00:05:47+00:00,Sensor_D,28.35
2023-10-01T00:05:48+00:00,Sensor_B,49.8
2023-10-01T00:05:49+00:00,Sensor_B,77.13
2023-10-01T00:05:50+00:00,Sensor_C,20.89
2023-10-01T00:05:51+00:00,Sensor_A,94.15
2023-10-01T00:05:52+00:00,Sensor_A,7.94
2023-10-01T00:05:53+00:00,Sensor_A,80.69
2023-10-01T00:05:54+00:00,Sensor_A,37.81
2023-10-01T00:05:55+00:00,Sensor_B,84.96
2023-10-01T00:05:56+00:00,Sensor_D,64.45
2023-10-01T00:05:57+00:00,sénsor#@!,63.63
2023-10-01T00:05:58+00:00,Sensor_D,4.5
2023-10-01T00:05:59+00:00,Sensor_C,81.79
2023-10-01T00:06:00+00:00,Sensor_B,26.53
2023-10-01T00:06:01+00:00,Sensor_B,38.21
2023-10-01T00:06:02+00:00,Sensor_B,2.26
2023-10-01T00:06:03+00:00,Sensor_B,60.26
2023-10-01T00:06:04+00:00,Sensor_A,3.1415926535897932384
2023-10-01T00:06:05+00:00,Sensor_D,0.53
2023-10-01T00:06:06+00:00,Sensor_A,17.61
2023-10-01T00:06:07+00:00,Sensor_C,48.52
2023-10-01T00:06:08+00:00,Sensor_D,81.95
2023-10-01T00:06:09+00:00,Sensor_B,82.52
2023-10-01T00:06:10+00:00,Sensor_C,36.71
2023-10-01T00:06:11+00:00,Sensor_D,35.45
2023-10-01T00:06:12+00:00,Sensor_C,75.98
2023-10-01T00:06:13+00:00,Sensor_D,77.05
2023-10-01T00:06:14+00:00,Sensor_D,22.73
2023-10-01T00:06:15+00:00,Sensor_B,44.76
2023-10-01T00:06:16+00:00,Sensor_C,16.98
2023-10-01T00:06:17+00:00,Sensor_A,74.51
2023-10-01T00:06:18+00:00,Sensor_D,19.66
2023-10-01T00:06:19+00:00,Sensor_B,25.1
2023-10-01T00:06:20+00:00,Sensor_C,16.97
2023-10-01T00:06:21+00:00,Sensor_D,7.45
2023-10-01T00:06:22+00:00,Sensor_B,13.45
2023-10-01T00:06:23+00:00,Sensor_A,10.5.2.1
2023-10-01T00:06:24+00:00,Sensor_D,17.31
2023-10-01T00:06:25+00:00,Sensor_B,43.96
2023-10-01T00:06:26+00:00,Sensor_B,87.52
2023-10-01T00:06:27+00:00,Sensor_C,26.88
2023-10-01T00:06:28+00:00,Sensor_D,53.23
2023-10-01T00:06:29+00:00,Sensor_B,77.62
2023-10-01T00:06:30+00:00,Sensor_B,0.99
2023-10-01T00:06:31+00:00,Sensor_A,47.31
2023-10-01T00:06:32+00:00,Sensor_B,94.79
2023-10-01T00:06:33+00:00,Sensor_D,99.4
2023-10-01T00:06:34+00:00,Sensor_D,72.77
2023-10-01T00:06:35+00:00,Sensor_B,66.2
2023-10-01T00:06:36+00:00,Sensor_D,57.52
2023-10-01T00:06:37+00:00,Sensor_B,53.33
2023-10-01T00:06:38+00:00,Sensor_A,80.01
2023-10-01T00:06:39+00:00,Sensor_A,69.67
2023-10-01T00:06:40+00:00,Sensor_B,35.85
2023-10-01T00:06:41+00:00,Sensor_C,40.15
2023-10-01T00:06:42+00:00,Sensor_A,68.04
2023-10-01T00:06:43+00:00,Sensor_C,55.2
2023-10-01T00:06:44+00:00,Sensor_A,43.16
2023-10-01T00:06:45+00:00,Sensor_D,41.48
2023-10-01T00:06:46+00:00,Sensor_B,25.99
2023-10-01T00:06:47+00:00,Sensor_A,83.87
2023-10-01T00:06:48+00:00,Sensor_D,76.53
2023-10-01T00:06:49+00:00,Sensor_A,37.68
2023-10-01T00:06:50+00:00,Sensor_B,61.97
2023-10-01T00:06:51+00:00,Sensor_C,55.51
2023-10-01T00:06:52+00:00,Sensor_D,28.14
2023-10-01T00:06:53+00:00,Sensor_D,29.04
2023-10-01T00:06:54+00:00,Sensor_A,0.25
2023-10-01T00:06:55+00:00,Sensor_A,94.37
2023-10-01T00:06:56+00:00,Sensor_C,90.7
2023-10-01T00:06:57+00:00,Sensor_C,52.81
2023-10-01T00:06:58+00:00,sénsor#@!,25.53
2023-10-01T00:06:59+00:00,Sensor_C,21.31
2023-10-01T00:07:00+00:00,Sensor_D,46.39
2023-10-01T00:07:01+00:00,Sensor_D,78.69
2023-10-01T00:07:02+00:00,Sensor_A,12.36
2023-10-01T00:07:03+00:00,Sensor_A,66.43
2023-10-01T00:07:04+00:00,Sensor_B,61.58
2023-10-01T00:07:05+00:00,Sensor_C,3.1415926535897932384
2023-10-01T00:07:06+00:00,Sensor_D,47.41
2023-10-01T00:07:07+00:00,Sensor_D,97.32
2023-10-01T00:07:08+00:00,Sensor_B,38.45
時間錯誤,Sensor_A,80.53
2023-10-01T00:07:10+00:00,Sensor_A,93.0
2023-10-01T00:07:11+00:00,Sensor_A,58.11
2023-10-01T00:07:12+00:00,Sensor_C,28.16
2023-10-01T00:07:13+00:00,Sensor_D,48.69
2023-10-01T00:07:14+00:00,Sensor_B,50.95
2023-10-01T00:07:15+00:00,Sensor_D,12.69
2023-10-01T00:07:16+00:00,Sensor_A,48.52
2023-10-01T00:07:17+00:00,Sensor_B,50.61
2023-10-01T00:07:18+00:00,Sensor_A,81.38
2023-10-01T00:07:19+00:00,Sensor_D,30.62
2023-10-01T00:07:20+00:00,Sensor_D,0.37
invalid_time,Sensor_B,70.8
2023-10-01T00:07:22+00:00,Sensor_B,67.99
2023-10-01T00:07:23+00:00,Sensor_C,62.77
2023-10-01T00:07:24+00:00,Sensor_B,52.57
2023-10-01T00:07:25+00:00,Sensor_A,85.43
2023-10-01T00:07:26+00:00,Sensor_C,53.5
2023-99-99,Sensor_B,70.46
2023-10-01T00:07:28+00:00,Sensor_D,6.01
2023-10-01T00:07:29+00:00,Sensor_C,13.86
2023-10-01T00:07:30+00:00,Sensor_D,70.7
2023-10-01T00:07:31+00:00,Sensor_A,93.62
2023-10-01T00:07:32+00:00,Sensor_A,85.79
2023-10-01T00:07:33+00:00,Sensor_B,95.3
2023-10-01T00:07:34+00:00,Sensor_A,88.18
2023-10-01T00:07:35+00:00,Sensor_C,55.0
2023-10-01T00:07:36+00:00,Sensor_A,30.26
2023-10-01T00:07:37+00:00,Sensor_D,45.37
2023-10-01T00:07:38+00:00,Sensor_B,25.53
2023-10-01T00:07:39+00:00,Sensor_D,38.16
2023-10-01T00:07:40+00:00,Sensor_B,32.09
2023-10-01T00:07:41+00:00,Sensor_D,12.48
2023-10-01T00:07:42+00:00,Sensor_B,45.32
2023-10-01T00:07:43+00:00,Sensor_A,17.38
2023-10-01T00:07:44+00:00,Sensor_C,4.16
2023-10-01T00:07:45+00:00,Sensor_C,40.06
2023-10-01T00:07:46+00:00,Sensor_D,3.1415926535897932384
2023-10-01T00:07:47+00:00,Sensor_B,60.0
2023-10-01T00:07:48+00:00,Sensor_A,62.29
2023-10-01T00:07:49+00:00,Sensor_A,22.26
2023-10-01T00:07:50+00:00,Sensor_C,62.77
2023-10-01T00:07:51+00:00,Sensor_D,53.25
2023-10-01T00:07:52+00:00,Sensor_B,14.94
2023-10-01T00:07:53+00:00,Sensor_D,15.7
2023-10-01T00:07:54+00:00,Sensor_C,31.08
2023-10-01T00:07:55+00:00,Sensor_D,40.79
2023-10-01T00:07:56+00:00,Sensor_C,72.62
2023-10-01T00:07:57+00:00,Sensor_D,83.59
2023-10-01T00:07:58+00:00,Sensor_D,9.98
2023-10-01T00:07:59+00:00,Sensor_B,25.67
2023-10-01T00:08:00+00:00,Sensor_D,1.0
2023-10-01T00:08:01+00:00,Sensor_A,83.16
2023-10-01T00:08:02+00:00,Sensor_B,6.56
2023-10-01T00:08:03+00:00,Sensor_B,31.61
2023-10-01T00:08:04+00:00,Sensor_B,42.33
2023-10-01T00:08:05+00:00,Sensor_B,10.93
2023-10-01T00:08:06+00:00,Sensor_D,1.04
2023-10-01T00:08:07+00:00,Sensor_D,24.76
2023-10-01T00:08:08+00:00,Sensor_A,70.23
2023-10-01T00:08:09+00:00,Sensor_A,22.24
2023-10-01T00:08:10+00:00,Sensor_D,24.4
2023-10-01T00:08:11+00:00,Sensor_C,7.33
2023-10-01T00:08:12+00:00,Sensor_D,56.79
2023-10-01T00:08:13+00:00,Sensor_C,57.33
2023-10-01T00:08:14+00:00,Sensor_D,37.32
2023-10-01T00:08:15+00:00,Sensor_D,23.5
2023-10-01T00:08:16+00:00,Sensor_B,55.89
2023-10-01T00:08:17+00:00,Sensor_A,26.51
2023-10-01T00:08:18+00:00,Sensor_C,3.19
2023-10-01T00:08:19+00:00,Sensor_A,7.93
2023-10-01T00:08:20+00:00,Sensor_C,ABC
2023-10-01T00:08:21+00:00,Sensor_D,4.96
2023-10-01T00:08:22+00:00,Sensor_C,51.97
2023-10-01T00:08:23+00:00,Sensor_B,44.65
2023-10-01T00:08:24+00:00,Sensor_B,45.68
2023-10-01T00:08:25+00:00,Sensor_C,49.83
2023-10-01T00:08:26+00:00,Sensor_A,44.34
2023-10-01T00:08:27+00:00,Sensor_D,8.18
2023-10-01T00:08:28+00:00,Sensor_D,71.83
2023-10-01T00:08:29+00:00,Sensor_D,14.01
2023-10-01T00:08:30+00:00,Sensor_B,23.73
2023-10-01T00:08:31+00:00,Sensor_D,9.99
2023-10-01T00:08:32+00:00,Sensor_B,98.89
2023-10-01T00:08:33+00:00,Sensor_D,37.34
2023-10-01T00:08:34+00:00,Sensor_A,39.07
2023-10-01T00:08:35+00:00,Sensor_A,15.54
2023-10-01T00:08:36+00:00,Sensor_C,28.17
2023-10-01T00:08:37+00:00,Sensor_A,10.46
2023-10-01T00:08:38+00:00,Sensor_A,39.62
2023-10-01T00:08:39+00:00,Sensor_D,42.74
2023-10-01T00:08:40+00:00,Sensor_B,56.45
2023-10-01T00:08:41+00:00,Sensor_B,3.1415926535897932384
2023-10-01T00:08:42+00:00,Sensor_D,44.52
2023-10-01T00:08:43+00:00,Sensor_D,96.66
2023-10-01T00:08:44+00:00,Sensor_D,14.93
2023-10-01T00:08:45+00:00,Sensor_B,50.9
2023-10-01T00:08:46+00:00,Sensor_C,78.5
2023-10-01T00:08:47+00:00,Sensor_A,10.5.2.1
2023-10-01T00:08:48+00:00,Sensor_D,63.54
2023-10-01T00:08:49+00:00,Sensor_B,29.4
2023-10-01T00:08:50+00:00,Sensor_C,75.23
2023-10-01T00:08:51+00:00,Sensor_C,68.48
2023-10-01T00:08:52+00:00,Sensor_B,50.15
2023-10-01T00:08:53+00:00,Sensor_C,26.24
2023-10-01T00:08:54+00:00,Sensor_C,73.96
2023-10-01T00:08:55+00:00,Sensor_D,82.55
2023-10-01T00:08:56+00:00,Sensor_D,54.91
2023-10-01T00:08:57+00:00,Sensor_C,84.33
2023-10-01T00:08:58+00:00,Sensor_D,11.85
2023-10-01T00:08:59+00:00,Sensor_C,3.1415926535897932384
2023-10-01T00:09:00+00:00,Sensor_D,8.37
2023-10-01T00:09:01+00:00,Sensor_B,99.66
2023-10-01T00:09:02+00:00,Sensor_D,57.39
2023-10-01T00:09:03+00:00,Sensor_B,3.1415926535897932384
2023-10-01T00:09:04+00:00,Sensor_B,48.28
2023-10-01T00:09:05+00:00,Sensor_C,19.4
2023-10-01T00:09:06+00:00,Sensor_C,34.7
2023-10-01T00:09:07+00:00,Sensor_A,49.08
2023-10-01T00:09:08+00:00,Sensor_B,88.93
2023-10-01T00:09:09+00:00,Sensor_B,4.36
2023-10-01T00:09:10+00:00,Sensor_C,26.71
2023-10-01T00:09:11+00:00,Sensor_D,37.56
2023-10-01T00:09:12+00:00,Sensor_D,39.83
2023-10-01T00:09:13+00:00,Sensor_B,19.06
2023-10-01T00:09:14+00:00,Sensor_B,53.82
2023-10-01T00:09:15+00:00,Sensor_A,2.65
2023-10-01T00:09:16+00:00,Sensor_C,49.69
2023-10-01T00:09:17+00:00,Sensor_B,40.95
2023-99-99,Sensor_B,77.28
2023-10-01T00:09:19+00:00,Sensor_D,94.62
2023-10-01T00:09:20+00:00,Sensor_A,30.75
2023-10-01T00:09:21+00:00,Sensor_A,2.17
2023-10-01T00:09:22+00:00,Sensor_B,5.71
2023-10-01T00:09:23+00:00,Sensor_C,32.38
2023-10-01T00:09:24+00:00,Sensor_B,50.31
2023-10-01T00:09:25+00:00,Sensor_A,46.22
2023-10-01T00:09:26+00:00,Sensor_A,96.13
2023-10-01T00:09:27+00:00,Sensor_B,31.51
2023-10-01T00:09:28+00:00,Sensor_B,86.91
2023-10-01T00:09:29+00:00,Sensor_A,15.02
2023-10-01T00:09:30+00:00,Sensor_D,70.59
2023-10-01T00:09:31+00:00,Sensor_D,88.48
2023-10-01T00:09:32+00:00,Sensor_A,82.84
2023-10-01T00:09:33+00:00,Sensor_C,59.47
2023-10-01T00:09:34+00:00,Sensor_D,17.26
2023-10-01T00:09:35+00:00,Sensor_C,46.81
2023-10-01T00:09:36+00:00,Sensor_C,95.44
2023-10-01T00:09:37+00:00,Sensor_C,13.9
2023-10-01T00:09:38+00:00,Sensor_B,96.35
2023-10-01T00:09:39+00:00,Sensor_D,81.24
時間錯誤,Sensor_D,58.44
2023-10-01T00:09:41+00:00,Sensor_D,87.89
2023-10-01T00:09:42+00:00,Sensor_C,49.21
2023-10-01T00:09:43+00:00,Sensor_C,2.65
2023-10-01T00:09:44+00:00,Sensor_C,11.51
2023-10-01T00:09:45+00:00,Sensor_A,not_a_number
2023-10-01T00:09:46+00:00,Sensor_D,34.66
2023-10-01T00:09:47+00:00,Sensor_C,40.27
2023-10-01T00:09:48+00:00,Sensor_A,65.64
2023-10-01T00:09:49+00:00,Sensor_D,9.15
2023-10-01T00:09:50+00:00,Sensor_D,96.63
2023-10-01T00:09:51+00:00,Sensor_B,5.71
2023-10-01T00:09:52+00:00,Sensor_D,47.05
2023-10-01T00:09:53+00:00,Sensor_D,2.28
2023-10-01T00:09:54+00:00,Sensor_A,97.05
2023-10-01T00:09:55+00:00,Sensor_A,22.42
2023-10-01T00:09:56+00:00,Sensor_D,67.52
???,Sensor_D,37.02
2023-10-01T00:09:58+00:00,Sensor_A,51.34
2023-10-01T00:09:59+00:00,Sensor_A,46.15
2023-10-01T00:10:00+00:00,Sensor_B,12.31
2023-10-01T00:10:01+00:00,Sensor_B,73.12
2023-10-01T00:10:02+00:00,Sensor_D,15.12
2023-10-01T00:10:03+00:00,Sensor_C,60.25
2023-10-01T00:10:04+00:00,Sensor_C,3.21
2023-10-01T00:10:05+00:00,Sensor_C,35.24
2023-10-01T00:10:06+00:00,Sensor_B,91.1
2023-10-01T00:10:07+00:00,Sensor_D,57.97
2023-10-01T00:10:08+00:00,Sensor_D,99.34
2023-10-01T00:10:09+00:00,Sensor_D,84.44
時間錯誤,Sensor_C,84.97
2023-10-01T00:10:11+00:00,Sensor_A,62.5
2023-10-01T00:10:12+00:00,Sensor_A,19.03
???,Sensor_D,55.61
2023-10-01T00:10:14+00:00,Sensor_B,90.05
2023-10-01T00:10:15+00:00,Sensor_D,66.54
2023-10-01T00:10:16+00:00,Sensor_B,18.88
2023-10-01T00:10:17+00:00,Sensor_C,52.17
2023-10-01T00:10:18+00:00,Sensor_B,53.22
2023-10-01T00:10:19+00:00,Sensor_A,3.1415926535897932384
2023-10-01T00:10:20+00:00,Sensor_B,23.94
2023-10-01T00:10:21+00:00,Sensor_B,71.4
2023-10-01T00:10:22+00:00,Sensor_C,42.02
2023-10-01T00:10:23+00:00,Sensor_D,76.89
2023-10-01T00:10:24+00:00,Sensor_B,36.11
2023-10-01T00:10:25+00:00,Sensor_B,92.71
2023-10-01T00:10:26+00:00,Sensor_D,93.1
2023-10-01T00:10:27+00:00,Sensor_C,93.8
2023-10-01T00:10:28+00:00,Sensor_D,68.18
2023-10-01T00:10:29+00:00,Sensor_A,10.15
2023-10-01T00:10:30+00:00,Sensor_C,31.36
2023-10-01T00:10:31+00:00,Sensor_B,74.82
2023-10-01T00:10:32+00:00,Sensor_A,32.19
2023-10-01T00:10:33+00:00,Sensor_B,67.81
2023-10-01T00:10:34+00:00,Sensor_B,11.07
2023-10-01T00:10:35+00:00,Sensor_C,83.06
2023-10-01T00:10:36+00:00,Sensor_A,22.8
2023-10-01T00:10:37+00:00,Sensor_C,92.34
2023-10-01T00:10:38+00:00,Sensor_A,77.65
2023-10-01T00:10:39+00:00,Sensor_D,89.19
2023-10-01T00:10:40+00:00,Sensor_C,18.25
2023-10-01T00:10:41+00:00,Sensor_B,29.81
2023-10-01T00:10:42+00:00,Sensor_C,65.48
2023-10-01T00:10:43+00:00,Sensor_D,ABC
2023-10-01T00:10:44+00:00,Sensor_C,94.63
2023-10-01T00:10:45+00:00,Sensor_C,ABC
2023-10-01T00:10:46+00:00,Sensor_B,14.17
2023-10-01T00:10:47+00:00,Sensor_D,85.04
2023-10-01T00:10:48+00:00,Sensor_A,19.43
2023-10-01T00:10:49+00:00,Sensor_A,80.93
2023-10-01T00:10:50+00:00,Sensor_C,13.14
2023-10-01T00:10:51+00:00,Sensor_B,43.17
2023-10-01T00:10:52+00:00,Sensor_D,32.93
2023-10-01T00:10:53+00:00,Sensor_A,25.11
2023-10-01T00:10:54+00:00,Sensor_C,17.1
2023-10-01T00:10:55+00:00,Sensor_B,31.45
2023-10-01T00:10:56+00:00,Sensor_A,56.95
2023-10-01T00:10:57+00:00,Sensor_A,53.25
2023-10-01T00:10:58+00:00,Sensor_C,3.1415926535897932384
???,Sensor_B,81.69
2023-10-01T00:11:00+00:00,Sensor_A,92.49
2023-10-01T00:11:01+00:00,Sensor_C,84.08
2023-10-01T00:11:02+00:00,Sensor_B,48.55
2023-10-01T00:11:03+00:00,Sensor_A,44.24
2023-10-01T00:11:04+00:00,Sensor_A,10.5.2.1
2023-10-01T00:11:05+00:00,Sensor_C,62.37
2023-10-01T00:11:06+00:00,Sensor_B,80.4
2023-10-01T00:11:07+00:00,Sensor_B,70.43
2023-10-01T00:11:08+00:00,Sensor_A,25.55
2023-10-01T00:11:09+00:00,Sensor_C,91.4
2023-10-01T00:11:10+00:00,Sensor_D,38.15
2023-10-01T00:11:11+00:00,Sensor_A,5.91
2023-10-01T00:11:12+00:00,Sensor_D,7.53
2023-10-01T00:11:13+00:00,Sensor_D,5.99
2023-10-01T00:11:14+00:00,Sensor_D,91.38
2023-10-01T00:11:15+00:00,Sensor_D,not_a_number
2023-10-01T00:11:16+00:00,Sensor_A,66.84
2023-10-01T00:11:17+00:00,Sensor_A,25.41
2023-10-01T00:11:18+00:00,Sensor_D,32.09
2023-10-01T00:11:19+00:00,Sensor_B,89.77
2023-10-01T00:11:20+00:00,Sensor_B,20.59
2023-10-01T00:11:21+00:00,Sensor_B,99.21
2023-10-01T00:11:22+00:00,Sensor_C,23.04
2023-10-01T00:11:23+00:00,Sensor_D,92.28
2023-10-01T00:11:24+00:00,Sensor_A,12.68
2023-10-01T00:11:25+00:00,Sensor_B,48.16
2023-10-01T00:11:26+00:00,Sensor_D,13.09
2023-10-01T00:11:27+00:00,Sensor_D,68.02
2023-10-01T00:11:28+00:00,Sensor_B,29.69
2023-10-01T00:11:29+00:00,Sensor_A,73.45
2023-10-01T00:11:30+00:00,Sensor_A,22.35
2023-10-01T00:11:31+00:00,Sensor_D,91.2
2023-10-01T00:11:32+00:00,Sensor_B,74.68
2023-10-01T00:11:33+00:00,Sensor_D,25.91
2023-10-01T00:11:34+00:00,Sensor_A,15.23
2023-10-01T00:11:35+00:00,Sensor_D,63.95
2023-10-01T00:11:36+00:00,Sensor_B,23.55
2023-10-01T00:11:37+00:00,Sensor_D,29.58
2023-10-01T00:11:38+00:00,Sensor_A,46.17
2023-10-01T00:11:39+00:00,Sensor_B,55.74
2023-10-01T00:11:40+00:00,Sensor_D,1.12
2023-10-01T00:11:41+00:00,Sensor_A,19.59
2023-10-01T00:11:42+00:00,Sensor_D,53.2
2023-10-01T00:11:43+00:00,Sensor_D,63.49
2023-10-01T00:11:44+00:00,Sensor_C,18.47
2023-10-01T00:11:45+00:00,Sensor_A,31.52
2023-10-01T00:11:46+00:00,Sensor_D,56.63
2023-10-01T00:11:47+00:00,Sensor_D,12.49
2023-10-01T00:11:48+00:00,Sensor_A,21.96
2023-10-01T00:11:49+00:00,Sensor_D,11.63
2023-10-01T00:11:50+00:00,Sensor_B,88.67
2023-10-01T00:11:51+00:00,感測器甲,43.94
2023-10-01T00:11:52+00:00,Sensor_A,75.65
2023-10-01T00:11:53+00:00,Sensor_C,56.84
2023-10-01T00:11:54+00:00,Sensor_A,97.48
2023-10-01T00:11:55+00:00,Sensor_C,63.33
2023-10-01T00:11:56+00:00,Sensor_C,72.48
2023-10-01T00:11:57+00:00,Sensor_A,68.08
2023-10-01T00:11:58+00:00,Sensor_C,24.97
2023-10-01T00:11:59+00:00,Sensor_D,13.34
2023-10-01T00:12:00+00:00,Sensor_D,4.51
2023-10-01T00:12:01+00:00,Sensor_C,92.84
2023-10-01T00:12:02+00:00,Sensor_D,80.91
2023-10-01T00:12:03+00:00,Sensor_D,52.64
2023-10-01T00:12:04+00:00,Sensor_C,13.52
2023-10-01T00:12:05+00:00,Sensor_A,76.23
2023-10-01T00:12:06+00:00,Sensor_B,5.91
2023-10-01T00:12:07+00:00,Sensor_A,4.34
2023-10-01T00:12:08+00:00,Sensor_D,67.08
2023-10-01T00:12:09+00:00,Sensor_C,18.61
2023-10-01T00:12:10+00:00,Sensor_B,97.41
2023-10-01T00:12:11+00:00,Sensor_A,94.44
2023-10-01T00:12:12+00:00,Sensor_A,47.79
2023-10-01T00:12:13+00:00,Sensor_A,48.36
時間錯誤,Sensor_B,20.73
2023-10-01T00:12:15+00:00,Sensor_A,10.5.2.1
2023-10-01T00:12:16+00:00,Sensor_A,34.9
2023-10-01T00:12:17+00:00,Sensor_D,59.96
2023-10-01T00:12:18+00:00,Sensor_D,30.06
2023-10-01T00:12:19+00:00,Sensor_D,數值錯誤
2023-10-01T00:12:20+00:00,Sensor_A,39.31
2023-10-01T00:12:21+00:00,Sensor_C,69.07
2023-10-01T00:12:22+00:00,Sensor_B,ABC
2023-10-01T00:12:23+00:00,Sensor_C,1.55
2023-10-01T00:12:24+00:00,Sensor_C,10.85
2023-10-01T00:12:25+00:00,Sensor_B,65.9
2023-10-01T00:12:26+00:00,Sensor_B,59.62
2023-10-01T00:12:27+00:00,Sensor_B,3.17
2023-10-01T00:12:28+00:00,Sensor_C,93.88
2023-10-01T00:12:29+00:00,센서_A,57.81
2023-10-01T00:12:30+00:00,Sensor_B,13.65
2023-10-01T00:12:31+00:00,Sensor_B,57.71
2023-10-01T00:12:32+00:00,Sensor_D,58.34
2023-10-01T00:12:33+00:00,Sensor_A,58.1
2023-10-01T00:12:34+00:00,Sensor_D,52.48
2023-10-01T00:12:35+00:00,Sensor_A,49.94
2023-10-01T00:12:36+00:00,Sensor_D,65.6
2023-10-01T00:12:37+00:00,Sensor_B,10.5.2.1
invalid_time,Sensor_B,55.59
2023-10-01T00:12:39+00:00,Sensor_B,14.16
2023-10-01T00:12:40+00:00,Sensor_D,24.23
2023-10-01T00:12:41+00:00,Sensor_C,7.82
2023-10-01T00:12:42+00:00,Sensor_D,70.65
2023-10-01T00:12:43+00:00,Sensor_A,66.36
2023-10-01T00:12:44+00:00,Sensor_A,53.51
2023-10-01T00:12:45+00:00,Sensor_D,33.69
invalid_time,Sensor_C,58.19
2023-10-01T00:12:47+00:00,Sensor_C,81.3
2023-10-01T00:12:48+00:00,Sensor_D,40.92
2023-10-01T00:12:49+00:00,Sensor_B,40.57
2023-10-01T00:12:50+00:00,Sensor_A,82.1
2023-10-01T00:12:51+00:00,Sensor_B,14.62
2023-10-01T00:12:52+00:00,Sensor_B,82.39
2023-10-01T00:12:53+00:00,Sensor_A,61.25
2023-10-01T00:12:54+00:00,Sensor_D,33.14
2023-10-01T00:12:55+00:00,Sensor_B,57.33
2023-10-01T00:12:56+00:00,Sensor_C,47.1
2023-10-01T00:12:57+00:00,Sensor_D,2.24
2023-10-01T00:12:58+00:00,Sensor_B,43.75
2023-10-01T00:12:59+00:00,Sensor_C,28.72
2023-10-01T00:13:00+00:00,Sensor_B,95.23
2023-10-01T00:13:01+00:00,Sensor_D,83.85
2023-10-01T00:13:02+00:00,sénsor#@!,76.41
2023-10-01T00:13:03+00:00,Sensor_B,57.85
2023-10-01T00:13:04+00:00,Sensor_D,10.5.2.1
2023-10-01T00:13:05+00:00,Sensor_D,67.78
2023-10-01T00:13:06+00:00,Sensor_A,84.16
2023-10-01T00:13:07+00:00,Sensor_B,10.5.2.1
2023-10-01T00:13:08+00:00,Sensor_C,37.61
2023-10-01T00:13:09+00:00,Sensor_C,38.07
2023-10-01T00:13:10+00:00,Sensor_C,36.78
2023-10-01T00:13:11+00:00,Sensor_D,82.3
2023-10-01T00:13:12+00:00,Sensor_D,10.5.2.1
2023-10-01T00:13:13+00:00,Sensor_D,29.3
2023-10-01T00:13:14+00:00,Sensor_D,70.58
2023-10-01T00:13:15+00:00,Sensor_A,57.5
2023-10-01T00:13:16+00:00,Sensor_D,85.82
2023-10-01T00:13:17+00:00,Sensor_A,34.89
2023-10-01T00:13:18+00:00,Sensor_A,80.07
2023-10-01T00:13:19+00:00,Sensor_D,60.59
2023-10-01T00:13:20+00:00,Sensor_D,86.38
2023-10-01T00:13:21+00:00,Sensor_B,44.06
2023-10-01T00:13:22+00:00,Sensor_C,41.84
2023-10-01T00:13:23+00:00,Sensor_B,2.67
2023-10-01T00:13:24+00:00,Sensor_C,44.11
2023-10-01T00:13:25+00:00,Sensor_A,26.45
2023-10-01T00:13:26+00:00,Sensor_C,63.04
2023-10-01T00:13:27+00:00,Sensor_C,75.69
2023-10-01T00:13:28+00:00,Sensor_B,91.97
2023-10-01T00:13:29+00:00,Sensor_A,97.99
2023-10-01T00:13:30+00:00,Sensor_A,63.58
2023-10-01T00:13:31+00:00,Sensor_C,47.73
2023-10-01T00:13:32+00:00,Sensor_A,51.55
2023-10-01T00:13:33+00:00,Sensor_C,2.39
2023-10-01T00:13:34+00:00,Sensor_C,89.38
2023-10-01T00:13:35+00:00,Sensor_A,82.92
2023-10-01T00:13:36+00:00,Sensor_D,36.82
2023-10-01T00:13:37+00:00,Sensor_B,74.74
2023-10-01T00:13:38+00:00,Sensor_B,65.87
2023-10-01T00:13:39+00:00,Sensor_C,62.49
2023-10-01T00:13:40+00:00,Sensor_A,78.21
2023-10-01T00:13:41+00:00,感測器甲,11.78
2023-10-01T00:13:42+00:00,Sensor_B,數值錯誤
2023-10-01T00:13:43+00:00,Sensor_A,98.74
2023-10-01T00:13:44+00:00,センサー_1,55.46
2023-10-01T00:13:45+00:00,Sensor_B,8.72
2023-10-01T00:13:46+00:00,Sensor_B,13.13
2023-10-01T00:13:47+00:00,Sensor_D,98.72
2023-10-01T00:13:48+00:00,Sensor_D,44.87
2023-10-01T00:13:49+00:00,Sensor_C,30.52
2023-10-01T00:13:50+00:00,Sensor_D,38.73
2023-10-01T00:13:51+00:00,Sensor_A,50.12
2023-10-01T00:13:52+00:00,Sensor_D,35.09
2023-10-01T00:13:53+00:00,Sensor_B,28.23
2023-10-01T00:13:54+00:00,Sensor_C,98.24
2023-10-01T00:13:55+00:00,Sensor_D,數值錯誤
2023-10-01T00:13:56+00:00,Sensor_D,71.99
2023-10-01T00:13:57+00:00,Sensor_A,68.85
2023-10-01T00:13:58+00:00,Sensor_A,21.7
2023-10-01T00:13:59+00:00,Sensor_D,81.27
2023-10-01T00:14:00+00:00,Sensor_C,60.01
2023-10-01T00:14:01+00:00,Sensor_B,53.99
2023-10-01T00:14:02+00:00,Sensor_A,92.13
2023-10-01T00:14:03+00:00,Sensor_D,22.47
2023-10-01T00:14:04+00:00,Sensor_B,31.36
2023-10-01T00:14:05+00:00,Sensor_B,3.1415926535897932384
2023-10-01T00:14:06+00:00,Sensor_D,76.75
2023-10-01T00:14:07+00:00,Sensor_B,62.24
2023-10-01T00:14:08+00:00,Sensor_C,70.37
2023-10-01T00:14:09+00:00,Sensor_C,74.16
2023-10-01T00:14:10+00:00,Sensor_A,98.33
2023-10-01T00:14:11+00:00,Sensor_A,41.8
2023-10-01T00:14:12+00:00,sénsor#@!,62.87
2023-10-01T00:14:13+00:00,Sensor_D,16.27
2023-10-01T00:14:14+00:00,Sensor_B,數值錯誤
2023-10-01T00:14:15+00:00,Sensor_A,76.96
2023-10-01T00:14:16+00:00,Sensor_B,40.39
2023-10-01T00:14:17+00:00,Sensor_C,41.51
2023-10-01T00:14:18+00:00,Sensor_D,30.92
2023-10-01T00:14:19+00:00,Sensor_C,41.3
2023-10-01T00:14:20+00:00,Sensor_D,22.5
2023-10-01T00:14:21+00:00,Sensor_A,1.25
2023-10-01T00:14:22+00:00,Sensor_D,64.4
2023-10-01T00:14:23+00:00,Sensor_C,18.73
2023-10-01T00:14:24+00:00,Sensor_B,96.48
2023-10-01T00:14:25+00:00,センサー_1,42.34
2023-10-01T00:14:26+00:00,Sensor_B,10.72
2023-10-01T00:14:27+00:00,Sensor_C,67.05
2023-10-01T00:14:28+00:00,Sensor_D,43.09
2023-10-01T00:14:29+00:00,Sensor_D,10.91
2023-10-01T00:14:30+00:00,Sensor_C,74.23
2023-10-01T00:14:31+00:00,Sensor_D,37.89
2023-10-01T00:14:32+00:00,Sensor_A,27.94
2023-10-01T00:14:33+00:00,Sensor_C,51.05
2023-10-01T00:14:34+00:00,Sensor_C,63.78
2023-10-01T00:14:35+00:00,Sensor_C,94.21
2023-10-01T00:14:36+00:00,Sensor_D,10.5.2.1
2023-10-01T00:14:37+00:00,Sensor_D,24.11
2023-10-01T00:14:38+00:00,Sensor_A,4.9
2023-10-01T00:14:39+00:00,Sensor_D,59.63
2023-10-01T00:14:40+00:00,Sensor_C,49.45
invalid_time,Sensor_C,34.24
2023-10-01T00:14:42+00:00,Sensor_D,72.2
2023-10-01T00:14:43+00:00,Sensor_D,10.5.2.1
2023-10-01T00:14:44+00:00,Sensor_B,65.92
2023-10-01T00:14:45+00:00,Sensor_D,80.24
2023-10-01T00:14:46+00:00,センサー_1,22.37
2023-10-01T00:14:47+00:00,Sensor_D,3.1415926535897932384
2023-10-01T00:14:48+00:00,Sensor_D,83.77
2023-10-01T00:14:49+00:00,Sensor_A,38.74
2023-10-01T00:14:50+00:00,Sensor_C,35.77
2023-10-01T00:14:51+00:00,Sensor_A,11.11
2023-10-01T00:14:52+00:00,Sensor_C,42.03
2023-10-01T00:14:53+00:00,Sensor_A,73.67
2023-10-01T00:14:54+00:00,Sensor_D,56.19
2023-10-01T00:14:55+00:00,Sensor_B,44.07
2023-10-01T00:14:56+00:00,Sensor_D,28.54
2023-10-01T00:14:57+00:00,Sensor_D,40.82
2023-10-01T00:14:58+00:00,Sensor_A,47.08
2023-10-01T00:14:59+00:00,Sensor_B,93.18
2023-10-01T00:15:00+00:00,Sensor_A,50.95
2023-99-99,Sensor_D,39.25
2023-10-01T00:15:02+00:00,Sensor_C,33.04
2023-10-01T00:15:03+00:00,Sensor_C,38.41
2023-10-01T00:15:04+00:00,Sensor_D,6.79
2023-10-01T00:15:05+00:00,Sensor_D,46.01
2023-10-01T00:15:06+00:00,Sensor_D,52.02
2023-10-01T00:15:07+00:00,Sensor_D,34.8
2023-10-01T00:15:08+00:00,Sensor_D,not_a_number
2023-10-01T00:15:09+00:00,Sensor_B,87.88
2023-10-01T00:15:10+00:00,Sensor_D,90.01
2023-10-01T00:15:11+00:00,Sensor_D,67.84
2023-10-01T00:15:12+00:00,Sensor_A,37.48
2023-10-01T00:15:13+00:00,Sensor_D,32.49
2023-10-01T00:15:14+00:00,Sensor_D,1.07
2023-10-01T00:15:15+00:00,Sensor_A,16.33
2023-10-01T00:15:16+00:00,Sensor_B,74.95
2023-10-01T00:15:17+00:00,Sensor_B,95.19
2023-10-01T00:15:18+00:00,Sensor_D,30.31
2023-10-01T00:15:19+00:00,Sensor_C,68.51
2023-10-01T00:15:20+00:00,Sensor_D,39.79
2023-10-01T00:15:21+00:00,Sensor_A,42.33
2023-10-01T00:15:22+00:00,Sensor_C,74.52
2023-10-01T00:15:23+00:00,Sensor_B,94.1
2023-10-01T00:15:24+00:00,Sensor_B,86.67
2023-10-01T00:15:25+00:00,Sensor_B,10.5.2.1
2023-10-01T00:15:26+00:00,Sensor_A,61.53
2023-10-01T00:15:27+00:00,Sensor_A,25.16
2023-10-01T00:15:28+00:00,Sensor_C,數值錯誤
2023-10-01T00:15:29+00:00,Sensor_B,52.0
2023-10-01T00:15:30+00:00,Sensor_A,76.05
???,Sensor_D,87.12
2023-10-01T00:15:32+00:00,Sensor_A,6.85
2023-10-01T00:15:33+00:00,Sensor_D,31.69
2023-10-01T00:15:34+00:00,Sensor_A,54.08
2023-10-01T00:15:35+00:00,Sensor_A,25.87
2023-10-01T00:15:36+00:00,Sensor_D,85.04
2023-10-01T00:15:37+00:00,Sensor_C,33.77
2023-10-01T00:15:38+00:00,Sensor_B,38.26
2023-10-01T00:15:39+00:00,Sensor_B,77.74
2023-10-01T00:15:40+00:00,Sensor_B,10.5.2.1
2023-10-01T00:15:41+00:00,Sensor_B,5.9
2023-10-01T00:15:42+00:00,Sensor_B,52.06
2023-10-01T00:15:43+00:00,Sensor_C,94.38
2023-10-01T00:15:44+00:00,Sensor_A,3.1415926535897932384
2023-10-01T00:15:45+00:00,Sensor_B,52.45
2023-10-01T00:15:46+00:00,Sensor_C,37.63
2023-10-01T00:15:47+00:00,Sensor_B,78.54
2023-10-01T00:15:48+00:00,Sensor_B,48.67
2023-10-01T00:15:49+00:00,Sensor_C,5.31
2023-10-01T00:15:50+00:00,Sensor_B,62.86
2023-99-99,Sensor_A,91.38
2023-10-01T00:15:52+00:00,Sensor_A,71.66
2023-10-01T00:15:53+00:00,Sensor_B,37.5
2023-10-01T00:15:54+00:00,Sensor_D,28.04
2023-10-01T00:15:55+00:00,Sensor_D,55.29
2023-10-01T00:15:56+00:00,Sensor_A,22.6
2023-10-01T00:15:57+00:00,Sensor_B,25.54
2023-10-01T00:15:58+00:00,Sensor_C,53.43
2023-10-01T00:15:59+00:00,Sensor_B,18.95
2023-10-01T00:16:00+00:00,Sensor_C,78.82
2023-10-01T00:16:01+00:00,Sensor_D,6.18
2023-10-01T00:16:02+00:00,Sensor_C,53.02
2023-10-01T00:16:03+00:00,Sensor_D,96.77
2023-10-01T00:16:04+00:00,Sensor_A,90.92
2023-10-01T00:16:05+00:00,Sensor_A,97.53
invalid_time,Sensor_A,95.21
2023-10-01T00:16:07+00:00,Sensor_C,97.2
2023-10-01T00:16:08+00:00,Sensor_C,89.65
2023-10-01T00:16:09+00:00,Sensor_C,20.46
2023-10-01T00:16:10+00:00,Sensor_C,63.37
2023-10-01T00:16:11+00:00,Sensor_B,49.64
2023-10-01T00:16:12+00:00,Sensor_A,99.31
2023-10-01T00:16:13+00:00,Sensor_A,49.97
2023-10-01T00:16:14+00:00,Sensor_B,60.46
2023-10-01T00:16:15+00:00,Sensor_D,3.1415926535897932384
2023-10-01T00:16:16+00:00,Sensor_D,36.82
2023-10-01T00:16:17+00:00,Sensor_B,84.03
2023-10-01T00:16:18+00:00,Sensor_D,94.03
2023-10-01T00:16:19+00:00,Sensor_D,85.98
2023-10-01T00:16:20+00:00,Sensor_C,5.79
2023-10-01T00:16:21+00:00,Sensor_D,65.03
2023-10-01T00:16:22+00:00,Sensor_C,43.2
2023-10-01T00:16:23+00:00,感測器甲,17.89
2023-10-01T00:16:24+00:00,Sensor_C,93.59
2023-10-01T00:16:25+00:00,Sensor_A,49.13
2023-10-01T00:16:26+00:00,Sensor_B,53.77
2023-10-01T00:16:27+00:00,Sensor_B,43.62
時間錯誤,Sensor_A,57.68
2023-10-01T00:16:29+00:00,Sensor_D,17.71
2023-10-01T00:16:30+00:00,Sensor_A,59.01
2023-10-01T00:16:31+00:00,Sensor_A,數值錯誤
2023-10-01T00:16:32+00:00,Sensor_B,0.59
2023-10-01T00:16:33+00:00,Sensor_B,14.14
2023-10-01T00:16:34+00:00,Sensor_B,26.95
2023-10-01T00:16:35+00:00,Sensor_D,56.33
2023-10-01T00:16:36+00:00,Sensor_A,22.37
2023-10-01T00:16:37+00:00,Sensor_C,5.52
2023-10-01T00:16:38+00:00,Sensor_C,19.62
2023-10-01T00:16:39+00:00,Sensor_C,44.8
2023-10-01T00:16:40+00:00,Sensor_D,27.75
2023-10-01T00:16:41+00:00,Sensor_C,37.2
2023-10-01T00:16:42+00:00,Sensor_D,74.65
2023-10-01T00:16:43+00:00,Sensor_A,18.99
2023-10-01T00:16:44+00:00,Sensor_B,30.03
2023-10-01T00:16:45+00:00,Sensor_B,58.78
2023-10-01T00:16:46+00:00,Sensor_A,59.48
2023-10-01T00:16:47+00:00,Sensor_A,42.4
2023-10-01T00:16:48+00:00,Sensor_D,10.5.2.1
2023-10-01T00:16:49+00:00,Sensor_D,58.27
2023-10-01T00:16:50+00:00,Sensor_C,15.61
2023-10-01T00:16:51+00:00,Sensor_A,28.42
2023-10-01T00:16:52+00:00,Sensor_D,80.87
2023-10-01T00:16:53+00:00,Sensor_A,數值錯誤
2023-10-01T00:16:54+00:00,Sensor_C,34.02
2023-10-01T00:16:55+00:00,感測器甲,65.08
2023-10-01T00:16:56+00:00,Sensor_B,60.88
2023-10-01T00:16:57+00:00,Sensor_C,35.79
2023-10-01T00:16:58+00:00,Sensor_A,89.98
2023-10-01T00:16:59+00:00,Sensor_B,3.12
2023-10-01T00:17:00+00:00,Sensor_D,66.81
2023-10-01T00:17:01+00:00,Sensor_C,95.13
2023-10-01T00:17:02+00:00,Sensor_C,3.1415926535897932384
2023-10-01T00:17:03+00:00,Sensor_D,52.75
2023-10-01T00:17:04+00:00,Sensor_C,30.18
2023-10-01T00:17:05+00:00,Sensor_C,0.39
2023-10-01T00:17:06+00:00,Sensor_D,26.47
2023-10-01T00:17:07+00:00,Sensor_D,94.65
2023-10-01T00:17:08+00:00,Sensor_C,3.1415926535897932384
2023-10-01T00:17:09+00:00,Sensor_D,68.43
2023-10-01T00:17:10+00:00,Sensor_A,32.11
2023-10-01T00:17:11+00:00,Sensor_D,9.94
2023-10-01T00:17:12+00:00,Sensor_A,59.75
2023-10-01T00:17:13+00:00,Sensor_C,65.09
2023-10-01T00:17:14+00:00,Sensor_D,10.5.2.1
2023-10-01T00:17:15+00:00,Sensor_C,95.28
2023-10-01T00:17:16+00:00,Sensor_C,30.8
2023-10-01T00:17:17+00:00,Sensor_D,0.16
2023-10-01T00:17:18+00:00,Sensor_B,40.34
2023-10-01T00:17:19+00:00,Sensor_B,88.53
2023-10-01T00:17:20+00:00,Sensor_D,60.95
2023-10-01T00:17:21+00:00,Sensor_C,5.96
2023-10-01T00:17:22+00:00,Sensor_C,9.02
2023-10-01T00:17:23+00:00,Sensor_A,15.21
2023-10-01T00:17:24+00:00,Sensor_D,19.45
2023-10-01T00:17:25+00:00,Sensor_C,49.36
2023-10-01T00:17:26+00:00,Sensor_C,10.22
2023-10-01T00:17:27+00:00,Sensor_A,42.27
2023-10-01T00:17:28+00:00,Sensor_B,53.95
2023-10-01T00:17:29+00:00,Sensor_D,43.47
2023-10-01T00:17:30+00:00,Sensor_C,80.96
2023-10-01T00:17:31+00:00,Sensor_D,81.11
2023-10-01T00:17:32+00:00,Sensor_B,29.3
2023-10-01T00:17:33+00:00,Sensor_C,38.09
2023-10-01T00:17:34+00:00,感測器甲,1.42
2023-10-01T00:17:35+00:00,Sensor_B,80.38
2023-10-01T00:17:36+00:00,Sensor_A,79.48
2023-10-01T00:17:37+00:00,Sensor_A,94.69
2023-10-01T00:17:38+00:00,Sensor_D,6.63
2023-10-01T00:17:39+00:00,Sensor_D,30.14
2023-10-01T00:17:40+00:00,Sensor_A,ABC
2023-10-01T00:17:41+00:00,Sensor_A,83.06
2023-10-01T00:17:42+00:00,Sensor_C,92.45
2023-10-01T00:17:43+00:00,Sensor_D,31.69
2023-10-01T00:17:44+00:00,Sensor_C,14.48
2023-10-01T00:17:45+00:00,Sensor_A,90.98
2023-10-01T00:17:46+00:00,Sensor_D,9.03
2023-10-01T00:17:47+00:00,Sensor_C,67.65
2023-10-01T00:17:48+00:00,Sensor_A,54.67
2023-10-01T00:17:49+00:00,Sensor_D,38.05
2023-10-01T00:17:50+00:00,Sensor_C,29.13
2023-10-01T00:17:51+00:00,Sensor_D,46.39
2023-10-01T00:17:52+00:00,Sensor_B,62.61
2023-10-01T00:17:53+00:00,Sensor_B,47.17
2023-10-01T00:17:54+00:00,Sensor_A,92.5
2023-10-01T00:17:55+00:00,Sensor_A,57.29
2023-10-01T00:17:56+00:00,Sensor_A,44.52
2023-10-01T00:17:57+00:00,Sensor_C,30.59
2023-10-01T00:17:58+00:00,Sensor_B,19.8
2023-10-01T00:17:59+00:00,Sensor_A,14.58
2023-10-01T00:18:00+00:00,Sensor_D,85.72
2023-10-01T00:18:01+00:00,Sensor_B,83.37
2023-10-01T00:18:02+00:00,Sensor_A,36.48
2023-10-01T00:18:03+00:00,Sensor_A,78.94
2023-10-01T00:18:04+00:00,Sensor_B,97.18
2023-10-01T00:18:05+00:00,Sensor_D,74.51
2023-10-01T00:18:06+00:00,Sensor_B,3.1415926535897932384
2023-10-01T00:18:07+00:00,Sensor_B,33.84
2023-10-01T00:18:08+00:00,Sensor_A,98.82
2023-10-01T00:18:09+00:00,Sensor_B,80.71
2023-10-01T00:18:10+00:00,Sensor_D,90.65
2023-10-01T00:18:11+00:00,Sensor_D,62.89
2023-10-01T00:18:12+00:00,Sensor_B,16.54
2023-10-01T00:18:13+00:00,Sensor_A,37.97
2023-10-01T00:18:14+00:00,Sensor_C,3.1415926535897932384
2023-10-01T00:18:15+00:00,Sensor_C,57.86
2023-10-01T00:18:16+00:00,Sensor_C,50.66
2023-10-01T00:18:17+00:00,Sensor_D,0.68
2023-10-01T00:18:18+00:00,Sensor_A,96.38
invalid_time,Sensor_D,4.7
2023-10-01T00:18:20+00:00,Sensor_D,20.43
2023-10-01T00:18:21+00:00,センサー_1,37.52
2023-10-01T00:18:22+00:00,Sensor_A,78.39
2023-10-01T00:18:23+00:00,Sensor_C,27.5
2023-10-01T00:18:24+00:00,Sensor_C,0.4
2023-10-01T00:18:25+00:00,Sensor_B,31.52
2023-10-01T00:18:26+00:00,Sensor_C,not_a_number
2023-10-01T00:18:27+00:00,感測器甲,81.88
2023-10-01T00:18:28+00:00,Sensor_B,92.42
2023-10-01T00:18:29+00:00,Sensor_A,90.55
2023-10-01T00:18:30+00:00,Sensor_B,42.77
2023-10-01T00:18:31+00:00,Sensor_A,7.38
2023-10-01T00:18:32+00:00,Sensor_D,3.81
2023-10-01T00:18:33+00:00,Sensor_A,16.05
2023-10-01T00:18:34+00:00,Sensor_C,43.56
2023-10-01T00:18:35+00:00,Sensor_A,5.19
2023-10-01T00:18:36+00:00,Sensor_D,63.98
2023-10-01T00:18:37+00:00,Sensor_D,21.7
2023-10-01T00:18:38+00:00,Sensor_B,77.86
2023-10-01T00:18:39+00:00,Sensor_C,15.14
2023-10-01T00:18:40+00:00,Sensor_A,10.5.2.1
2023-10-01T00:18:41+00:00,Sensor_D,5.42
2023-10-01T00:18:42+00:00,Sensor_B,19.02
2023-10-01T00:18:43+00:00,Sensor_C,28.29
2023-10-01T00:18:44+00:00,Sensor_D,33.25
2023-10-01T00:18:45+00:00,Sensor_C,27.63
2023-10-01T00:18:46+00:00,Sensor_C,18.35
2023-10-01T00:18:47+00:00,Sensor_C,19.1
2023-10-01T00:18:48+00:00,Sensor_D,75.65
2023-10-01T00:18:49+00:00,Sensor_B,2.41
2023-10-01T00:18:50+00:00,Sensor_C,55.92
2023-10-01T00:18:51+00:00,Sensor_B,81.14
2023-10-01T00:18:52+00:00,Sensor_D,43.94
2023-10-01T00:18:53+00:00,Sensor_D,96.87
2023-10-01T00:18:54+00:00,Sensor_A,65.06
2023-10-01T00:18:55+00:00,Sensor_A,53.89
2023-10-01T00:18:56+00:00,Sensor_A,24.96
2023-10-01T00:18:57+00:00,Sensor_A,93.8
2023-10-01T00:18:58+00:00,Sensor_A,70.22
2023-10-01T00:18:59+00:00,Sensor_B,50.84
2023-10-01T00:19:00+00:00,Sensor_A,73.36
2023-10-01T00:19:01+00:00,Sensor_D,66.24
2023-10-01T00:19:02+00:00,Sensor_C,62.14
2023-10-01T00:19:03+00:00,Sensor_D,46.95
2023-10-01T00:19:04+00:00,Sensor_A,67.64
2023-10-01T00:19:05+00:00,Sensor_A,69.02
2023-10-01T00:19:06+00:00,Sensor_A,41.99
2023-10-01T00:19:07+00:00,Sensor_D,91.73
2023-10-01T00:19:08+00:00,Sensor_D,85.97
2023-10-01T00:19:09+00:00,Sensor_B,71.08
2023-10-01T00:19:10+00:00,Sensor_C,66.0
???,Sensor_D,16.68
2023-10-01T00:19:12+00:00,Sensor_C,61.47
2023-10-01T00:19:13+00:00,Sensor_C,86.68
2023-10-01T00:19:14+00:00,Sensor_D,19.87
2023-10-01T00:19:15+00:00,Sensor_D,37.5
2023-10-01T00:19:16+00:00,Sensor_A,1.55
2023-10-01T00:19:17+00:00,Sensor_A,5.57
2023-10-01T00:19:18+00:00,Sensor_B,88.06
2023-10-01T00:19:19+00:00,Sensor_A,91.4
2023-10-01T00:19:20+00:00,Sensor_D,24.56
2023-10-01T00:19:21+00:00,Sensor_A,70.14
2023-10-01T00:19:22+00:00,Sensor_A,63.91
2023-10-01T00:19:23+00:00,Sensor_A,32.33
2023-10-01T00:19:24+00:00,Sensor_D,52.61
2023-10-01T00:19:25+00:00,Sensor_A,92.44
2023-10-01T00:19:26+00:00,Sensor_B,22.06
2023-10-01T00:19:27+00:00,Sensor_B,39.77
2023-10-01T00:19:28+00:00,Sensor_D,72.27
2023-10-01T00:19:29+00:00,Sensor_C,20.82
2023-10-01T00:19:30+00:00,Sensor_B,ABC
2023-10-01T00:19:31+00:00,Sensor_A,57.03
2023-10-01T00:19:32+00:00,Sensor_B,33.51
2023-10-01T00:19:33+00:00,Sensor_D,70.31
2023-10-01T00:19:34+00:00,Sensor_B,10.5.2.1
2023-10-01T00:19:35+00:00,Sensor_A,71.33
2023-10-01T00:19:36+00:00,Sensor_D,45.21
2023-10-01T00:19:37+00:00,Sensor_D,87.05
2023-10-01T00:19:38+00:00,Sensor_A,56.89
2023-10-01T00:19:39+00:00,Sensor_B,69.31
2023-10-01T00:19:40+00:00,Sensor_B,31.29
2023-10-01T00:19:41+00:00,Sensor_D,13.45
2023-10-01T00:19:42+00:00,Sensor_D,88.24
2023-10-01T00:19:43+00:00,Sensor_A,84.65
2023-10-01T00:19:44+00:00,Sensor_B,44.68
2023-10-01T00:19:45+00:00,Sensor_B,34.72
2023-10-01T00:19:46+00:00,Sensor_A,7.31
2023-10-01T00:19:47+00:00,Sensor_C,not_a_number
2023-10-01T00:19:48+00:00,Sensor_A,59.65
2023-10-01T00:19:49+00:00,Sensor_A,數值錯誤
2023-10-01T00:19:50+00:00,Sensor_B,3.1415926535897932384
2023-10-01T00:19:51+00:00,Sensor_A,17.34
2023-10-01T00:19:52+00:00,Sensor_A,30.57
2023-10-01T00:19:53+00:00,Sensor_D,30.02
2023-10-01T00:19:54+00:00,Sensor_A,3.37
2023-10-01T00:19:55+00:00,Sensor_B,8.92
2023-10-01T00:19:56+00:00,Sensor_B,88.6
2023-99-99,Sensor_A,96.44
2023-10-01T00:19:58+00:00,Sensor_D,43.56
2023-10-01T00:19:59+00:00,センサー_1,53.87
2023-10-01T00:20:00+00:00,Sensor_B,17.81
2023-10-01T00:20:01+00:00,Sensor_B,62.14
2023-10-01T00:20:02+00:00,Sensor_A,62.22
2023-10-01T00:20:03+00:00,Sensor_C,15.51
2023-10-01T00:20:04+00:00,Sensor_A,97.39
2023-10-01T00:20:05+00:00,Sensor_D,55.31
2023-10-01T00:20:06+00:00,Sensor_C,1.51
2023-10-01T00:20:07+00:00,Sensor_A,79.93
2023-10-01T00:20:08+00:00,Sensor_B,11.09
2023-10-01T00:20:09+00:00,Sensor_C,5.56
2023-10-01T00:20:10+00:00,🔥Sensor,3.35
2023-10-01T00:20:11+00:00,Sensor_A,43.18
2023-10-01T00:20:12+00:00,Sensor_A,46.13
2023-10-01T00:20:13+00:00,Sensor_D,44.65
2023-10-01T00:20:14+00:00,Sensor_C,99.76
2023-10-01T00:20:15+00:00,Sensor_B,61.59
2023-10-01T00:20:16+00:00,Sensor_A,4.43
2023-10-01T00:20:17+00:00,Sensor_C,9.26
2023-99-99,Sensor_A,1.99
2023-10-01T00:20:19+00:00,Sensor_B,54.94
2023-99-99,Sensor_A,44.7
2023-10-01T00:20:21+00:00,Sensor_A,88.55
2023-10-01T00:20:22+00:00,Sensor_A,29.23
2023-10-01T00:20:23+00:00,Sensor_A,47.18
2023-10-01T00:20:24+00:00,Sensor_B,60.06
2023-10-01T00:20:25+00:00,Sensor_A,70.72
2023-10-01T00:20:26+00:00,Sensor_A,12.32
2023-10-01T00:20:27+00:00,Sensor_B,96.92
2023-10-01T00:20:28+00:00,Sensor_C,44.29
2023-10-01T00:20:29+00:00,Sensor_A,6.58
2023-10-01T00:20:30+00:00,Sensor_D,25.29
2023-10-01T00:20:31+00:00,Sensor_B,57.92
2023-10-01T00:20:32+00:00,Sensor_C,10.5.2.1
2023-10-01T00:20:33+00:00,Sensor_A,93.47
2023-10-01T00:20:34+00:00,Sensor_D,40.35
2023-10-01T00:20:35+00:00,Sensor_A,3.1415926535897932384
2023-10-01T00:20:36+00:00,Sensor_C,8.41
2023-10-01T00:20:37+00:00,Sensor_A,8.32
2023-10-01T00:20:38+00:00,Sensor_B,97.82
2023-10-01T00:20:39+00:00,Sensor_B,68.3
2023-10-01T00:20:40+00:00,Sensor_B,89.73
2023-10-01T00:20:41+00:00,Sensor_A,52.93
2023-10-01T00:20:42+00:00,Sensor_C,30.44
2023-10-01T00:20:43+00:00,Sensor_B,2.37
2023-10-01T00:20:44+00:00,Sensor_A,35.18
2023-10-01T00:20:45+00:00,Sensor_C,30.86
2023-10-01T00:20:46+00:00,Sensor_C,98.59
2023-10-01T00:20:47+00:00,Sensor_B,79.16
2023-10-01T00:20:48+00:00,Sensor_A,47.91
2023-10-01T00:20:49+00:00,Sensor_C,54.01
2023-10-01T00:20:50+00:00,Sensor_A,0.13
2023-10-01T00:20:51+00:00,Sensor_D,10.5.2.1
2023-10-01T00:20:52+00:00,Sensor_A,41.08
2023-10-01T00:20:53+00:00,Sensor_A,77.95
2023-10-01T00:20:54+00:00,Sensor_C,47.66
2023-10-01T00:20:55+00:00,Sensor_A,17.21
2023-10-01T00:20:56+00:00,Sensor_B,55.48
2023-10-01T00:20:57+00:00,Sensor_B,46.08
2023-10-01T00:20:58+00:00,Sensor_A,10.5.2.1
2023-10-01T00:20:59+00:00,Sensor_D,25.19
2023-10-01T00:21:00+00:00,Sensor_C,15.77
2023-10-01T00:21:01+00:00,Sensor_A,42.48
2023-10-01T00:21:02+00:00,Sensor_D,95.3
2023-10-01T00:21:03+00:00,Sensor_C,79.16
2023-10-01T00:21:04+00:00,Sensor_D,72.63
時間錯誤,Sensor_C,43.27
2023-10-01T00:21:06+00:00,Sensor_A,99.98
2023-10-01T00:21:07+00:00,Sensor_B,12.51
2023-10-01T00:21:08+00:00,Sensor_A,22.35
2023-10-01T00:21:09+00:00,Sensor_A,13.35
2023-10-01T00:21:10+00:00,Sensor_B,45.51
2023-10-01T00:21:11+00:00,Sensor_C,80.05
2023-10-01T00:21:12+00:00,Sensor_A,80.76
2023-10-01T00:21:13+00:00,Sensor_D,28.45
2023-10-01T00:21:14+00:00,Sensor_A,96.31
2023-10-01T00:21:15+00:00,Sensor_B,76.72
2023-10-01T00:21:16+00:00,Sensor_D,89.87
2023-10-01T00:21:17+00:00,Sensor_C,27.78
2023-10-01T00:21:18+00:00,Sensor_D,42.73
2023-10-01T00:21:19+00:00,Sensor_D,28.52
2023-10-01T00:21:20+00:00,Sensor_B,59.1
2023-10-01T00:21:21+00:00,Sensor_A,80.11
2023-10-01T00:21:22+00:00,Sensor_B,86.0
2023-10-01T00:21:23+00:00,Sensor_C,27.97
2023-10-01T00:21:24+00:00,Sensor_B,48.38
2023-10-01T00:21:25+00:00,Sensor_B,77.36
2023-10-01T00:21:26+00:00,Sensor_A,76.67
???,Sensor_C,48.99
2023-10-01T00:21:28+00:00,Sensor_B,52.95
2023-10-01T00:21:29+00:00,Sensor_B,14.15
2023-10-01T00:21:30+00:00,Sensor_C,61.61
2023-10-01T00:21:31+00:00,Sensor_A,96.82
???,Sensor_C,15.92
2023-10-01T00:21:33+00:00,Sensor_B,15.05
2023-10-01T00:21:34+00:00,Sensor_A,87.94
2023-10-01T00:21:35+00:00,Sensor_C,97.22
2023-10-01T00:21:36+00:00,Sensor_D,17.76
2023-10-01T00:21:37+00:00,Sensor_A,95.68
2023-10-01T00:21:38+00:00,Sensor_A,23.4
2023-10-01T00:21:39+00:00,Sensor_D,72.91
2023-10-01T00:21:40+00:00,Sensor_D,49.9
2023-10-01T00:21:41+00:00,Sensor_D,16.06
2023-10-01T00:21:42+00:00,Sensor_C,51.01
2023-10-01T00:21:43+00:00,Sensor_B,71.21
2023-10-01T00:21:44+00:00,Sensor_A,3.1415926535897932384
2023-10-01T00:21:45+00:00,Sensor_A,93.5
2023-10-01T00:21:46+00:00,Sensor_B,43.54
2023-10-01T00:21:47+00:00,Sensor_B,2.93
2023-10-01T00:21:48+00:00,Sensor_D,23.21
2023-10-01T00:21:49+00:00,Sensor_B,55.31
2023-10-01T00:21:50+00:00,Sensor_B,73.2
2023-10-01T00:21:51+00:00,Sensor_C,數值錯誤
2023-10-01T00:21:52+00:00,Sensor_B,68.72
2023-10-01T00:21:53+00:00,Sensor_B,13.72
2023-10-01T00:21:54+00:00,Sensor_D,17.01
2023-10-01T00:21:55+00:00,Sensor_B,11.67
2023-10-01T00:21:56+00:00,Sensor_C,76.75
2023-10-01T00:21:57+00:00,Sensor_C,69.67
2023-10-01T00:21:58+00:00,Sensor_D,58.16
2023-10-01T00:21:59+00:00,Sensor_C,69.62
2023-10-01T00:22:00+00:00,Sensor_D,22.14
2023-10-01T00:22:01+00:00,Sensor_B,77.69
2023-10-01T00:22:02+00:00,Sensor_B,7.71
2023-10-01T00:22:03+00:00,Sensor_A,42.24
時間錯誤,Sensor_C,28.64
2023-10-01T00:22:05+00:00,Sensor_A,51.76
2023-10-01T00:22:06+00:00,Sensor_C,ABC
2023-10-01T00:22:07+00:00,Sensor_B,54.51
2023-10-01T00:22:08+00:00,Sensor_A,48.81
2023-10-01T00:22:09+00:00,Sensor_D,26.19
2023-10-01T00:22:10+00:00,Sensor_B,70.86
2023-10-01T00:22:11+00:00,Sensor_C,33.83
2023-10-01T00:22:12+00:00,Sensor_C,10.75
2023-10-01T00:22:13+00:00,Sensor_D,68.16
2023-10-01T00:22:14+00:00,Sensor_C,94.73
2023-10-01T00:22:15+00:00,Sensor_C,5.16
2023-10-01T00:22:16+00:00,Sensor_C,97.75
2023-10-01T00:22:17+00:00,Sensor_B,not_a_number
2023-10-01T00:22:18+00:00,Sensor_C,52.57
2023-10-01T00:22:19+00:00,Sensor_B,10.5.2.1
2023-10-01T00:22:20+00:00,Sensor_D,24.97
2023-10-01T00:22:21+00:00,Sensor_C,98.97
2023-10-01T00:22:22+00:00,Sensor_B,84.34
2023-10-01T00:22:23+00:00,Sensor_B,2.85
2023-10-01T00:22:24+00:00,Sensor_B,54.55
2023-10-01T00:22:25+00:00,Sensor_D,28.11
2023-10-01T00:22:26+00:00,Sensor_D,54.77
2023-10-01T00:22:27+00:00,Sensor_A,76.7
2023-10-01T00:22:28+00:00,Sensor_D,10.5.2.1
2023-10-01T00:22:29+00:00,Sensor_D,66.72
2023-10-01T00:22:30+00:00,Sensor_A,59.82
2023-10-01T00:22:31+00:00,Sensor_C,1.57
2023-10-01T00:22:32+00:00,Sensor_B,30.8
2023-10-01T00:22:33+00:00,Sensor_D,91.22
2023-10-01T00:22:34+00:00,Sensor_D,47.33
2023-10-01T00:22:35+00:00,Sensor_C,64.25
2023-10-01T00:22:36+00:00,Sensor_A,76.2
2023-10-01T00:22:37+00:00,Sensor_C,37.19
2023-10-01T00:22:38+00:00,Sensor_B,數值錯誤
2023-10-01T00:22:39+00:00,Sensor_A,65.33
2023-10-01T00:22:40+00:00,Sensor_C,13.65
2023-10-01T00:22:41+00:00,Sensor_D,7.23
2023-10-01T00:22:42+00:00,Sensor_C,98.54
2023-10-01T00:22:43+00:00,Sensor_A,85.6
2023-10-01T00:22:44+00:00,Sensor_A,46.44
2023-10-01T00:22:45+00:00,Sensor_B,60.77
2023-10-01T00:22:46+00:00,Sensor_D,57.19
2023-10-01T00:22:47+00:00,Sensor_D,99.45
2023-10-01T00:22:48+00:00,Sensor_A,53.78
2023-10-01T00:22:49+00:00,感測器甲,91.64
2023-10-01T00:22:50+00:00,Sensor_D,5.05
2023-10-01T00:22:51+00:00,Sensor_D,38.5
2023-10-01T00:22:52+00:00,Sensor_C,25.42
2023-10-01T00:22:53+00:00,Sensor_D,86.29
2023-10-01T00:22:54+00:00,Sensor_C,79.24
2023-10-01T00:22:55+00:00,Sensor_B,81.45
2023-10-01T00:22:56+00:00,Sensor_B,33.54
2023-10-01T00:22:57+00:00,Sensor_A,42.13
2023-10-01T00:22:58+00:00,Sensor_A,86.28
2023-10-01T00:22:59+00:00,Sensor_C,94.16
2023-10-01T00:23:00+00:00,Sensor_A,43.1
2023-10-01T00:23:01+00:00,Sensor_C,26.01
2023-10-01T00:23:02+00:00,Sensor_C,32.06
2023-10-01T00:23:03+00:00,Sensor_C,19.95
2023-10-01T00:23:04+00:00,Sensor_C,11.44
2023-10-01T00:23:05+00:00,Sensor_D,17.43
2023-10-01T00:23:06+00:00,Sensor_C,6.87
2023-10-01T00:23:07+00:00,Sensor_A,7.06
2023-10-01T00:23:08+00:00,Sensor_B,7.29
2023-10-01T00:23:09+00:00,Sensor_B,84.37
2023-10-01T00:23:10+00:00,Sensor_B,4.83
2023-10-01T00:23:11+00:00,Sensor_D,12.83
2023-10-01T00:23:12+00:00,Sensor_B,52.11
2023-10-01T00:23:13+00:00,Sensor_D,46.92
2023-10-01T00:23:14+00:00,Sensor_A,99.14
2023-10-01T00:23:15+00:00,Sensor_D,53.62
2023-10-01T00:23:16+00:00,Sensor_B,87.04
2023-10-01T00:23:17+00:00,Sensor_B,51.19
2023-10-01T00:23:18+00:00,Sensor_D,96.0
2023-10-01T00:23:19+00:00,Sensor_A,44.95
2023-10-01T00:23:20+00:00,Sensor_D,14.68
2023-10-01T00:23:21+00:00,Sensor_A,76.23
2023-10-01T00:23:22+00:00,Sensor_B,75.93
2023-10-01T00:23:23+00:00,Sensor_D,ABC
2023-10-01T00:23:24+00:00,Sensor_D,61.61
2023-10-01T00:23:25+00:00,Sensor_A,54.59
2023-10-01T00:23:26+00:00,Sensor_B,10.01
2023-10-01T00:23:27+00:00,Sensor_C,55.45
2023-10-01T00:23:28+00:00,Sensor_D,1.06
2023-10-01T00:23:29+00:00,Sensor_D,76.09
2023-10-01T00:23:30+00:00,Sensor_C,69.76
2023-10-01T00:23:31+00:00,Sensor_C,77.17
2023-10-01T00:23:32+00:00,Sensor_C,6.51
2023-10-01T00:23:33+00:00,Sensor_C,5.83
2023-10-01T00:23:34+00:00,Sensor_B,2.78
2023-10-01T00:23:35+00:00,Sensor_D,67.2
2023-10-01T00:23:36+00:00,Sensor_C,12.38
2023-10-01T00:23:37+00:00,Sensor_C,55.85
2023-10-01T00:23:38+00:00,Sensor_B,95.44
2023-10-01T00:23:39+00:00,Sensor_C,84.22
2023-10-01T00:23:40+00:00,Sensor_B,62.48
2023-10-01T00:23:41+00:00,Sensor_D,84.54
2023-10-01T00:23:42+00:00,Sensor_C,26.98
2023-10-01T00:23:43+00:00,Sensor_D,86.01
2023-10-01T00:23:44+00:00,Sensor_B,17.11
2023-10-01T00:23:45+00:00,Sensor_C,15.01
2023-10-01T00:23:46+00:00,Sensor_A,48.6
2023-10-01T00:23:47+00:00,Sensor_D,5.58
2023-10-01T00:23:48+00:00,Sensor_C,36.71
2023-10-01T00:23:49+00:00,Sensor_A,73.43
2023-10-01T00:23:50+00:00,Sensor_D,3.1415926535897932384
2023-10-01T00:23:51+00:00,Sensor_A,41.58
2023-10-01T00:23:52+00:00,Sensor_B,14.29
2023-10-01T00:23:53+00:00,Sensor_B,11.38
2023-10-01T00:23:54+00:00,Sensor_C,85.07
2023-10-01T00:23:55+00:00,Sensor_C,62.64
2023-10-01T00:23:56+00:00,Sensor_C,4.68
2023-10-01T00:23:57+00:00,Sensor_D,29.31
2023-10-01T00:23:58+00:00,Sensor_B,89.1
2023-10-01T00:23:59+00:00,Sensor_D,9.78
2023-10-01T00:24:00+00:00,Sensor_D,23.16
2023-10-01T00:24:01+00:00,Sensor_B,37.55
2023-10-01T00:24:02+00:00,Sensor_C,65.12
2023-10-01T00:24:03+00:00,Sensor_B,50.4
2023-10-01T00:24:04+00:00,Sensor_D,37.21
2023-10-01T00:24:05+00:00,Sensor_B,9.31
2023-10-01T00:24:06+00:00,Sensor_B,79.67
2023-10-01T00:24:07+00:00,Sensor_B,28.29
2023-10-01T00:24:08+00:00,Sensor_B,19.62
2023-10-01T00:24:09+00:00,Sensor_B,9.39
2023-10-01T00:24:10+00:00,Sensor_C,69.63
2023-10-01T00:24:11+00:00,Sensor_D,69.36
2023-10-01T00:24:12+00:00,Sensor_A,90.11
2023-10-01T00:24:13+00:00,Sensor_B,34.28
2023-10-01T00:24:14+00:00,Sensor_B,28.04
2023-10-01T00:24:15+00:00,Sensor_D,32.82
2023-10-01T00:24:16+00:00,Sensor_A,63.76
2023-10-01T00:24:17+00:00,Sensor_A,52.36
2023-10-01T00:24:18+00:00,Sensor_C,36.69
2023-10-01T00:24:19+00:00,Sensor_C,78.81
2023-10-01T00:24:20+00:00,sénsor#@!,2.16
2023-10-01T00:24:21+00:00,Sensor_D,57.76
2023-10-01T00:24:22+00:00,Sensor_B,5.79
2023-10-01T00:24:23+00:00,感測器甲,44.44
2023-10-01T00:24:24+00:00,Sensor_C,55.8
時間錯誤,Sensor_D,71.96
2023-10-01T00:24:26+00:00,Sensor_B,30.76
2023-10-01T00:24:27+00:00,Sensor_D,6.02
2023-10-01T00:24:28+00:00,Sensor_C,65.75
2023-10-01T00:24:29+00:00,Sensor_A,10.5.2.1
2023-10-01T00:24:30+00:00,Sensor_D,77.04
2023-10-01T00:24:31+00:00,Sensor_C,51.13
2023-10-01T00:24:32+00:00,Sensor_C,25.47
2023-10-01T00:24:33+00:00,Sensor_A,96.84
2023-10-01T00:24:34+00:00,Sensor_D,9.14
2023-10-01T00:24:35+00:00,Sensor_A,58.89
2023-10-01T00:24:36+00:00,Sensor_A,76.68
2023-10-01T00:24:37+00:00,感測器甲,15.77
2023-10-01T00:24:38+00:00,Sensor_B,46.84
2023-10-01T00:24:39+00:00,Sensor_A,97.69
2023-10-01T00:24:40+00:00,Sensor_C,88.26
2023-10-01T00:24:41+00:00,Sensor_C,88.17
2023-10-01T00:24:42+00:00,Sensor_C,28.46
2023-10-01T00:24:43+00:00,Sensor_B,68.11
2023-10-01T00:24:44+00:00,Sensor_C,58.49
2023-10-01T00:24:45+00:00,Sensor_A,24.66
2023-10-01T00:24:46+00:00,Sensor_B,數值錯誤
2023-10-01T00:24:47+00:00,Sensor_B,62.52
2023-10-01T00:24:48+00:00,Sensor_B,30.23
2023-10-01T00:24:49+00:00,Sensor_A,10.5.2.1
2023-10-01T00:24:50+00:00,Sensor_C,10.5.2.1
2023-10-01T00:24:51+00:00,Sensor_C,54.84
2023-10-01T00:24:52+00:00,Sensor_D,64.65
2023-10-01T00:24:53+00:00,Sensor_B,1.21
2023-10-01T00:24:54+00:00,Sensor_B,5.05
2023-10-01T00:24:55+00:00,Sensor_C,6.05
2023-10-01T00:24:56+00:00,Sensor_A,64.72
2023-10-01T00:24:57+00:00,Sensor_D,35.03
2023-10-01T00:24:58+00:00,Sensor_C,36.51
2023-10-01T00:24:59+00:00,sénsor#@!,95.36
2023-10-01T00:25:00+00:00,Sensor_B,12.78
2023-10-01T00:25:01+00:00,Sensor_C,52.32
2023-10-01T00:25:02+00:00,Sensor_A,73.29
2023-10-01T00:25:03+00:00,Sensor_B,56.57
2023-10-01T00:25:04+00:00,Sensor_D,80.96
2023-10-01T00:25:05+00:00,Sensor_D,24.94
2023-10-01T00:25:06+00:00,센서_A,3.3
2023-10-01T00:25:07+00:00,Sensor_A,27.13
2023-10-01T00:25:08+00:00,Sensor_A,36.37
2023-10-01T00:25:09+00:00,Sensor_C,8.25
2023-10-01T00:25:10+00:00,Sensor_A,59.53
2023-10-01T00:25:11+00:00,Sensor_B,29.57
2023-10-01T00:25:12+00:00,Sensor_B,87.92
2023-10-01T00:25:13+00:00,Sensor_C,29.88
2023-10-01T00:25:14+00:00,Sensor_D,63.66
2023-10-01T00:25:15+00:00,Sensor_D,30.39
2023-10-01T00:25:16+00:00,Sensor_D,23.73
2023-10-01T00:25:17+00:00,Sensor_B,85.11
2023-10-01T00:25:18+00:00,Sensor_D,65.35
2023-10-01T00:25:19+00:00,Sensor_C,97.89
2023-10-01T00:25:20+00:00,Sensor_A,53.72
2023-10-01T00:25:21+00:00,Sensor_D,69.01
2023-10-01T00:25:22+00:00,Sensor_B,21.09
2023-10-01T00:25:23+00:00,Sensor_B,25.21
2023-10-01T00:25:24+00:00,Sensor_C,99.49
2023-10-01T00:25:25+00:00,Sensor_B,12.28
2023-10-01T00:25:26+00:00,Sensor_A,49.44
2023-10-01T00:25:27+00:00,Sensor_D,30.65
2023-10-01T00:25:28+00:00,Sensor_C,90.81
2023-10-01T00:25:29+00:00,Sensor_A,23.54
2023-10-01T00:25:30+00:00,Sensor_B,59.99
2023-10-01T00:25:31+00:00,Sensor_A,12.06
2023-10-01T00:25:32+00:00,Sensor_C,9.68
2023-10-01T00:25:33+00:00,Sensor_D,44.42
2023-10-01T00:25:34+00:00,Sensor_A,57.25
2023-10-01T00:25:35+00:00,Sensor_C,1.26
2023-10-01T00:25:36+00:00,Sensor_A,2.3
2023-10-01T00:25:37+00:00,Sensor_D,21.77
2023-10-01T00:25:38+00:00,Sensor_C,96.92
2023-10-01T00:25:39+00:00,Sensor_B,33.9
2023-10-01T00:25:40+00:00,Sensor_C,87.58
2023-10-01T00:25:41+00:00,Sensor_D,68.41
2023-10-01T00:25:42+00:00,Sensor_B,45.17
2023-10-01T00:25:43+00:00,Sensor_C,96.39
2023-10-01T00:25:44+00:00,Sensor_D,68.5
2023-10-01T00:25:45+00:00,Sensor_C,21.34
2023-10-01T00:25:46+00:00,Sensor_C,27.65
2023-10-01T00:25:47+00:00,Sensor_A,36.89
2023-10-01T00:25:48+00:00,Sensor_B,94.09
2023-10-01T00:25:49+00:00,Sensor_D,73.55
2023-10-01T00:25:50+00:00,Sensor_C,7.73
2023-10-01T00:25:51+00:00,Sensor_C,50.08
2023-10-01T00:25:52+00:00,Sensor_A,48.05
2023-10-01T00:25:53+00:00,Sensor_B,not_a_number
2023-10-01T00:25:54+00:00,Sensor_C,58.4
2023-10-01T00:25:55+00:00,Sensor_B,1.42
2023-10-01T00:25:56+00:00,Sensor_B,14.96
2023-10-01T00:25:57+00:00,Sensor_D,54.39
2023-10-01T00:25:58+00:00,Sensor_A,86.3
2023-10-01T00:25:59+00:00,Sensor_A,85.84
2023-10-01T00:26:00+00:00,Sensor_B,40.82
2023-10-01T00:26:01+00:00,Sensor_A,84.97
2023-10-01T00:26:02+00:00,Sensor_B,10.54
2023-10-01T00:26:03+00:00,Sensor_B,not_a_number
2023-10-01T00:26:04+00:00,Sensor_B,52.38
2023-10-01T00:26:05+00:00,Sensor_A,0.47
2023-10-01T00:26:06+00:00,Sensor_A,17.28
2023-10-01T00:26:07+00:00,Sensor_C,77.98
2023-10-01T00:26:08+00:00,Sensor_D,93.68
2023-10-01T00:26:09+00:00,Sensor_D,38.56
2023-10-01T00:26:10+00:00,Sensor_C,0.93
2023-10-01T00:26:11+00:00,Sensor_B,89.02
2023-10-01T00:26:12+00:00,Sensor_C,8.57
2023-10-01T00:26:13+00:00,Sensor_D,85.01
2023-10-01T00:26:14+00:00,Sensor_C,33.26
2023-10-01T00:26:15+00:00,Sensor_A,80.33
2023-10-01T00:26:16+00:00,Sensor_D,42.69
2023-10-01T00:26:17+00:00,Sensor_A,74.53
2023-10-01T00:26:18+00:00,Sensor_D,70.68
2023-10-01T00:26:19+00:00,Sensor_C,35.9
2023-10-01T00:26:20+00:00,Sensor_A,25.08
2023-10-01T00:26:21+00:00,Sensor_C,49.76
2023-10-01T00:26:22+00:00,Sensor_D,12.87
2023-10-01T00:26:23+00:00,Sensor_D,59.03
2023-10-01T00:26:24+00:00,Sensor_B,97.39
2023-10-01T00:26:25+00:00,Sensor_A,23.62
2023-10-01T00:26:26+00:00,Sensor_A,69.3
2023-10-01T00:26:27+00:00,Sensor_A,14.28
2023-10-01T00:26:28+00:00,Sensor_D,55.38
2023-10-01T00:26:29+00:00,Sensor_A,38.55
2023-10-01T00:26:30+00:00,Sensor_C,7.06
2023-10-01T00:26:31+00:00,Sensor_A,3.1415926535897932384
2023-10-01T00:26:32+00:00,Sensor_B,34.21
2023-10-01T00:26:33+00:00,Sensor_A,66.75
2023-10-01T00:26:34+00:00,Sensor_C,54.54
2023-10-01T00:26:35+00:00,Sensor_B,69.0
2023-10-01T00:26:36+00:00,Sensor_D,12.37
2023-10-01T00:26:37+00:00,Sensor_C,49.91
2023-10-01T00:26:38+00:00,Sensor_C,35.02
2023-10-01T00:26:39+00:00,Sensor_C,93.28
2023-10-01T00:26:40+00:00,Sensor_B,10.5.2.1
2023-10-01T00:26:41+00:00,Sensor_B,79.61
2023-10-01T00:26:42+00:00,Sensor_A,77.01
2023-10-01T00:26:43+00:00,Sensor_A,7.9
2023-10-01T00:26:44+00:00,Sensor_B,35.75
2023-10-01T00:26:45+00:00,Sensor_A,74.74
2023-10-01T00:26:46+00:00,Sensor_B,49.92
2023-10-01T00:26:47+00:00,Sensor_D,44.33
2023-10-01T00:26:48+00:00,Sensor_C,30.74
2023-10-01T00:26:49+00:00,Sensor_A,64.05
2023-10-01T00:26:50+00:00,Sensor_C,26.26
2023-10-01T00:26:51+00:00,Sensor_B,98.11
2023-10-01T00:26:52+00:00,Sensor_C,87.87
2023-10-01T00:26:53+00:00,Sensor_A,68.67
2023-10-01T00:26:54+00:00,Sensor_B,91.0
2023-10-01T00:26:55+00:00,Sensor_B,87.9
2023-10-01T00:26:56+00:00,Sensor_A,35.82
2023-10-01T00:26:57+00:00,Sensor_B,25.79
2023-10-01T00:26:58+00:00,Sensor_B,40.6
2023-10-01T00:26:59+00:00,Sensor_C,64.83
2023-10-01T00:27:00+00:00,Sensor_A,88.73
2023-10-01T00:27:01+00:00,Sensor_D,35.53
2023-10-01T00:27:02+00:00,感測器甲,80.84
2023-10-01T00:27:03+00:00,Sensor_D,10.5.2.1
2023-10-01T00:27:04+00:00,Sensor_D,62.9
2023-10-01T00:27:05+00:00,Sensor_B,92.77
2023-10-01T00:27:06+00:00,Sensor_B,26.61
2023-10-01T00:27:07+00:00,Sensor_D,45.94
2023-10-01T00:27:08+00:00,Sensor_C,32.88
2023-10-01T00:27:09+00:00,Sensor_A,28.02
2023-10-01T00:27:10+00:00,Sensor_A,78.88
2023-10-01T00:27:11+00:00,Sensor_D,92.6
2023-10-01T00:27:12+00:00,Sensor_C,89.9
2023-10-01T00:27:13+00:00,Sensor_A,74.82
2023-10-01T00:27:14+00:00,Sensor_C,8.75
2023-10-01T00:27:15+00:00,Sensor_C,59.26
2023-10-01T00:27:16+00:00,Sensor_B,31.58
2023-10-01T00:27:17+00:00,Sensor_B,66.67
2023-10-01T00:27:18+00:00,Sensor_A,25.79
2023-99-99,Sensor_D,26.63
2023-10-01T00:27:20+00:00,Sensor_B,67.88
2023-10-01T00:27:21+00:00,Sensor_B,26.28
2023-10-01T00:27:22+00:00,Sensor_B,63.85
2023-10-01T00:27:23+00:00,Sensor_D,28.02
2023-10-01T00:27:24+00:00,Sensor_B,46.32
2023-10-01T00:27:25+00:00,Sensor_B,47.37
2023-10-01T00:27:26+00:00,Sensor_D,4.85
2023-10-01T00:27:27+00:00,Sensor_A,3.1415926535897932384
2023-10-01T00:27:28+00:00,Sensor_A,ABC
2023-10-01T00:27:29+00:00,Sensor_B,42.49
2023-10-01T00:27:30+00:00,Sensor_B,46.22
2023-10-01T00:27:31+00:00,Sensor_A,15.78
2023-10-01T00:27:32+00:00,Sensor_A,39.14
2023-10-01T00:27:33+00:00,Sensor_D,10.03
2023-10-01T00:27:34+00:00,Sensor_A,99.08
2023-10-01T00:27:35+00:00,Sensor_D,55.54
2023-10-01T00:27:36+00:00,Sensor_B,27.0
2023-10-01T00:27:37+00:00,Sensor_C,3.1415926535897932384
2023-10-01T00:27:38+00:00,Sensor_D,87.12
2023-10-01T00:27:39+00:00,Sensor_B,64.33
2023-10-01T00:27:40+00:00,Sensor_B,73.54
2023-10-01T00:27:41+00:00,Sensor_B,5.01
2023-10-01T00:27:42+00:00,Sensor_A,75.0
2023-10-01T00:27:43+00:00,Sensor_C,77.54
2023-10-01T00:27:44+00:00,Sensor_A,82.46
2023-10-01T00:27:45+00:00,Sensor_A,10.96
2023-10-01T00:27:46+00:00,Sensor_B,42.47
2023-10-01T00:27:47+00:00,Sensor_C,63.82
2023-10-01T00:27:48+00:00,Sensor_A,50.37
2023-10-01T00:27:49+00:00,Sensor_D,49.57
2023-10-01T00:27:50+00:00,センサー_1,92.98
2023-10-01T00:27:51+00:00,Sensor_A,37.41
2023-10-01T00:27:52+00:00,Sensor_D,90.04
2023-10-01T00:27:53+00:00,Sensor_A,99.35
2023-10-01T00:27:54+00:00,感測器甲,54.2
2023-10-01T00:27:55+00:00,Sensor_B,88.61
2023-10-01T00:27:56+00:00,Sensor_B,3.1415926535897932384
2023-10-01T00:27:57+00:00,Sensor_A,19.14
2023-10-01T00:27:58+00:00,Sensor_D,95.0
2023-10-01T00:27:59+00:00,Sensor_B,53.69
2023-10-01T00:28:00+00:00,Sensor_D,32.5
2023-10-01T00:28:01+00:00,Sensor_B,83.42
2023-10-01T00:28:02+00:00,Sensor_B,95.86
2023-10-01T00:28:03+00:00,Sensor_D,72.13
2023-10-01T00:28:04+00:00,Sensor_A,14.27
2023-10-01T00:28:05+00:00,Sensor_A,87.59
2023-10-01T00:28:06+00:00,Sensor_C,96.09
2023-10-01T00:28:07+00:00,Sensor_C,21.23
2023-10-01T00:28:08+00:00,Sensor_D,30.7
2023-10-01T00:28:09+00:00,Sensor_C,15.9
2023-10-01T00:28:10+00:00,Sensor_D,10.86
2023-10-01T00:28:11+00:00,Sensor_B,17.32
2023-10-01T00:28:12+00:00,Sensor_B,92.01
2023-10-01T00:28:13+00:00,Sensor_B,64.18
2023-10-01T00:28:14+00:00,Sensor_C,26.05
2023-10-01T00:28:15+00:00,Sensor_A,85.3
2023-10-01T00:28:16+00:00,Sensor_B,74.4
2023-10-01T00:28:17+00:00,Sensor_C,39.87
2023-10-01T00:28:18+00:00,Sensor_A,42.17
2023-10-01T00:28:19+00:00,Sensor_D,71.16
2023-10-01T00:28:20+00:00,Sensor_D,24.65
2023-10-01T00:28:21+00:00,Sensor_C,97.37
2023-10-01T00:28:22+00:00,Sensor_C,96.63
2023-10-01T00:28:23+00:00,Sensor_A,92.96
2023-10-01T00:28:24+00:00,Sensor_B,30.06
2023-10-01T00:28:25+00:00,Sensor_C,18.25
2023-10-01T00:28:26+00:00,Sensor_B,63.39
2023-10-01T00:28:27+00:00,Sensor_A,20.91
2023-10-01T00:28:28+00:00,Sensor_B,69.83
2023-10-01T00:28:29+00:00,Sensor_B,20.22
2023-10-01T00:28:30+00:00,Sensor_D,28.99
2023-10-01T00:28:31+00:00,Sensor_C,37.0
2023-10-01T00:28:32+00:00,Sensor_C,6.43
2023-10-01T00:28:33+00:00,Sensor_A,15.43
2023-10-01T00:28:34+00:00,Sensor_C,69.68
2023-10-01T00:28:35+00:00,Sensor_C,49.45
2023-10-01T00:28:36+00:00,Sensor_D,48.73
2023-10-01T00:28:37+00:00,Sensor_D,68.3
2023-10-01T00:28:38+00:00,Sensor_C,10.5.2.1
2023-10-01T00:28:39+00:00,Sensor_D,26.25
2023-10-01T00:28:40+00:00,Sensor_C,42.99
2023-10-01T00:28:41+00:00,Sensor_A,25.35
2023-10-01T00:28:42+00:00,Sensor_A,10.5.2.1
2023-10-01T00:28:43+00:00,Sensor_B,39.67
2023-10-01T00:28:44+00:00,Sensor_D,58.52
2023-10-01T00:28:45+00:00,Sensor_B,99.94
2023-10-01T00:28:46+00:00,Sensor_D,26.11
2023-10-01T00:28:47+00:00,Sensor_B,50.87
2023-10-01T00:28:48+00:00,Sensor_A,ABC
2023-10-01T00:28:49+00:00,Sensor_A,46.48
2023-10-01T00:28:50+00:00,Sensor_D,36.7
2023-10-01T00:28:51+00:00,Sensor_D,21.96
2023-10-01T00:28:52+00:00,Sensor_B,25.14
2023-10-01T00:28:53+00:00,Sensor_C,56.54
2023-10-01T00:28:54+00:00,Sensor_D,5.19
2023-10-01T00:28:55+00:00,Sensor_A,74.93
2023-10-01T00:28:56+00:00,Sensor_A,31.21
2023-10-01T00:28:57+00:00,Sensor_D,50.55
2023-10-01T00:28:58+00:00,Sensor_B,87.1
2023-10-01T00:28:59+00:00,Sensor_B,82.83
2023-10-01T00:29:00+00:00,Sensor_A,58.48
2023-10-01T00:29:01+00:00,Sensor_C,53.34
2023-10-01T00:29:02+00:00,Sensor_A,3.8
2023-10-01T00:29:03+00:00,Sensor_B,28.38
2023-10-01T00:29:04+00:00,Sensor_C,7.25
2023-10-01T00:29:05+00:00,Sensor_B,3.1415926535897932384
2023-10-01T00:29:06+00:00,Sensor_B,64.76
2023-10-01T00:29:07+00:00,Sensor_A,45.69
2023-10-01T00:29:08+00:00,Sensor_D,66.3
2023-10-01T00:29:09+00:00,Sensor_A,54.48
2023-10-01T00:29:10+00:00,Sensor_B,54.84
2023-10-01T00:29:11+00:00,Sensor_A,3.1415926535897932384
2023-10-01T00:29:12+00:00,Sensor_D,55.44
2023-10-01T00:29:13+00:00,Sensor_A,16.79
2023-10-01T00:29:14+00:00,Sensor_D,30.52
2023-10-01T00:29:15+00:00,Sensor_C,0.12
2023-10-01T00:29:16+00:00,Sensor_C,45.53
2023-10-01T00:29:17+00:00,Sensor_A,69.37
2023-10-01T00:29:18+00:00,Sensor_A,45.71
2023-10-01T00:29:19+00:00,Sensor_C,19.25
2023-10-01T00:29:20+00:00,센서_A,21.19
2023-10-01T00:29:21+00:00,Sensor_D,84.54
2023-10-01T00:29:22+00:00,Sensor_D,32.86
2023-10-01T00:29:23+00:00,Sensor_C,91.72
2023-10-01T00:29:24+00:00,Sensor_D,6.74
2023-10-01T00:29:25+00:00,Sensor_C,54.18
2023-10-01T00:29:26+00:00,Sensor_C,81.07
2023-10-01T00:29:27+00:00,Sensor_D,19.8
2023-10-01T00:29:28+00:00,Sensor_A,40.85
2023-10-01T00:29:29+00:00,Sensor_B,91.28
2023-10-01T00:29:30+00:00,Sensor_A,16.57
2023-10-01T00:29:31+00:00,Sensor_A,69.4
2023-10-01T00:29:32+00:00,Sensor_D,10.34
2023-10-01T00:29:33+00:00,Sensor_A,9.68
2023-10-01T00:29:34+00:00,Sensor_B,16.39
2023-10-01T00:29:35+00:00,Sensor_B,43.17
2023-10-01T00:29:36+00:00,Sensor_B,44.85
2023-10-01T00:29:37+00:00,Sensor_C,79.22
2023-10-01T00:29:38+00:00,Sensor_A,94.92
2023-10-01T00:29:39+00:00,Sensor_C,65.23
2023-10-01T00:29:40+00:00,Sensor_A,25.26
2023-10-01T00:29:41+00:00,Sensor_A,51.53
2023-10-01T00:29:42+00:00,Sensor_A,77.43
2023-10-01T00:29:43+00:00,Sensor_D,61.34
2023-10-01T00:29:44+00:00,Sensor_C,71.95
2023-10-01T00:29:45+00:00,Sensor_B,90.39
2023-10-01T00:29:46+00:00,Sensor_B,98.95
2023-10-01T00:29:47+00:00,Sensor_D,55.3
2023-10-01T00:29:48+00:00,Sensor_A,44.99
2023-10-01T00:29:49+00:00,Sensor_B,3.1415926535897932384
2023-10-01T00:29:50+00:00,Sensor_C,25.81
2023-10-01T00:29:51+00:00,Sensor_B,89.71
2023-10-01T00:29:52+00:00,Sensor_A,93.34
2023-10-01T00:29:53+00:00,Sensor_A,53.15
2023-10-01T00:29:54+00:00,Sensor_A,91.69
2023-10-01T00:29:55+00:00,Sensor_D,31.01
2023-10-01T00:29:56+00:00,Sensor_A,45.47
2023-10-01T00:29:57+00:00,Sensor_D,43.73
2023-10-01T00:29:58+00:00,Sensor_A,37.28
2023-10-01T00:29:59+00:00,Sensor_B,52.31
2023-10-01T00:30:00+00:00,Sensor_D,88.77
2023-10-01T00:30:01+00:00,Sensor_D,3.1415926535897932384
2023-10-01T00:30:02+00:00,Sensor_B,90.1
2023-10-01T00:30:03+00:00,Sensor_A,21.61
2023-10-01T00:30:04+00:00,Sensor_C,82.39
2023-10-01T00:30:05+00:00,Sensor_B,73.15
2023-10-01T00:30:06+00:00,Sensor_D,14.04
2023-10-01T00:30:07+00:00,Sensor_A,30.37
2023-10-01T00:30:08+00:00,Sensor_C,25.42
2023-10-01T00:30:09+00:00,Sensor_C,12.0
2023-10-01T00:30:10+00:00,Sensor_C,71.45
2023-10-01T00:30:11+00:00,Sensor_D,95.51
2023-10-01T00:30:12+00:00,Sensor_B,16.37
2023-10-01T00:30:13+00:00,Sensor_B,52.87
2023-10-01T00:30:14+00:00,Sensor_C,64.24
2023-10-01T00:30:15+00:00,Sensor_A,71.89
2023-10-01T00:30:16+00:00,Sensor_D,18.05
2023-10-01T00:30:17+00:00,Sensor_C,41.27
2023-10-01T00:30:18+00:00,Sensor_A,29.16
2023-10-01T00:30:19+00:00,Sensor_D,14.38
2023-10-01T00:30:20+00:00,Sensor_C,59.47
2023-10-01T00:30:21+00:00,Sensor_A,7.88
2023-10-01T00:30:22+00:00,Sensor_B,23.08
2023-10-01T00:30:23+00:00,Sensor_B,42.72
2023-10-01T00:30:24+00:00,Sensor_B,53.29
2023-10-01T00:30:25+00:00,Sensor_D,3.91
2023-10-01T00:30:26+00:00,Sensor_D,73.07
2023-10-01T00:30:27+00:00,Sensor_B,67.46
2023-10-01T00:30:28+00:00,Sensor_B,77.52
2023-10-01T00:30:29+00:00,Sensor_B,72.89
2023-10-01T00:30:30+00:00,Sensor_B,97.47
2023-10-01T00:30:31+00:00,Sensor_D,26.99
2023-10-01T00:30:32+00:00,Sensor_C,10.5.2.1
2023-10-01T00:30:33+00:00,Sensor_A,84.86
2023-10-01T00:30:34+00:00,Sensor_C,49.69
2023-10-01T00:30:35+00:00,Sensor_D,84.31
2023-10-01T00:30:36+00:00,Sensor_B,30.36
2023-10-01T00:30:37+00:00,Sensor_C,82.4
2023-10-01T00:30:38+00:00,Sensor_D,49.37
2023-10-01T00:30:39+00:00,センサー_1,61.83
2023-10-01T00:30:40+00:00,Sensor_A,27.08
2023-10-01T00:30:41+00:00,Sensor_D,44.84
2023-10-01T00:30:42+00:00,Sensor_B,69.44
2023-10-01T00:30:43+00:00,Sensor_B,42.16
2023-10-01T00:30:44+00:00,Sensor_D,20.79
2023-10-01T00:30:45+00:00,Sensor_B,90.83
2023-10-01T00:30:46+00:00,Sensor_D,82.88
2023-10-01T00:30:47+00:00,Sensor_D,10.5.2.1
2023-10-01T00:30:48+00:00,Sensor_C,63.16
2023-10-01T00:30:49+00:00,Sensor_A,43.34
2023-10-01T00:30:50+00:00,Sensor_C,41.36
2023-10-01T00:30:51+00:00,感測器甲,59.08
2023-10-01T00:30:52+00:00,Sensor_D,35.18
2023-10-01T00:30:53+00:00,Sensor_C,66.54
2023-10-01T00:30:54+00:00,Sensor_D,35.71
2023-10-01T00:30:55+00:00,Sensor_B,77.85
2023-10-01T00:30:56+00:00,Sensor_A,2.59
2023-10-01T00:30:57+00:00,Sensor_B,15.53
2023-10-01T00:30:58+00:00,Sensor_A,17.71
2023-10-01T00:30:59+00:00,Sensor_A,64.84
2023-10-01T00:31:00+00:00,Sensor_A,40.75
2023-10-01T00:31:01+00:00,Sensor_A,not_a_number
2023-10-01T00:31:02+00:00,Sensor_C,71.1
2023-10-01T00:31:03+00:00,Sensor_C,29.97
2023-10-01T00:31:04+00:00,Sensor_A,94.22
2023-10-01T00:31:05+00:00,Sensor_C,85.97
2023-10-01T00:31:06+00:00,Sensor_B,10.94
2023-10-01T00:31:07+00:00,Sensor_B,數值錯誤
2023-10-01T00:31:08+00:00,Sensor_B,22.35
2023-10-01T00:31:09+00:00,Sensor_A,10.5.2.1
2023-10-01T00:31:10+00:00,Sensor_C,40.36
2023-10-01T00:31:11+00:00,Sensor_A,91.44
???,Sensor_D,75.28
2023-10-01T00:31:13+00:00,Sensor_C,3.1415926535897932384
2023-10-01T00:31:14+00:00,Sensor_A,41.12
2023-10-01T00:31:15+00:00,Sensor_A,93.3
2023-10-01T00:31:16+00:00,センサー_1,94.58
2023-10-01T00:31:17+00:00,sénsor#@!,34.66
2023-10-01T00:31:18+00:00,Sensor_B,42.31
2023-10-01T00:31:19+00:00,Sensor_B,15.87
2023-10-01T00:31:20+00:00,Sensor_C,40.04
2023-10-01T00:31:21+00:00,Sensor_A,4.75
2023-10-01T00:31:22+00:00,Sensor_C,76.52
2023-10-01T00:31:23+00:00,Sensor_C,10.5.2.1
2023-10-01T00:31:24+00:00,Sensor_D,29.1
2023-10-01T00:31:25+00:00,Sensor_D,78.7
2023-10-01T00:31:26+00:00,Sensor_D,5.24
2023-10-01T00:31:27+00:00,Sensor_C,80.95
2023-10-01T00:31:28+00:00,Sensor_B,39.74
2023-10-01T00:31:29+00:00,Sensor_A,75.54
2023-10-01T00:31:30+00:00,Sensor_C,16.86
2023-10-01T00:31:31+00:00,Sensor_B,91.74
2023-10-01T00:31:32+00:00,Sensor_A,33.79
2023-10-01T00:31:33+00:00,Sensor_D,12.77
時間錯誤,Sensor_A,82.96
2023-10-01T00:31:35+00:00,Sensor_D,67.06
2023-10-01T00:31:36+00:00,Sensor_C,56.54
2023-10-01T00:31:37+00:00,Sensor_B,23.83
2023-10-01T00:31:38+00:00,Sensor_B,27.24
2023-10-01T00:31:39+00:00,Sensor_B,81.34
2023-10-01T00:31:40+00:00,Sensor_C,59.5
2023-10-01T00:31:41+00:00,Sensor_C,27.95
2023-10-01T00:31:42+00:00,Sensor_C,3.1415926535897932384
2023-10-01T00:31:43+00:00,Sensor_C,not_a_number
時間錯誤,Sensor_C,43.54
2023-10-01T00:31:45+00:00,Sensor_A,98.65
2023-10-01T00:31:46+00:00,Sensor_C,76.43
2023-10-01T00:31:47+00:00,Sensor_D,99.16
2023-10-01T00:31:48+00:00,Sensor_C,79.04
2023-10-01T00:31:49+00:00,Sensor_D,51.51
2023-10-01T00:31:50+00:00,Sensor_A,84.19
2023-10-01T00:31:51+00:00,Sensor_A,46.45
2023-10-01T00:31:52+00:00,Sensor_C,3.54
2023-10-01T00:31:53+00:00,感測器甲,11.36
2023-10-01T00:31:54+00:00,Sensor_B,99.93
2023-10-01T00:31:55+00:00,Sensor_C,56.98
2023-10-01T00:31:56+00:00,Sensor_B,27.96
2023-10-01T00:31:57+00:00,Sensor_D,6.59
2023-10-01T00:31:58+00:00,Sensor_A,35.61
2023-10-01T00:31:59+00:00,Sensor_C,10.5.2.1
2023-10-01T00:32:00+00:00,Sensor_D,88.39
2023-10-01T00:32:01+00:00,Sensor_B,23.55
2023-10-01T00:32:02+00:00,Sensor_B,18.77
2023-10-01T00:32:03+00:00,Sensor_C,9.88
2023-10-01T00:32:04+00:00,Sensor_B,68.37
2023-10-01T00:32:05+00:00,Sensor_A,97.69
2023-10-01T00:32:06+00:00,Sensor_C,93.08
2023-10-01T00:32:07+00:00,Sensor_B,95.19
2023-10-01T00:32:08+00:00,Sensor_A,25.05
2023-10-01T00:32:09+00:00,Sensor_A,49.88
2023-10-01T00:32:10+00:00,Sensor_A,40.28
2023-10-01T00:32:11+00:00,Sensor_D,3.78
2023-10-01T00:32:12+00:00,Sensor_B,89.32
2023-10-01T00:32:13+00:00,Sensor_B,41.56
2023-10-01T00:32:14+00:00,Sensor_B,not_a_number
2023-10-01T00:32:15+00:00,Sensor_A,75.54
2023-10-01T00:32:16+00:00,Sensor_B,45.83
2023-10-01T00:32:17+00:00,Sensor_D,72.32
2023-10-01T00:32:18+00:00,Sensor_C,91.49
2023-10-01T00:32:19+00:00,Sensor_D,58.44
2023-10-01T00:32:20+00:00,Sensor_D,83.27
2023-10-01T00:32:21+00:00,Sensor_D,35.71
2023-10-01T00:32:22+00:00,Sensor_C,95.35
2023-10-01T00:32:23+00:00,Sensor_C,23.69
2023-10-01T00:32:24+00:00,Sensor_D,73.83
2023-10-01T00:32:25+00:00,Sensor_C,not_a_number
2023-10-01T00:32:26+00:00,Sensor_C,10.5.2.1
2023-10-01T00:32:27+00:00,Sensor_A,99.86
2023-10-01T00:32:28+00:00,Sensor_A,85.68
2023-10-01T00:32:29+00:00,Sensor_A,ABC
2023-10-01T00:32:30+00:00,Sensor_D,10.5.2.1
2023-10-01T00:32:31+00:00,Sensor_A,33.4
2023-10-01T00:32:32+00:00,Sensor_A,74.75
2023-10-01T00:32:33+00:00,Sensor_A,97.74
2023-10-01T00:32:34+00:00,Sensor_D,84.06
2023-10-01T00:32:35+00:00,Sensor_D,41.18
2023-10-01T00:32:36+00:00,Sensor_B,10.98
2023-10-01T00:32:37+00:00,Sensor_C,43.27
2023-10-01T00:32:38+00:00,Sensor_A,63.59
2023-10-01T00:32:39+00:00,Sensor_C,數值錯誤
2023-10-01T00:32:40+00:00,Sensor_D,51.63
2023-10-01T00:32:41+00:00,Sensor_B,44.86
2023-10-01T00:32:42+00:00,Sensor_D,19.8
2023-10-01T00:32:43+00:00,Sensor_A,49.0
2023-10-01T00:32:44+00:00,Sensor_A,78.38
2023-10-01T00:32:45+00:00,感測器甲,75.06
2023-10-01T00:32:46+00:00,Sensor_C,0.46
2023-10-01T00:32:47+00:00,Sensor_C,97.52
2023-10-01T00:32:48+00:00,Sensor_A,43.02
2023-10-01T00:32:49+00:00,Sensor_A,34.23
2023-10-01T00:32:50+00:00,Sensor_C,70.69
2023-10-01T00:32:51+00:00,Sensor_D,88.49
2023-10-01T00:32:52+00:00,Sensor_D,20.57
2023-10-01T00:32:53+00:00,Sensor_D,37.96
2023-10-01T00:32:54+00:00,Sensor_B,17.46
2023-10-01T00:32:55+00:00,Sensor_D,85.04
2023-10-01T00:32:56+00:00,Sensor_D,48.75
2023-10-01T00:32:57+00:00,Sensor_C,0.64
2023-10-01T00:32:58+00:00,Sensor_B,46.03
2023-10-01T00:32:59+00:00,Sensor_D,62.46
2023-10-01T00:33:00+00:00,Sensor_B,4.92
2023-10-01T00:33:01+00:00,Sensor_D,72.32
2023-10-01T00:33:02+00:00,Sensor_B,15.49
2023-10-01T00:33:03+00:00,Sensor_A,66.9
2023-10-01T00:33:04+00:00,Sensor_B,44.75
2023-10-01T00:33:05+00:00,Sensor_C,73.11
2023-10-01T00:33:06+00:00,Sensor_D,53.03
2023-10-01T00:33:07+00:00,Sensor_A,20.06
2023-10-01T00:33:08+00:00,Sensor_C,61.25
2023-10-01T00:33:09+00:00,Sensor_B,9.98
2023-10-01T00:33:10+00:00,Sensor_C,19.83
2023-10-01T00:33:11+00:00,Sensor_A,33.27
2023-10-01T00:33:12+00:00,Sensor_B,62.73
2023-10-01T00:33:13+00:00,Sensor_C,60.46
2023-10-01T00:33:14+00:00,Sensor_C,79.35
2023-10-01T00:33:15+00:00,Sensor_B,59.5
時間錯誤,Sensor_C,96.52
2023-10-01T00:33:17+00:00,Sensor_B,64.74
2023-10-01T00:33:18+00:00,Sensor_C,4.52
2023-10-01T00:33:19+00:00,Sensor_B,81.03
2023-10-01T00:33:20+00:00,Sensor_D,85.25
2023-10-01T00:33:21+00:00,Sensor_A,78.16
2023-10-01T00:33:22+00:00,Sensor_B,45.57
2023-10-01T00:33:23+00:00,Sensor_C,80.35
2023-10-01T00:33:24+00:00,Sensor_A,40.83
2023-10-01T00:33:25+00:00,Sensor_B,69.43
2023-10-01T00:33:26+00:00,Sensor_D,38.64
2023-10-01T00:33:27+00:00,Sensor_A,4.78
2023-10-01T00:33:28+00:00,Sensor_A,37.02
2023-10-01T00:33:29+00:00,Sensor_A,21.76
2023-10-01T00:33:30+00:00,Sensor_C,not_a_number
2023-10-01T00:33:31+00:00,Sensor_A,82.86
2023-10-01T00:33:32+00:00,Sensor_D,52.8
2023-10-01T00:33:33+00:00,Sensor_A,44.09
2023-10-01T00:33:34+00:00,Sensor_B,83.96
2023-10-01T00:33:35+00:00,Sensor_D,3.36
2023-10-01T00:33:36+00:00,Sensor_B,ABC
2023-10-01T00:33:37+00:00,Sensor_B,69.04
2023-10-01T00:33:38+00:00,Sensor_A,24.1
2023-10-01T00:33:39+00:00,Sensor_B,2.51
2023-10-01T00:33:40+00:00,Sensor_D,62.46
2023-10-01T00:33:41+00:00,Sensor_B,37.23
2023-10-01T00:33:42+00:00,Sensor_A,8.15
2023-10-01T00:33:43+00:00,Sensor_C,65.52
2023-10-01T00:33:44+00:00,Sensor_D,19.4
2023-10-01T00:33:45+00:00,Sensor_C,57.75
2023-10-01T00:33:46+00:00,Sensor_C,84.25
2023-10-01T00:33:47+00:00,Sensor_C,39.67
2023-10-01T00:33:48+00:00,Sensor_C,6.85
2023-10-01T00:33:49+00:00,Sensor_B,8.81
2023-10-01T00:33:50+00:00,Sensor_D,9.11
2023-10-01T00:33:51+00:00,Sensor_C,87.57
2023-10-01T00:33:52+00:00,Sensor_A,48.25
2023-10-01T00:33:53+00:00,Sensor_A,3.21
2023-10-01T00:33:54+00:00,Sensor_B,72.34
2023-10-01T00:33:55+00:00,Sensor_D,48.74
2023-10-01T00:33:56+00:00,Sensor_B,25.84
2023-10-01T00:33:57+00:00,Sensor_C,30.99
2023-10-01T00:33:58+00:00,Sensor_B,51.64
2023-10-01T00:33:59+00:00,Sensor_C,74.58
2023-10-01T00:34:00+00:00,Sensor_D,ABC
2023-10-01T00:34:01+00:00,Sensor_A,not_a_number
2023-10-01T00:34:02+00:00,Sensor_D,86.92
2023-10-01T00:34:03+00:00,Sensor_C,3.21
2023-10-01T00:34:04+00:00,Sensor_C,44.86
2023-10-01T00:34:05+00:00,Sensor_D,99.52
時間錯誤,Sensor_C,24.25
2023-10-01T00:34:07+00:00,Sensor_B,14.38
2023-10-01T00:34:08+00:00,Sensor_C,3.1415926535897932384
2023-99-99,Sensor_D,82.31
2023-10-01T00:34:10+00:00,Sensor_A,92.31
2023-10-01T00:34:11+00:00,Sensor_C,31.38
2023-10-01T00:34:12+00:00,Sensor_C,2.16
2023-10-01T00:34:13+00:00,Sensor_B,16.98
2023-10-01T00:34:14+00:00,Sensor_A,60.32
2023-10-01T00:34:15+00:00,Sensor_D,17.12
2023-10-01T00:34:16+00:00,Sensor_D,55.98
2023-10-01T00:34:17+00:00,Sensor_C,4.07
2023-10-01T00:34:18+00:00,Sensor_C,14.28
2023-10-01T00:34:19+00:00,Sensor_D,50.34
2023-10-01T00:34:20+00:00,Sensor_C,87.31
2023-10-01T00:34:21+00:00,Sensor_D,84.77
2023-10-01T00:34:22+00:00,Sensor_D,7.56
2023-10-01T00:34:23+00:00,Sensor_D,88.37
2023-10-01T00:34:24+00:00,Sensor_C,65.89
2023-10-01T00:34:25+00:00,Sensor_A,69.01
2023-10-01T00:34:26+00:00,Sensor_A,86.34
2023-10-01T00:34:27+00:00,Sensor_D,86.92
2023-10-01T00:34:28+00:00,Sensor_D,59.76
2023-10-01T00:34:29+00:00,Sensor_A,30.99
2023-10-01T00:34:30+00:00,Sensor_A,46.71
2023-10-01T00:34:31+00:00,Sensor_A,6.1
2023-10-01T00:34:32+00:00,Sensor_B,84.4
2023-10-01T00:34:33+00:00,感測器甲,1.21
2023-10-01T00:34:34+00:00,Sensor_C,25.04
2023-10-01T00:34:35+00:00,Sensor_B,31.03
2023-10-01T00:34:36+00:00,Sensor_B,3.1415926535897932384
2023-10-01T00:34:37+00:00,Sensor_C,3.1415926535897932384
2023-10-01T00:34:38+00:00,Sensor_D,84.84
2023-10-01T00:34:39+00:00,Sensor_C,0.56
2023-10-01T00:34:40+00:00,Sensor_A,82.18
2023-10-01T00:34:41+00:00,Sensor_B,60.13
2023-10-01T00:34:42+00:00,Sensor_D,75.78
2023-10-01T00:34:43+00:00,Sensor_D,27.54
2023-10-01T00:34:44+00:00,Sensor_C,ABC
2023-10-01T00:34:45+00:00,Sensor_C,46.79
2023-10-01T00:34:46+00:00,Sensor_B,49.78
2023-10-01T00:34:47+00:00,Sensor_A,14.01
2023-10-01T00:34:48+00:00,Sensor_A,70.12
2023-10-01T00:34:49+00:00,Sensor_D,34.95
2023-10-01T00:34:50+00:00,Sensor_A,3.1415926535897932384
2023-10-01T00:34:51+00:00,Sensor_A,32.93
2023-10-01T00:34:52+00:00,Sensor_C,15.35
2023-10-01T00:34:53+00:00,Sensor_D,7.0
2023-10-01T00:34:54+00:00,Sensor_B,56.16
2023-10-01T00:34:55+00:00,Sensor_D,ABC
2023-10-01T00:34:56+00:00,Sensor_D,41.32
2023-10-01T00:34:57+00:00,Sensor_A,76.78
2023-10-01T00:34:58+00:00,Sensor_A,56.8
2023-10-01T00:34:59+00:00,Sensor_A,90.63
2023-10-01T00:35:00+00:00,sénsor#@!,45.57
2023-10-01T00:35:01+00:00,Sensor_D,4.23
2023-10-01T00:35:02+00:00,Sensor_D,96.17
2023-10-01T00:35:03+00:00,Sensor_B,數值錯誤
2023-10-01T00:35:04+00:00,Sensor_D,72.97
2023-10-01T00:35:05+00:00,Sensor_C,27.99
2023-10-01T00:35:06+00:00,Sensor_D,87.85
2023-10-01T00:35:07+00:00,Sensor_D,28.08
2023-10-01T00:35:08+00:00,Sensor_A,not_a_number
2023-10-01T00:35:09+00:00,Sensor_C,20.34
2023-10-01T00:35:10+00:00,Sensor_D,72.62
2023-10-01T00:35:11+00:00,Sensor_A,10.5.2.1
2023-10-01T00:35:12+00:00,Sensor_B,4.2
2023-10-01T00:35:13+00:00,Sensor_D,31.6
2023-10-01T00:35:14+00:00,Sensor_C,46.02
2023-10-01T00:35:15+00:00,Sensor_C,67.37
2023-10-01T00:35:16+00:00,Sensor_A,56.77
2023-10-01T00:35:17+00:00,Sensor_C,77.0
2023-10-01T00:35:18+00:00,Sensor_A,25.94
2023-10-01T00:35:19+00:00,Sensor_B,86.72
2023-10-01T00:35:20+00:00,Sensor_D,3.1415926535897932384
2023-10-01T00:35:21+00:00,Sensor_C,33.03
2023-10-01T00:35:22+00:00,Sensor_C,40.96
2023-10-01T00:35:23+00:00,Sensor_D,86.76
2023-10-01T00:35:24+00:00,Sensor_C,24.75
2023-10-01T00:35:25+00:00,Sensor_C,54.05
2023-10-01T00:35:26+00:00,Sensor_A,46.85
2023-10-01T00:35:27+00:00,Sensor_A,10.5.2.1
2023-10-01T00:35:28+00:00,Sensor_A,47.42
2023-10-01T00:35:29+00:00,Sensor_C,92.88
2023-10-01T00:35:30+00:00,Sensor_D,72.35
2023-10-01T00:35:31+00:00,Sensor_D,84.19
2023-10-01T00:35:32+00:00,Sensor_B,17.15
2023-10-01T00:35:33+00:00,Sensor_A,38.43
2023-10-01T00:35:34+00:00,Sensor_C,55.74
2023-10-01T00:35:35+00:00,Sensor_D,98.98
2023-10-01T00:35:36+00:00,Sensor_D,13.59
2023-10-01T00:35:37+00:00,Sensor_B,13.61
2023-10-01T00:35:38+00:00,Sensor_A,66.73
2023-10-01T00:35:39+00:00,Sensor_A,19.13
2023-10-01T00:35:40+00:00,Sensor_A,84.79
2023-10-01T00:35:41+00:00,Sensor_D,62.13
2023-10-01T00:35:42+00:00,Sensor_A,71.25
2023-10-01T00:35:43+00:00,Sensor_B,1.46
2023-10-01T00:35:44+00:00,Sensor_A,84.32
2023-10-01T00:35:45+00:00,Sensor_D,93.74
2023-10-01T00:35:46+00:00,Sensor_D,97.7
2023-10-01T00:35:47+00:00,Sensor_B,42.73
2023-10-01T00:35:48+00:00,Sensor_C,63.48
2023-10-01T00:35:49+00:00,Sensor_D,78.02
2023-10-01T00:35:50+00:00,Sensor_A,24.77
2023-99-99,Sensor_A,27.31
時間錯誤,Sensor_A,21.32
2023-10-01T00:35:53+00:00,Sensor_A,65.84
2023-10-01T00:35:54+00:00,Sensor_B,84.06
2023-10-01T00:35:55+00:00,Sensor_D,49.12
2023-10-01T00:35:56+00:00,Sensor_B,74.86
2023-10-01T00:35:57+00:00,Sensor_B,59.65
2023-10-01T00:35:58+00:00,Sensor_A,86.92
2023-10-01T00:35:59+00:00,Sensor_B,28.55
2023-10-01T00:36:00+00:00,Sensor_D,48.68
2023-10-01T00:36:01+00:00,Sensor_A,6.16
2023-10-01T00:36:02+00:00,Sensor_B,36.69
2023-10-01T00:36:03+00:00,Sensor_B,83.03
2023-10-01T00:36:04+00:00,Sensor_B,8.71
2023-10-01T00:36:05+00:00,Sensor_D,61.84
2023-10-01T00:36:06+00:00,Sensor_A,61.5
2023-10-01T00:36:07+00:00,Sensor_A,51.74
2023-10-01T00:36:08+00:00,Sensor_D,34.65
2023-10-01T00:36:09+00:00,Sensor_B,62.12
2023-10-01T00:36:10+00:00,Sensor_D,25.37
2023-10-01T00:36:11+00:00,Sensor_A,97.04
2023-10-01T00:36:12+00:00,Sensor_D,82.59
2023-10-01T00:36:13+00:00,Sensor_D,10.5.2.1
2023-10-01T00:36:14+00:00,Sensor_D,38.47
2023-10-01T00:36:15+00:00,Sensor_C,80.72
2023-10-01T00:36:16+00:00,Sensor_A,34.57
2023-10-01T00:36:17+00:00,Sensor_A,38.5
2023-10-01T00:36:18+00:00,Sensor_A,10.5.2.1
2023-10-01T00:36:19+00:00,Sensor_B,54.07
2023-10-01T00:36:20+00:00,Sensor_D,31.09
2023-10-01T00:36:21+00:00,Sensor_A,92.49
2023-10-01T00:36:22+00:00,센서_A,3.43
2023-10-01T00:36:23+00:00,Sensor_C,40.5
2023-10-01T00:36:24+00:00,Sensor_A,29.46
2023-10-01T00:36:25+00:00,Sensor_D,78.76
2023-10-01T00:36:26+00:00,Sensor_B,0.51
2023-10-01T00:36:27+00:00,Sensor_D,79.68
2023-10-01T00:36:28+00:00,Sensor_D,2.37
2023-10-01T00:36:29+00:00,Sensor_B,61.15
2023-10-01T00:36:30+00:00,Sensor_A,23.28
2023-10-01T00:36:31+00:00,Sensor_D,64.46
2023-10-01T00:36:32+00:00,Sensor_D,92.48
2023-10-01T00:36:33+00:00,Sensor_C,55.95
2023-10-01T00:36:34+00:00,Sensor_C,62.44
2023-10-01T00:36:35+00:00,Sensor_A,53.78
2023-10-01T00:36:36+00:00,Sensor_B,73.08
2023-10-01T00:36:37+00:00,Sensor_B,64.68
2023-10-01T00:36:38+00:00,Sensor_D,88.29
2023-10-01T00:36:39+00:00,Sensor_D,61.49
2023-10-01T00:36:40+00:00,Sensor_B,8.57
2023-10-01T00:36:41+00:00,Sensor_D,71.7
2023-10-01T00:36:42+00:00,Sensor_A,53.79
2023-10-01T00:36:43+00:00,Sensor_A,69.31
2023-10-01T00:36:44+00:00,Sensor_D,18.02
2023-10-01T00:36:45+00:00,Sensor_B,27.6
2023-10-01T00:36:46+00:00,Sensor_A,66.43
2023-10-01T00:36:47+00:00,Sensor_A,21.99
2023-10-01T00:36:48+00:00,Sensor_D,0.07
2023-10-01T00:36:49+00:00,Sensor_C,3.1415926535897932384
2023-10-01T00:36:50+00:00,Sensor_D,5.41
2023-10-01T00:36:51+00:00,Sensor_C,數值錯誤
2023-10-01T00:36:52+00:00,Sensor_B,45.48
2023-10-01T00:36:53+00:00,Sensor_B,77.94
2023-10-01T00:36:54+00:00,Sensor_D,56.24
2023-10-01T00:36:55+00:00,Sensor_A,9.43
2023-10-01T00:36:56+00:00,Sensor_D,90.71
2023-10-01T00:36:57+00:00,Sensor_C,77.8
2023-10-01T00:36:58+00:00,Sensor_C,95.21
2023-10-01T00:36:59+00:00,Sensor_B,42.73
2023-10-01T00:37:00+00:00,Sensor_B,49.69
2023-10-01T00:37:01+00:00,Sensor_A,17.15
2023-10-01T00:37:02+00:00,Sensor_C,36.35
2023-10-01T00:37:03+00:00,Sensor_B,10.77
2023-10-01T00:37:04+00:00,Sensor_B,79.13
2023-10-01T00:37:05+00:00,Sensor_D,78.0
2023-10-01T00:37:06+00:00,Sensor_B,3.1415926535897932384
2023-10-01T00:37:07+00:00,Sensor_D,18.0
2023-10-01T00:37:08+00:00,Sensor_B,80.18
2023-10-01T00:37:09+00:00,Sensor_C,2.87
2023-10-01T00:37:10+00:00,Sensor_B,7.03
2023-10-01T00:37:11+00:00,Sensor_D,40.43
2023-10-01T00:37:12+00:00,Sensor_A,91.2
2023-10-01T00:37:13+00:00,Sensor_A,56.08
2023-10-01T00:37:14+00:00,Sensor_D,41.85
2023-10-01T00:37:15+00:00,Sensor_B,67.07
2023-10-01T00:37:16+00:00,Sensor_B,4.29
2023-10-01T00:37:17+00:00,Sensor_A,not_a_number
2023-10-01T00:37:18+00:00,Sensor_C,12.8
2023-10-01T00:37:19+00:00,Sensor_D,86.61
2023-10-01T00:37:20+00:00,Sensor_C,72.48
2023-10-01T00:37:21+00:00,Sensor_B,99.45
2023-10-01T00:37:22+00:00,sénsor#@!,2.91
2023-10-01T00:37:23+00:00,Sensor_B,25.63
2023-10-01T00:37:24+00:00,Sensor_B,12.97
2023-10-01T00:37:25+00:00,Sensor_B,68.3
2023-10-01T00:37:26+00:00,センサー_1,31.06
2023-10-01T00:37:27+00:00,Sensor_A,3.1415926535897932384
2023-10-01T00:37:28+00:00,Sensor_A,ABC
2023-10-01T00:37:29+00:00,Sensor_B,80.05
2023-10-01T00:37:30+00:00,Sensor_A,51.08
2023-10-01T00:37:31+00:00,Sensor_C,37.71
2023-10-01T00:37:32+00:00,Sensor_B,10.5.2.1
2023-10-01T00:37:33+00:00,Sensor_B,93.63
2023-10-01T00:37:34+00:00,Sensor_B,61.51
2023-10-01T00:37:35+00:00,Sensor_B,84.13
2023-99-99,Sensor_D,32.61
2023-10-01T00:37:37+00:00,sénsor#@!,97.28
2023-10-01T00:37:38+00:00,Sensor_D,98.97
2023-10-01T00:37:39+00:00,Sensor_A,23.05
2023-10-01T00:37:40+00:00,Sensor_C,42.24
2023-10-01T00:37:41+00:00,Sensor_D,33.99
2023-10-01T00:37:42+00:00,Sensor_B,98.6
2023-10-01T00:37:43+00:00,Sensor_C,7.7
2023-10-01T00:37:44+00:00,Sensor_A,38.53
2023-10-01T00:37:45+00:00,Sensor_C,41.58
2023-10-01T00:37:46+00:00,Sensor_B,82.99
2023-10-01T00:37:47+00:00,Sensor_A,60.78
2023-10-01T00:37:48+00:00,Sensor_A,10.5.2.1
2023-10-01T00:37:49+00:00,Sensor_D,50.82
2023-10-01T00:37:50+00:00,Sensor_C,88.34
2023-10-01T00:37:51+00:00,Sensor_C,35.17
2023-10-01T00:37:52+00:00,Sensor_B,90.72
2023-10-01T00:37:53+00:00,Sensor_A,6.63
2023-10-01T00:37:54+00:00,Sensor_A,43.6
2023-10-01T00:37:55+00:00,Sensor_B,92.76
2023-10-01T00:37:56+00:00,Sensor_B,37.87
2023-10-01T00:37:57+00:00,Sensor_A,12.68
2023-10-01T00:37:58+00:00,Sensor_B,84.12
2023-10-01T00:37:59+00:00,Sensor_A,95.22
2023-10-01T00:38:00+00:00,Sensor_D,62.98
2023-10-01T00:38:01+00:00,Sensor_C,0.71
2023-10-01T00:38:02+00:00,Sensor_C,8.28
2023-10-01T00:38:03+00:00,Sensor_B,23.4
2023-10-01T00:38:04+00:00,Sensor_D,92.39
2023-10-01T00:38:05+00:00,Sensor_B,74.4
2023-10-01T00:38:06+00:00,Sensor_D,36.85
2023-10-01T00:38:07+00:00,Sensor_C,99.62
2023-10-01T00:38:08+00:00,Sensor_B,12.53
2023-10-01T00:38:09+00:00,sénsor#@!,5.9
2023-10-01T00:38:10+00:00,Sensor_D,93.92
2023-10-01T00:38:11+00:00,Sensor_A,93.66
2023-10-01T00:38:12+00:00,Sensor_B,20.36
2023-10-01T00:38:13+00:00,Sensor_D,20.53
2023-10-01T00:38:14+00:00,Sensor_C,9.58
2023-10-01T00:38:15+00:00,Sensor_D,22.08
2023-10-01T00:38:16+00:00,Sensor_D,ABC
2023-10-01T00:38:17+00:00,Sensor_C,數值錯誤
2023-10-01T00:38:18+00:00,Sensor_D,49.76
2023-10-01T00:38:19+00:00,Sensor_D,20.7
2023-10-01T00:38:20+00:00,Sensor_C,97.65
2023-10-01T00:38:21+00:00,Sensor_B,56.35
2023-10-01T00:38:22+00:00,Sensor_B,21.4
2023-10-01T00:38:23+00:00,Sensor_C,51.63
???,Sensor_D,74.28
2023-10-01T00:38:25+00:00,Sensor_D,80.6
2023-10-01T00:38:26+00:00,Sensor_D,41.73
2023-10-01T00:38:27+00:00,Sensor_B,49.63
2023-10-01T00:38:28+00:00,Sensor_D,8.12
2023-10-01T00:38:29+00:00,Sensor_C,30.64
時間錯誤,Sensor_D,64.99
2023-10-01T00:38:31+00:00,Sensor_B,34.89
2023-10-01T00:38:32+00:00,Sensor_A,48.51
2023-10-01T00:38:33+00:00,Sensor_C,47.48
2023-10-01T00:38:34+00:00,Sensor_C,86.9
2023-10-01T00:38:35+00:00,Sensor_B,92.98
2023-10-01T00:38:36+00:00,Sensor_C,6.06
2023-10-01T00:38:37+00:00,Sensor_C,40.38
2023-10-01T00:38:38+00:00,Sensor_D,4.25
2023-10-01T00:38:39+00:00,Sensor_C,1.3
2023-10-01T00:38:40+00:00,Sensor_D,95.64
2023-10-01T00:38:41+00:00,Sensor_A,99.06
2023-10-01T00:38:42+00:00,Sensor_C,7.66
2023-10-01T00:38:43+00:00,Sensor_D,40.33
2023-10-01T00:38:44+00:00,Sensor_C,27.99
2023-10-01T00:38:45+00:00,Sensor_A,80.67
2023-10-01T00:38:46+00:00,Sensor_A,39.57
2023-10-01T00:38:47+00:00,Sensor_D,75.84
2023-10-01T00:38:48+00:00,Sensor_B,10.21
2023-10-01T00:38:49+00:00,Sensor_B,89.17
2023-10-01T00:38:50+00:00,Sensor_B,31.39
2023-10-01T00:38:51+00:00,sénsor#@!,50.55
2023-10-01T00:38:52+00:00,Sensor_B,54.35
2023-10-01T00:38:53+00:00,Sensor_C,88.58
2023-10-01T00:38:54+00:00,Sensor_C,51.92
2023-10-01T00:38:55+00:00,Sensor_C,61.46
2023-10-01T00:38:56+00:00,Sensor_D,40.97
2023-10-01T00:38:57+00:00,Sensor_D,73.12
2023-10-01T00:38:58+00:00,Sensor_C,27.82
2023-10-01T00:38:59+00:00,Sensor_C,90.02
2023-10-01T00:39:00+00:00,Sensor_A,63.46
2023-10-01T00:39:01+00:00,Sensor_D,68.11
2023-10-01T00:39:02+00:00,Sensor_D,56.26
2023-10-01T00:39:03+00:00,Sensor_C,91.99
2023-10-01T00:39:04+00:00,Sensor_D,12.27
2023-10-01T00:39:05+00:00,Sensor_D,10.5.2.1
2023-10-01T00:39:06+00:00,Sensor_C,26.63
2023-10-01T00:39:07+00:00,Sensor_B,9.57
2023-10-01T00:39:08+00:00,Sensor_C,47.38
2023-10-01T00:39:09+00:00,Sensor_C,數值錯誤
2023-10-01T00:39:10+00:00,センサー_1,3.83
2023-10-01T00:39:11+00:00,Sensor_C,81.14
2023-10-01T00:39:12+00:00,Sensor_C,93.31
2023-10-01T00:39:13+00:00,Sensor_A,80.82
2023-10-01T00:39:14+00:00,Sensor_C,15.13
2023-10-01T00:39:15+00:00,Sensor_A,22.77
2023-10-01T00:39:16+00:00,Sensor_A,61.69
2023-10-01T00:39:17+00:00,Sensor_D,65.89
2023-10-01T00:39:18+00:00,Sensor_D,61.43
2023-10-01T00:39:19+00:00,Sensor_A,91.47
2023-10-01T00:39:20+00:00,Sensor_B,32.72
2023-10-01T00:39:21+00:00,Sensor_B,22.9
2023-10-01T00:39:22+00:00,Sensor_A,66.71
2023-10-01T00:39:23+00:00,Sensor_C,21.75
2023-10-01T00:39:24+00:00,Sensor_B,10.5.2.1
2023-10-01T00:39:25+00:00,Sensor_B,42.71
2023-10-01T00:39:26+00:00,Sensor_D,46.88
2023-10-01T00:39:27+00:00,Sensor_D,ABC
2023-10-01T00:39:28+00:00,Sensor_A,97.01
2023-10-01T00:39:29+00:00,Sensor_C,3.42
2023-10-01T00:39:30+00:00,Sensor_A,84.3
2023-10-01T00:39:31+00:00,Sensor_D,0.16
2023-10-01T00:39:32+00:00,Sensor_D,68.29
2023-10-01T00:39:33+00:00,Sensor_C,67.7
2023-10-01T00:39:34+00:00,Sensor_A,77.99
2023-10-01T00:39:35+00:00,Sensor_B,3.1415926535897932384
2023-10-01T00:39:36+00:00,Sensor_C,13.54
2023-10-01T00:39:37+00:00,Sensor_A,60.36
2023-10-01T00:39:38+00:00,Sensor_B,16.01
2023-10-01T00:39:39+00:00,Sensor_A,17.14
2023-10-01T00:39:40+00:00,Sensor_A,3.69
2023-10-01T00:39:41+00:00,Sensor_A,84.56
2023-10-01T00:39:42+00:00,Sensor_C,70.15
2023-10-01T00:39:43+00:00,Sensor_D,ABC
2023-10-01T00:39:44+00:00,Sensor_D,95.23
2023-10-01T00:39:45+00:00,Sensor_B,99.19
2023-10-01T00:39:46+00:00,Sensor_A,15.78
2023-10-01T00:39:47+00:00,Sensor_D,32.05
2023-10-01T00:39:48+00:00,Sensor_A,81.47
2023-10-01T00:39:49+00:00,Sensor_B,40.33
2023-10-01T00:39:50+00:00,Sensor_C,10.5.2.1
2023-10-01T00:39:51+00:00,Sensor_D,61.48
2023-10-01T00:39:52+00:00,Sensor_C,30.01
時間錯誤,Sensor_C,98.69
2023-10-01T00:39:54+00:00,センサー_1,44.64
2023-10-01T00:39:55+00:00,Sensor_A,14.26
2023-10-01T00:39:56+00:00,Sensor_B,20.41
2023-10-01T00:39:57+00:00,sénsor#@!,62.01
2023-10-01T00:39:58+00:00,Sensor_D,65.77
2023-10-01T00:39:59+00:00,Sensor_D,43.83
2023-10-01T00:40:00+00:00,感測器甲,32.28
2023-10-01T00:40:01+00:00,Sensor_C,77.9
2023-10-01T00:40:02+00:00,Sensor_D,5.36
2023-10-01T00:40:03+00:00,Sensor_A,20.34
2023-10-01T00:40:04+00:00,Sensor_B,32.65
2023-10-01T00:40:05+00:00,Sensor_B,20.63
2023-10-01T00:40:06+00:00,Sensor_D,86.49
2023-10-01T00:40:07+00:00,Sensor_D,57.9
2023-10-01T00:40:08+00:00,Sensor_B,71.78
2023-10-01T00:40:09+00:00,Sensor_C,78.65
2023-10-01T00:40:10+00:00,Sensor_C,80.73
2023-10-01T00:40:11+00:00,Sensor_A,94.29
2023-10-01T00:40:12+00:00,Sensor_B,39.8
2023-10-01T00:40:13+00:00,Sensor_B,21.64
2023-10-01T00:40:14+00:00,Sensor_D,38.71
2023-10-01T00:40:15+00:00,Sensor_A,72.26
2023-10-01T00:40:16+00:00,Sensor_B,21.58
2023-10-01T00:40:17+00:00,Sensor_B,27.23
2023-10-01T00:40:18+00:00,Sensor_A,41.64
2023-10-01T00:40:19+00:00,Sensor_B,93.53
2023-10-01T00:40:20+00:00,Sensor_B,49.39
2023-10-01T00:40:21+00:00,Sensor_B,27.16
2023-10-01T00:40:22+00:00,Sensor_C,67.16
2023-10-01T00:40:23+00:00,🔥Sensor,72.32
2023-10-01T00:40:24+00:00,Sensor_C,92.81
2023-10-01T00:40:25+00:00,Sensor_B,38.72
2023-10-01T00:40:26+00:00,Sensor_B,59.24
2023-10-01T00:40:27+00:00,Sensor_A,44.47
2023-10-01T00:40:28+00:00,Sensor_C,4.4
2023-99-99,Sensor_C,39.45
時間錯誤,Sensor_C,95.5
2023-10-01T00:40:31+00:00,Sensor_B,74.38
2023-10-01T00:40:32+00:00,Sensor_B,58.4
2023-10-01T00:40:33+00:00,Sensor_C,10.5.2.1
2023-10-01T00:40:34+00:00,Sensor_B,46.21
2023-10-01T00:40:35+00:00,Sensor_D,41.8
2023-10-01T00:40:36+00:00,Sensor_C,31.97
2023-10-01T00:40:37+00:00,Sensor_A,36.48
2023-10-01T00:40:38+00:00,Sensor_B,73.76
2023-10-01T00:40:39+00:00,Sensor_B,91.66
2023-10-01T00:40:40+00:00,Sensor_C,3.1415926535897932384
2023-10-01T00:40:41+00:00,Sensor_C,18.3
2023-10-01T00:40:42+00:00,Sensor_C,3.4
2023-10-01T00:40:43+00:00,Sensor_A,52.49
2023-10-01T00:40:44+00:00,Sensor_A,61.55
2023-10-01T00:40:45+00:00,Sensor_A,42.43
2023-10-01T00:40:46+00:00,Sensor_D,2.11
2023-10-01T00:40:47+00:00,Sensor_D,65.0
2023-10-01T00:40:48+00:00,Sensor_D,24.23
2023-10-01T00:40:49+00:00,Sensor_D,12.96
2023-10-01T00:40:50+00:00,Sensor_B,43.33
2023-10-01T00:40:51+00:00,Sensor_C,47.18
2023-10-01T00:40:52+00:00,Sensor_B,86.98
2023-10-01T00:40:53+00:00,Sensor_B,97.28
2023-10-01T00:40:54+00:00,Sensor_C,17.28
2023-10-01T00:40:55+00:00,Sensor_D,59.47
2023-10-01T00:40:56+00:00,Sensor_A,5.72
2023-10-01T00:40:57+00:00,Sensor_C,91.98
2023-10-01T00:40:58+00:00,Sensor_B,80.97
2023-10-01T00:40:59+00:00,Sensor_B,79.93
2023-10-01T00:41:00+00:00,Sensor_C,76.67
2023-10-01T00:41:01+00:00,Sensor_A,39.41
2023-10-01T00:41:02+00:00,Sensor_A,9.99
2023-10-01T00:41:03+00:00,Sensor_B,81.23
2023-10-01T00:41:04+00:00,Sensor_A,91.03
2023-10-01T00:41:05+00:00,Sensor_C,56.72
2023-10-01T00:41:06+00:00,Sensor_C,12.07
2023-10-01T00:41:07+00:00,Sensor_B,7.82
2023-10-01T00:41:08+00:00,Sensor_D,22.53
2023-10-01T00:41:09+00:00,Sensor_D,41.43
2023-10-01T00:41:10+00:00,Sensor_A,42.54
2023-10-01T00:41:11+00:00,Sensor_A,21.01
2023-10-01T00:41:12+00:00,Sensor_A,76.36
2023-10-01T00:41:13+00:00,Sensor_D,59.81
2023-10-01T00:41:14+00:00,Sensor_B,16.58
2023-10-01T00:41:15+00:00,Sensor_A,25.3
2023-10-01T00:41:16+00:00,Sensor_B,85.15
2023-10-01T00:41:17+00:00,Sensor_D,10.18
2023-10-01T00:41:18+00:00,Sensor_B,3.3
2023-10-01T00:41:19+00:00,Sensor_C,74.92
2023-10-01T00:41:20+00:00,Sensor_D,37.84
2023-10-01T00:41:21+00:00,Sensor_A,95.94
2023-10-01T00:41:22+00:00,Sensor_B,10.5.2.1
2023-10-01T00:41:23+00:00,Sensor_A,5.81
2023-10-01T00:41:24+00:00,Sensor_A,7.36
2023-10-01T00:41:25+00:00,Sensor_C,20.25
2023-10-01T00:41:26+00:00,Sensor_B,33.44
2023-10-01T00:41:27+00:00,Sensor_D,24.31
2023-10-01T00:41:28+00:00,Sensor_B,72.98
2023-10-01T00:41:29+00:00,Sensor_A,44.57
2023-10-01T00:41:30+00:00,Sensor_D,14.76
2023-10-01T00:41:31+00:00,Sensor_C,8.4
2023-10-01T00:41:32+00:00,Sensor_B,6.48
2023-10-01T00:41:33+00:00,Sensor_C,60.33
2023-10-01T00:41:34+00:00,Sensor_B,74.96
2023-10-01T00:41:35+00:00,Sensor_A,26.17
2023-10-01T00:41:36+00:00,Sensor_A,13.0
2023-10-01T00:41:37+00:00,Sensor_D,46.57
2023-10-01T00:41:38+00:00,Sensor_D,17.81
2023-10-01T00:41:39+00:00,Sensor_D,36.14
2023-10-01T00:41:40+00:00,Sensor_D,23.36
2023-10-01T00:41:41+00:00,Sensor_C,33.24
2023-10-01T00:41:42+00:00,Sensor_A,98.65
2023-10-01T00:41:43+00:00,Sensor_D,20.87
2023-10-01T00:41:44+00:00,Sensor_D,12.31
2023-10-01T00:41:45+00:00,Sensor_C,92.55
2023-10-01T00:41:46+00:00,Sensor_C,85.42
2023-10-01T00:41:47+00:00,Sensor_C,97.33
2023-10-01T00:41:48+00:00,Sensor_B,69.67
2023-10-01T00:41:49+00:00,Sensor_A,77.52
2023-10-01T00:41:50+00:00,Sensor_D,19.04
2023-99-99,Sensor_B,58.4
2023-10-01T00:41:52+00:00,Sensor_A,76.38
2023-10-01T00:41:53+00:00,Sensor_D,96.48
2023-10-01T00:41:54+00:00,Sensor_D,6.84
2023-10-01T00:41:55+00:00,Sensor_C,54.81
2023-10-01T00:41:56+00:00,Sensor_C,91.37
2023-10-01T00:41:57+00:00,Sensor_C,48.43
2023-10-01T00:41:58+00:00,Sensor_C,91.3
2023-10-01T00:41:59+00:00,Sensor_B,98.64
2023-10-01T00:42:00+00:00,Sensor_C,18.19
2023-10-01T00:42:01+00:00,Sensor_B,35.08
2023-10-01T00:42:02+00:00,Sensor_B,71.19
2023-10-01T00:42:03+00:00,Sensor_D,74.97
2023-10-01T00:42:04+00:00,Sensor_D,11.69
2023-10-01T00:42:05+00:00,Sensor_D,8.2
2023-10-01T00:42:06+00:00,Sensor_D,38.47
2023-10-01T00:42:07+00:00,Sensor_C,92.3
2023-10-01T00:42:08+00:00,Sensor_C,82.76
2023-10-01T00:42:09+00:00,Sensor_D,70.47
2023-10-01T00:42:10+00:00,Sensor_C,4.37
2023-10-01T00:42:11+00:00,Sensor_C,1.01
2023-10-01T00:42:12+00:00,Sensor_D,42.14
2023-10-01T00:42:13+00:00,Sensor_C,30.02
2023-10-01T00:42:14+00:00,Sensor_A,35.39
2023-10-01T00:42:15+00:00,Sensor_B,52.6
2023-10-01T00:42:16+00:00,Sensor_C,92.09
2023-10-01T00:42:17+00:00,Sensor_A,96.6
2023-10-01T00:42:18+00:00,Sensor_A,42.82
2023-10-01T00:42:19+00:00,Sensor_A,ABC
2023-10-01T00:42:20+00:00,Sensor_C,77.98
2023-10-01T00:42:21+00:00,Sensor_B,28.5
2023-10-01T00:42:22+00:00,Sensor_C,31.82
2023-10-01T00:42:23+00:00,Sensor_A,66.94
2023-10-01T00:42:24+00:00,Sensor_D,40.42
2023-10-01T00:42:25+00:00,Sensor_A,53.87
2023-10-01T00:42:26+00:00,Sensor_C,65.36
2023-10-01T00:42:27+00:00,Sensor_B,53.79
2023-10-01T00:42:28+00:00,Sensor_A,3.1415926535897932384
2023-10-01T00:42:29+00:00,Sensor_A,90.44
2023-10-01T00:42:30+00:00,Sensor_D,49.23
2023-10-01T00:42:31+00:00,Sensor_B,75.54
2023-10-01T00:42:32+00:00,Sensor_B,60.78
2023-10-01T00:42:33+00:00,Sensor_A,26.02
2023-10-01T00:42:34+00:00,Sensor_B,70.81
2023-10-01T00:42:35+00:00,Sensor_C,78.8
invalid_time,Sensor_A,77.13
2023-10-01T00:42:37+00:00,Sensor_A,38.76
2023-10-01T00:42:38+00:00,Sensor_A,17.82
2023-10-01T00:42:39+00:00,Sensor_D,17.9
2023-10-01T00:42:40+00:00,Sensor_B,51.5
2023-10-01T00:42:41+00:00,Sensor_D,70.49
2023-10-01T00:42:42+00:00,Sensor_A,2.79
2023-10-01T00:42:43+00:00,Sensor_B,4.48
2023-10-01T00:42:44+00:00,Sensor_D,61.55
2023-10-01T00:42:45+00:00,Sensor_C,51.28
2023-10-01T00:42:46+00:00,Sensor_A,42.08
2023-10-01T00:42:47+00:00,Sensor_A,10.38
2023-10-01T00:42:48+00:00,Sensor_C,63.12
2023-10-01T00:42:49+00:00,Sensor_C,41.61
2023-10-01T00:42:50+00:00,Sensor_D,40.02
2023-10-01T00:42:51+00:00,Sensor_D,6.91
2023-10-01T00:42:52+00:00,Sensor_D,57.43
2023-10-01T00:42:53+00:00,Sensor_C,28.94
2023-10-01T00:42:54+00:00,Sensor_C,3.47
2023-10-01T00:42:55+00:00,Sensor_B,98.81
2023-10-01T00:42:56+00:00,Sensor_A,8.48
2023-10-01T00:42:57+00:00,Sensor_D,92.28
2023-10-01T00:42:58+00:00,Sensor_C,90.61
2023-10-01T00:42:59+00:00,Sensor_A,53.07
2023-10-01T00:43:00+00:00,Sensor_A,4.14
2023-10-01T00:43:01+00:00,Sensor_C,58.81
2023-10-01T00:43:02+00:00,Sensor_B,10.5.2.1
2023-10-01T00:43:03+00:00,Sensor_C,78.06
2023-10-01T00:43:04+00:00,Sensor_C,37.18
2023-10-01T00:43:05+00:00,Sensor_C,83.22
2023-10-01T00:43:06+00:00,Sensor_D,not_a_number
2023-10-01T00:43:07+00:00,Sensor_D,54.18
2023-10-01T00:43:08+00:00,Sensor_A,ABC
2023-10-01T00:43:09+00:00,Sensor_C,45.06
2023-10-01T00:43:10+00:00,Sensor_B,40.88
2023-10-01T00:43:11+00:00,Sensor_D,23.72
2023-10-01T00:43:12+00:00,Sensor_C,58.18
2023-10-01T00:43:13+00:00,Sensor_A,3.1415926535897932384
2023-10-01T00:43:14+00:00,Sensor_C,86.38
2023-10-01T00:43:15+00:00,Sensor_A,96.17
2023-10-01T00:43:16+00:00,Sensor_C,59.81
2023-10-01T00:43:17+00:00,Sensor_A,80.97
2023-10-01T00:43:18+00:00,Sensor_B,72.07
2023-10-01T00:43:19+00:00,Sensor_D,29.65
2023-10-01T00:43:20+00:00,Sensor_B,24.99
2023-10-01T00:43:21+00:00,Sensor_C,44.61
2023-10-01T00:43:22+00:00,Sensor_A,3.1415926535897932384
2023-10-01T00:43:23+00:00,Sensor_A,2.2
2023-10-01T00:43:24+00:00,Sensor_C,70.02
2023-10-01T00:43:25+00:00,Sensor_C,16.51
2023-10-01T00:43:26+00:00,Sensor_B,65.31
2023-10-01T00:43:27+00:00,Sensor_D,82.06
2023-10-01T00:43:28+00:00,Sensor_D,2.67
2023-10-01T00:43:29+00:00,Sensor_A,18.26
2023-10-01T00:43:30+00:00,Sensor_B,64.62
2023-10-01T00:43:31+00:00,Sensor_C,45.18
2023-10-01T00:43:32+00:00,Sensor_A,97.68
2023-10-01T00:43:33+00:00,Sensor_B,72.2
2023-10-01T00:43:34+00:00,Sensor_C,41.04
2023-10-01T00:43:35+00:00,Sensor_D,86.18
2023-10-01T00:43:36+00:00,Sensor_C,72.27
2023-10-01T00:43:37+00:00,Sensor_A,43.28
2023-10-01T00:43:38+00:00,Sensor_B,63.17
2023-10-01T00:43:39+00:00,Sensor_D,21.88
2023-10-01T00:43:40+00:00,Sensor_B,24.71
2023-10-01T00:43:41+00:00,Sensor_A,16.89
2023-10-01T00:43:42+00:00,Sensor_C,69.5
2023-10-01T00:43:43+00:00,Sensor_A,22.38
2023-10-01T00:43:44+00:00,Sensor_A,68.15
2023-10-01T00:43:45+00:00,Sensor_D,20.19
2023-10-01T00:43:46+00:00,Sensor_B,1.7
2023-10-01T00:43:47+00:00,Sensor_B,7.5
2023-10-01T00:43:48+00:00,Sensor_A,8.62
2023-10-01T00:43:49+00:00,Sensor_A,79.85
2023-10-01T00:43:50+00:00,Sensor_C,37.97
2023-10-01T00:43:51+00:00,Sensor_C,56.77
2023-10-01T00:43:52+00:00,Sensor_D,86.99
2023-10-01T00:43:53+00:00,Sensor_A,59.87
2023-10-01T00:43:54+00:00,Sensor_D,78.86
2023-10-01T00:43:55+00:00,Sensor_B,91.31
2023-10-01T00:43:56+00:00,Sensor_C,45.99
2023-10-01T00:43:57+00:00,Sensor_C,74.81
2023-10-01T00:43:58+00:00,Sensor_B,96.1
2023-10-01T00:43:59+00:00,Sensor_D,65.29
2023-10-01T00:44:00+00:00,Sensor_D,48.25
2023-10-01T00:44:01+00:00,Sensor_A,86.7
2023-10-01T00:44:02+00:00,Sensor_A,81.89
2023-10-01T00:44:03+00:00,Sensor_B,75.62
2023-10-01T00:44:04+00:00,Sensor_C,96.27
2023-10-01T00:44:05+00:00,Sensor_A,56.41
2023-10-01T00:44:06+00:00,Sensor_C,33.62
2023-10-01T00:44:07+00:00,Sensor_C,86.75
2023-10-01T00:44:08+00:00,Sensor_C,31.47
2023-10-01T00:44:09+00:00,Sensor_A,78.87
2023-10-01T00:44:10+00:00,Sensor_D,20.9
2023-10-01T00:44:11+00:00,Sensor_A,66.06
2023-10-01T00:44:12+00:00,Sensor_D,36.3
2023-10-01T00:44:13+00:00,🔥Sensor,21.75
2023-10-01T00:44:14+00:00,Sensor_C,17.13
2023-10-01T00:44:15+00:00,Sensor_B,30.85
2023-10-01T00:44:16+00:00,Sensor_B,15.27
2023-10-01T00:44:17+00:00,Sensor_A,23.48
2023-10-01T00:44:18+00:00,Sensor_D,5.51
2023-10-01T00:44:19+00:00,Sensor_D,65.01
2023-10-01T00:44:20+00:00,Sensor_C,86.26
2023-10-01T00:44:21+00:00,Sensor_A,71.2
2023-10-01T00:44:22+00:00,Sensor_C,39.67
2023-10-01T00:44:23+00:00,Sensor_B,49.24
2023-10-01T00:44:24+00:00,Sensor_B,53.8
2023-10-01T00:44:25+00:00,Sensor_B,70.22
2023-10-01T00:44:26+00:00,Sensor_D,64.58
2023-10-01T00:44:27+00:00,Sensor_C,3.45
2023-10-01T00:44:28+00:00,Sensor_D,82.75
2023-10-01T00:44:29+00:00,Sensor_A,60.13
2023-10-01T00:44:30+00:00,Sensor_C,33.15
2023-10-01T00:44:31+00:00,Sensor_B,68.26
???,Sensor_B,92.99
2023-10-01T00:44:33+00:00,Sensor_C,20.4
2023-10-01T00:44:34+00:00,Sensor_B,0.41
2023-10-01T00:44:35+00:00,Sensor_A,6.06
2023-10-01T00:44:36+00:00,Sensor_D,13.06
2023-10-01T00:44:37+00:00,Sensor_A,19.42
2023-10-01T00:44:38+00:00,Sensor_D,14.23
2023-10-01T00:44:39+00:00,Sensor_A,55.24
2023-10-01T00:44:40+00:00,Sensor_B,91.47
2023-10-01T00:44:41+00:00,Sensor_A,52.0
2023-10-01T00:44:42+00:00,Sensor_D,89.67
2023-10-01T00:44:43+00:00,Sensor_D,43.83
2023-10-01T00:44:44+00:00,Sensor_D,3.1415926535897932384
2023-10-01T00:44:45+00:00,Sensor_A,78.2
2023-10-01T00:44:46+00:00,Sensor_B,60.23
2023-10-01T00:44:47+00:00,Sensor_A,23.35
2023-10-01T00:44:48+00:00,Sensor_B,12.6
2023-10-01T00:44:49+00:00,Sensor_C,28.22
2023-10-01T00:44:50+00:00,Sensor_B,14.65
2023-10-01T00:44:51+00:00,Sensor_A,54.56
2023-10-01T00:44:52+00:00,Sensor_B,28.83
2023-10-01T00:44:53+00:00,Sensor_B,93.73
2023-10-01T00:44:54+00:00,Sensor_B,31.31
2023-10-01T00:44:55+00:00,Sensor_C,32.31
2023-10-01T00:44:56+00:00,Sensor_C,60.16
2023-10-01T00:44:57+00:00,Sensor_A,65.23
2023-10-01T00:44:58+00:00,感測器甲,56.0
2023-10-01T00:44:59+00:00,Sensor_A,23.11
2023-10-01T00:45:00+00:00,Sensor_C,10.5.2.1
2023-10-01T00:45:01+00:00,Sensor_C,85.96
2023-10-01T00:45:02+00:00,Sensor_C,77.95
2023-10-01T00:45:03+00:00,Sensor_A,53.04
2023-10-01T00:45:04+00:00,Sensor_B,82.43
2023-10-01T00:45:05+00:00,Sensor_D,90.77
2023-10-01T00:45:06+00:00,Sensor_C,95.45
2023-10-01T00:45:07+00:00,Sensor_C,71.3
2023-10-01T00:45:08+00:00,Sensor_D,60.74
2023-10-01T00:45:09+00:00,Sensor_D,89.89
2023-10-01T00:45:10+00:00,Sensor_C,9.53
2023-10-01T00:45:11+00:00,Sensor_C,10.5.2.1
2023-10-01T00:45:12+00:00,Sensor_D,76.41
2023-10-01T00:45:13+00:00,Sensor_D,65.91
2023-10-01T00:45:14+00:00,Sensor_A,15.71
2023-10-01T00:45:15+00:00,Sensor_C,89.2
2023-10-01T00:45:16+00:00,Sensor_D,13.67
2023-10-01T00:45:17+00:00,Sensor_C,3.15
2023-10-01T00:45:18+00:00,Sensor_C,92.02
2023-10-01T00:45:19+00:00,Sensor_C,38.1
2023-10-01T00:45:20+00:00,Sensor_C,79.62
2023-10-01T00:45:21+00:00,Sensor_B,3.18
2023-10-01T00:45:22+00:00,Sensor_C,75.7
2023-10-01T00:45:23+00:00,Sensor_B,76.66
2023-10-01T00:45:24+00:00,Sensor_C,3.77
2023-10-01T00:45:25+00:00,Sensor_B,71.51
2023-10-01T00:45:26+00:00,Sensor_A,88.33
2023-10-01T00:45:27+00:00,Sensor_C,4.53
2023-10-01T00:45:28+00:00,Sensor_C,54.9
2023-10-01T00:45:29+00:00,Sensor_B,44.25
2023-10-01T00:45:30+00:00,Sensor_C,38.73
2023-10-01T00:45:31+00:00,Sensor_A,80.18
2023-10-01T00:45:32+00:00,Sensor_D,9.4
2023-10-01T00:45:33+00:00,Sensor_B,30.26
2023-10-01T00:45:34+00:00,Sensor_B,4.5
2023-10-01T00:45:35+00:00,Sensor_C,3.1415926535897932384
2023-10-01T00:45:36+00:00,Sensor_D,14.53
2023-10-01T00:45:37+00:00,Sensor_D,41.59
2023-10-01T00:45:38+00:00,Sensor_B,97.12
2023-10-01T00:45:39+00:00,Sensor_C,27.37
2023-10-01T00:45:40+00:00,Sensor_A,27.96
2023-10-01T00:45:41+00:00,Sensor_D,89.23
2023-10-01T00:45:42+00:00,Sensor_D,2.32
2023-10-01T00:45:43+00:00,🔥Sensor,78.73
2023-10-01T00:45:44+00:00,Sensor_D,5.27
2023-10-01T00:45:45+00:00,Sensor_C,95.15
2023-10-01T00:45:46+00:00,Sensor_D,25.27
2023-10-01T00:45:47+00:00,Sensor_C,44.94
2023-10-01T00:45:48+00:00,Sensor_A,35.56
2023-10-01T00:45:49+00:00,Sensor_C,65.86
2023-10-01T00:45:50+00:00,Sensor_C,55.65
2023-10-01T00:45:51+00:00,Sensor_A,75.94
2023-10-01T00:45:52+00:00,Sensor_B,33.76
2023-10-01T00:45:53+00:00,Sensor_B,64.23
2023-10-01T00:45:54+00:00,Sensor_C,30.03
2023-10-01T00:45:55+00:00,Sensor_B,22.84
2023-10-01T00:45:56+00:00,Sensor_D,59.27
2023-10-01T00:45:57+00:00,Sensor_D,49.71
2023-10-01T00:45:58+00:00,Sensor_C,1.67
2023-10-01T00:45:59+00:00,Sensor_A,56.07
2023-10-01T00:46:00+00:00,Sensor_B,25.38
2023-10-01T00:46:01+00:00,Sensor_C,71.42
2023-10-01T00:46:02+00:00,Sensor_C,32.96
2023-10-01T00:46:03+00:00,Sensor_D,44.61
2023-10-01T00:46:04+00:00,Sensor_C,91.11
2023-10-01T00:46:05+00:00,Sensor_A,12.54
2023-10-01T00:46:06+00:00,Sensor_A,97.46
2023-10-01T00:46:07+00:00,Sensor_A,90.63
2023-10-01T00:46:08+00:00,Sensor_C,99.28
2023-10-01T00:46:09+00:00,Sensor_C,76.48
2023-10-01T00:46:10+00:00,Sensor_C,42.97
2023-10-01T00:46:11+00:00,Sensor_A,21.07
invalid_time,Sensor_C,8.54
2023-10-01T00:46:13+00:00,Sensor_C,14.28
2023-10-01T00:46:14+00:00,Sensor_D,96.45
2023-10-01T00:46:15+00:00,Sensor_D,6.4
時間錯誤,Sensor_A,96.28
2023-10-01T00:46:17+00:00,Sensor_A,12.74
2023-10-01T00:46:18+00:00,Sensor_B,72.92
2023-10-01T00:46:19+00:00,Sensor_C,91.47
2023-10-01T00:46:20+00:00,Sensor_D,26.11
2023-10-01T00:46:21+00:00,Sensor_C,16.64
2023-10-01T00:46:22+00:00,Sensor_C,10.5.2.1
2023-10-01T00:46:23+00:00,Sensor_C,29.52
2023-10-01T00:46:24+00:00,Sensor_D,18.99
2023-10-01T00:46:25+00:00,Sensor_D,72.89
2023-10-01T00:46:26+00:00,Sensor_A,79.58
2023-10-01T00:46:27+00:00,Sensor_C,67.82
2023-10-01T00:46:28+00:00,Sensor_A,9.54
2023-10-01T00:46:29+00:00,Sensor_B,42.21
2023-10-01T00:46:30+00:00,Sensor_C,41.65
2023-10-01T00:46:31+00:00,Sensor_D,63.79
2023-10-01T00:46:32+00:00,Sensor_A,69.39
2023-10-01T00:46:33+00:00,Sensor_C,81.65
2023-10-01T00:46:34+00:00,Sensor_D,78.44
2023-10-01T00:46:35+00:00,Sensor_D,80.18
2023-10-01T00:46:36+00:00,Sensor_D,64.95
2023-10-01T00:46:37+00:00,Sensor_B,66.88
2023-10-01T00:46:38+00:00,Sensor_D,57.07
2023-10-01T00:46:39+00:00,感測器甲,21.16
2023-10-01T00:46:40+00:00,Sensor_B,10.5.2.1
2023-10-01T00:46:41+00:00,感測器甲,4.68
2023-10-01T00:46:42+00:00,Sensor_C,81.75
2023-10-01T00:46:43+00:00,Sensor_A,75.04
2023-10-01T00:46:44+00:00,Sensor_B,35.08
2023-10-01T00:46:45+00:00,Sensor_B,8.15
2023-10-01T00:46:46+00:00,센서_A,8.32
2023-10-01T00:46:47+00:00,Sensor_D,3.1415926535897932384
2023-10-01T00:46:48+00:00,Sensor_B,37.81
2023-10-01T00:46:49+00:00,Sensor_C,76.98
2023-10-01T00:46:50+00:00,Sensor_D,59.87
2023-10-01T00:46:51+00:00,Sensor_C,1.35
2023-10-01T00:46:52+00:00,Sensor_A,52.4
2023-10-01T00:46:53+00:00,Sensor_A,數值錯誤
2023-10-01T00:46:54+00:00,Sensor_B,26.05
2023-10-01T00:46:55+00:00,Sensor_A,25.57
2023-10-01T00:46:56+00:00,Sensor_C,42.73
2023-10-01T00:46:57+00:00,Sensor_B,18.51
2023-10-01T00:46:58+00:00,Sensor_D,29.09
2023-10-01T00:46:59+00:00,Sensor_D,81.53
2023-10-01T00:47:00+00:00,Sensor_D,32.46
2023-10-01T00:47:01+00:00,Sensor_C,14.95
2023-10-01T00:47:02+00:00,Sensor_C,34.03
2023-10-01T00:47:03+00:00,Sensor_D,61.21
2023-10-01T00:47:04+00:00,Sensor_A,56.05
2023-10-01T00:47:05+00:00,Sensor_B,3.1415926535897932384
2023-10-01T00:47:06+00:00,Sensor_B,10.5.2.1
2023-10-01T00:47:07+00:00,Sensor_A,45.05
2023-10-01T00:47:08+00:00,Sensor_D,35.76
2023-10-01T00:47:09+00:00,Sensor_D,46.8
2023-10-01T00:47:10+00:00,Sensor_B,26.5
2023-10-01T00:47:11+00:00,Sensor_B,0.54
2023-10-01T00:47:12+00:00,Sensor_A,17.16
2023-10-01T00:47:13+00:00,Sensor_D,17.55
2023-10-01T00:47:14+00:00,Sensor_C,96.44
2023-10-01T00:47:15+00:00,Sensor_D,68.63
2023-10-01T00:47:16+00:00,Sensor_B,2.57
2023-10-01T00:47:17+00:00,Sensor_D,76.76
???,Sensor_D,90.39
2023-10-01T00:47:19+00:00,Sensor_B,76.77
2023-10-01T00:47:20+00:00,Sensor_A,64.28
2023-10-01T00:47:21+00:00,Sensor_B,數值錯誤
2023-10-01T00:47:22+00:00,Sensor_C,50.81
2023-10-01T00:47:23+00:00,Sensor_D,4.87
2023-10-01T00:47:24+00:00,Sensor_B,64.84
2023-10-01T00:47:25+00:00,Sensor_C,14.49
2023-10-01T00:47:26+00:00,Sensor_A,17.34
2023-10-01T00:47:27+00:00,センサー_1,95.32
2023-10-01T00:47:28+00:00,Sensor_C,16.59
2023-10-01T00:47:29+00:00,Sensor_A,44.34
2023-10-01T00:47:30+00:00,Sensor_A,79.72
2023-10-01T00:47:31+00:00,Sensor_C,ABC
2023-10-01T00:47:32+00:00,Sensor_D,62.08
2023-99-99,Sensor_A,17.49
2023-10-01T00:47:34+00:00,Sensor_A,95.41
invalid_time,Sensor_C,42.96
2023-10-01T00:47:36+00:00,Sensor_D,11.53
2023-10-01T00:47:37+00:00,Sensor_B,52.36
2023-10-01T00:47:38+00:00,Sensor_D,52.22
2023-10-01T00:47:39+00:00,Sensor_B,39.46
2023-10-01T00:47:40+00:00,Sensor_A,43.06
2023-10-01T00:47:41+00:00,Sensor_B,51.44
2023-10-01T00:47:42+00:00,Sensor_B,33.16
2023-10-01T00:47:43+00:00,Sensor_A,38.84
2023-10-01T00:47:44+00:00,Sensor_B,38.14
2023-10-01T00:47:45+00:00,Sensor_B,45.18
2023-10-01T00:47:46+00:00,Sensor_C,99.31
2023-10-01T00:47:47+00:00,Sensor_D,58.6
2023-10-01T00:47:48+00:00,Sensor_B,87.79
2023-10-01T00:47:49+00:00,Sensor_B,數值錯誤
2023-10-01T00:47:50+00:00,Sensor_D,44.21
2023-10-01T00:47:51+00:00,Sensor_D,2.03
2023-10-01T00:47:52+00:00,Sensor_B,79.24
2023-10-01T00:47:53+00:00,Sensor_A,21.81
2023-10-01T00:47:54+00:00,Sensor_A,96.87
2023-10-01T00:47:55+00:00,Sensor_B,33.32
時間錯誤,Sensor_D,52.66
2023-10-01T00:47:57+00:00,Sensor_A,30.45
2023-10-01T00:47:58+00:00,Sensor_C,1.58
2023-10-01T00:47:59+00:00,Sensor_A,62.59
2023-10-01T00:48:00+00:00,Sensor_D,45.0
2023-10-01T00:48:01+00:00,Sensor_B,59.38
2023-10-01T00:48:02+00:00,Sensor_A,72.58
2023-10-01T00:48:03+00:00,Sensor_A,86.27
2023-10-01T00:48:04+00:00,Sensor_A,10.5.2.1
2023-10-01T00:48:05+00:00,Sensor_D,51.6
2023-10-01T00:48:06+00:00,Sensor_A,5.6
2023-10-01T00:48:07+00:00,センサー_1,36.05
2023-10-01T00:48:08+00:00,Sensor_A,3.1415926535897932384
2023-10-01T00:48:09+00:00,Sensor_C,6.57
2023-10-01T00:48:10+00:00,Sensor_A,90.72
2023-10-01T00:48:11+00:00,Sensor_D,86.12
2023-10-01T00:48:12+00:00,Sensor_D,63.24
2023-10-01T00:48:13+00:00,Sensor_C,90.04
2023-10-01T00:48:14+00:00,Sensor_C,87.61
2023-10-01T00:48:15+00:00,Sensor_B,39.52
2023-10-01T00:48:16+00:00,Sensor_C,81.57
2023-10-01T00:48:17+00:00,Sensor_D,15.38
2023-10-01T00:48:18+00:00,Sensor_C,31.48
2023-10-01T00:48:19+00:00,Sensor_A,41.04
2023-10-01T00:48:20+00:00,Sensor_C,31.09
2023-10-01T00:48:21+00:00,Sensor_B,1.66
2023-10-01T00:48:22+00:00,Sensor_C,91.11
2023-10-01T00:48:23+00:00,Sensor_A,39.22
2023-10-01T00:48:24+00:00,Sensor_A,92.15
2023-10-01T00:48:25+00:00,Sensor_A,73.38
2023-10-01T00:48:26+00:00,Sensor_A,63.1
2023-10-01T00:48:27+00:00,Sensor_C,37.3
2023-10-01T00:48:28+00:00,Sensor_B,84.5
2023-10-01T00:48:29+00:00,Sensor_D,26.28
2023-10-01T00:48:30+00:00,Sensor_B,56.86
2023-10-01T00:48:31+00:00,Sensor_A,74.09
時間錯誤,Sensor_D,87.17
2023-10-01T00:48:33+00:00,Sensor_A,33.7
2023-10-01T00:48:34+00:00,Sensor_D,42.87
2023-10-01T00:48:35+00:00,Sensor_B,82.53
2023-10-01T00:48:36+00:00,Sensor_D,24.96
2023-10-01T00:48:37+00:00,Sensor_A,38.3
2023-10-01T00:48:38+00:00,Sensor_C,7.92
2023-10-01T00:48:39+00:00,Sensor_A,3.1415926535897932384
2023-10-01T00:48:40+00:00,Sensor_C,77.33
2023-10-01T00:48:41+00:00,Sensor_D,9.27
2023-10-01T00:48:42+00:00,Sensor_D,3.1415926535897932384
2023-10-01T00:48:43+00:00,Sensor_B,65.99
2023-10-01T00:48:44+00:00,Sensor_B,61.43
2023-10-01T00:48:45+00:00,Sensor_B,25.23
2023-99-99,Sensor_B,82.12
2023-10-01T00:48:47+00:00,Sensor_B,64.66
2023-10-01T00:48:48+00:00,Sensor_A,81.61
2023-10-01T00:48:49+00:00,Sensor_A,50.68
2023-10-01T00:48:50+00:00,Sensor_B,3.1415926535897932384
2023-10-01T00:48:51+00:00,Sensor_C,87.49
2023-10-01T00:48:52+00:00,Sensor_A,83.21
2023-10-01T00:48:53+00:00,Sensor_A,5.64
2023-10-01T00:48:54+00:00,Sensor_D,46.15
2023-10-01T00:48:55+00:00,Sensor_A,81.16
2023-10-01T00:48:56+00:00,Sensor_C,2.65
2023-10-01T00:48:57+00:00,Sensor_C,92.98
2023-10-01T00:48:58+00:00,Sensor_C,28.71
時間錯誤,Sensor_C,94.53
2023-10-01T00:49:00+00:00,Sensor_A,21.95
2023-10-01T00:49:01+00:00,Sensor_C,86.42
2023-10-01T00:49:02+00:00,Sensor_C,20.99
2023-10-01T00:49:03+00:00,Sensor_C,64.77
2023-10-01T00:49:04+00:00,Sensor_C,79.45
2023-10-01T00:49:05+00:00,Sensor_D,83.71
2023-10-01T00:49:06+00:00,Sensor_D,59.67
2023-10-01T00:49:07+00:00,Sensor_A,36.01
2023-10-01T00:49:08+00:00,Sensor_A,41.71
2023-10-01T00:49:09+00:00,Sensor_C,30.42
2023-10-01T00:49:10+00:00,Sensor_B,10.5.2.1
2023-10-01T00:49:11+00:00,Sensor_C,79.75
2023-10-01T00:49:12+00:00,Sensor_C,90.25
2023-10-01T00:49:13+00:00,Sensor_C,41.52
2023-10-01T00:49:14+00:00,Sensor_A,89.08
2023-10-01T00:49:15+00:00,Sensor_B,41.09
2023-10-01T00:49:16+00:00,Sensor_A,89.48
2023-10-01T00:49:17+00:00,Sensor_B,85.87
2023-10-01T00:49:18+00:00,Sensor_A,1.09
2023-10-01T00:49:19+00:00,Sensor_D,80.87
2023-10-01T00:49:20+00:00,Sensor_B,45.11
2023-10-01T00:49:21+00:00,Sensor_D,71.28
2023-10-01T00:49:22+00:00,Sensor_A,79.38
2023-10-01T00:49:23+00:00,Sensor_C,62.81
2023-10-01T00:49:24+00:00,Sensor_D,63.46
2023-10-01T00:49:25+00:00,Sensor_A,96.86
2023-10-01T00:49:26+00:00,Sensor_B,71.13
2023-10-01T00:49:27+00:00,Sensor_C,57.93
2023-10-01T00:49:28+00:00,Sensor_A,72.08
2023-10-01T00:49:29+00:00,Sensor_C,80.63
2023-10-01T00:49:30+00:00,Sensor_B,42.82
2023-10-01T00:49:31+00:00,Sensor_B,62.46
2023-10-01T00:49:32+00:00,Sensor_A,83.82
2023-10-01T00:49:33+00:00,Sensor_B,63.37
2023-10-01T00:49:34+00:00,Sensor_C,55.74
2023-10-01T00:49:35+00:00,Sensor_B,86.72
2023-10-01T00:49:36+00:00,Sensor_A,23.95
2023-10-01T00:49:37+00:00,Sensor_B,81.53
2023-10-01T00:49:38+00:00,Sensor_C,40.69
2023-10-01T00:49:39+00:00,Sensor_A,76.13
2023-10-01T00:49:40+00:00,Sensor_B,12.83
2023-10-01T00:49:41+00:00,Sensor_B,10.5.2.1
2023-10-01T00:49:42+00:00,Sensor_D,19.76
2023-10-01T00:49:43+00:00,Sensor_B,9.45
2023-10-01T00:49:44+00:00,Sensor_C,67.02
2023-10-01T00:49:45+00:00,Sensor_A,12.01
2023-10-01T00:49:46+00:00,Sensor_C,41.68
2023-10-01T00:49:47+00:00,Sensor_C,28.56
2023-10-01T00:49:48+00:00,Sensor_A,39.87
2023-10-01T00:49:49+00:00,Sensor_D,54.87
2023-10-01T00:49:50+00:00,Sensor_C,82.23
2023-10-01T00:49:51+00:00,sénsor#@!,86.96
2023-10-01T00:49:52+00:00,Sensor_D,44.8
2023-10-01T00:49:53+00:00,Sensor_A,12.07
2023-10-01T00:49:54+00:00,Sensor_B,83.49
2023-10-01T00:49:55+00:00,Sensor_C,79.29
2023-10-01T00:49:56+00:00,Sensor_B,14.01
2023-10-01T00:49:57+00:00,Sensor_D,71.78
2023-10-01T00:49:58+00:00,Sensor_A,48.64
2023-10-01T00:49:59+00:00,Sensor_D,87.39
2023-10-01T00:50:00+00:00,Sensor_A,76.38
2023-10-01T00:50:01+00:00,Sensor_C,46.72
2023-10-01T00:50:02+00:00,Sensor_B,35.52
2023-10-01T00:50:03+00:00,Sensor_A,60.56
2023-10-01T00:50:04+00:00,Sensor_C,93.14
2023-10-01T00:50:05+00:00,Sensor_B,66.5
2023-10-01T00:50:06+00:00,Sensor_D,27.36
2023-10-01T00:50:07+00:00,Sensor_A,85.87
2023-10-01T00:50:08+00:00,Sensor_D,28.33
2023-10-01T00:50:09+00:00,Sensor_C,96.38
2023-10-01T00:50:10+00:00,Sensor_A,12.81
2023-10-01T00:50:11+00:00,Sensor_B,21.33
2023-10-01T00:50:12+00:00,Sensor_C,8.14
2023-10-01T00:50:13+00:00,Sensor_D,84.17
2023-10-01T00:50:14+00:00,Sensor_D,42.39
2023-10-01T00:50:15+00:00,Sensor_B,49.13
2023-10-01T00:50:16+00:00,Sensor_C,3.53
2023-10-01T00:50:17+00:00,Sensor_D,37.26
2023-10-01T00:50:18+00:00,Sensor_C,36.11
2023-10-01T00:50:19+00:00,Sensor_C,10.37
2023-10-01T00:50:20+00:00,Sensor_A,42.42
2023-10-01T00:50:21+00:00,Sensor_B,67.95
2023-10-01T00:50:22+00:00,Sensor_A,72.41
2023-10-01T00:50:23+00:00,Sensor_A,15.9
???,Sensor_C,46.95
2023-10-01T00:50:25+00:00,Sensor_B,54.36
2023-10-01T00:50:26+00:00,Sensor_D,77.97
2023-10-01T00:50:27+00:00,Sensor_B,27.17
2023-10-01T00:50:28+00:00,Sensor_A,33.49
2023-10-01T00:50:29+00:00,Sensor_C,89.87
2023-10-01T00:50:30+00:00,Sensor_C,72.62
2023-10-01T00:50:31+00:00,Sensor_A,69.15
2023-10-01T00:50:32+00:00,Sensor_C,81.64
2023-10-01T00:50:33+00:00,Sensor_B,32.97
2023-10-01T00:50:34+00:00,Sensor_A,11.01
2023-10-01T00:50:35+00:00,Sensor_D,68.93
2023-10-01T00:50:36+00:00,Sensor_C,6.55
2023-10-01T00:50:37+00:00,Sensor_A,92.12
2023-10-01T00:50:38+00:00,Sensor_C,69.73
2023-10-01T00:50:39+00:00,Sensor_D,22.03
2023-10-01T00:50:40+00:00,Sensor_A,80.14
2023-10-01T00:50:41+00:00,Sensor_B,44.49
2023-10-01T00:50:42+00:00,Sensor_D,92.9
2023-10-01T00:50:43+00:00,Sensor_B,15.59
2023-10-01T00:50:44+00:00,Sensor_C,74.13
2023-10-01T00:50:45+00:00,Sensor_B,85.41
2023-10-01T00:50:46+00:00,Sensor_C,93.74
2023-10-01T00:50:47+00:00,Sensor_A,38.24
2023-10-01T00:50:48+00:00,Sensor_C,61.67
2023-10-01T00:50:49+00:00,Sensor_B,76.71
2023-10-01T00:50:50+00:00,Sensor_C,66.18
2023-10-01T00:50:51+00:00,Sensor_C,26.44
2023-10-01T00:50:52+00:00,Sensor_B,21.88
2023-10-01T00:50:53+00:00,Sensor_D,46.48
2023-10-01T00:50:54+00:00,Sensor_B,91.65
2023-10-01T00:50:55+00:00,Sensor_A,14.1
2023-10-01T00:50:56+00:00,Sensor_D,10.5.2.1
2023-10-01T00:50:57+00:00,Sensor_D,99.01
2023-10-01T00:50:58+00:00,Sensor_A,51.55
2023-10-01T00:50:59+00:00,Sensor_C,56.53
2023-10-01T00:51:00+00:00,Sensor_B,10.5.2.1
2023-10-01T00:51:01+00:00,Sensor_A,46.86
2023-10-01T00:51:02+00:00,Sensor_B,60.52
2023-10-01T00:51:03+00:00,Sensor_C,10.5.2.1
2023-10-01T00:51:04+00:00,Sensor_B,65.24
2023-10-01T00:51:05+00:00,Sensor_D,6.76
2023-10-01T00:51:06+00:00,🔥Sensor,58.36
2023-10-01T00:51:07+00:00,Sensor_C,88.92
2023-10-01T00:51:08+00:00,Sensor_D,22.4
2023-10-01T00:51:09+00:00,Sensor_B,68.88
2023-10-01T00:51:10+00:00,Sensor_C,4.41
2023-10-01T00:51:11+00:00,Sensor_D,15.61
2023-10-01T00:51:12+00:00,Sensor_D,99.31
2023-10-01T00:51:13+00:00,Sensor_B,4.78
2023-10-01T00:51:14+00:00,Sensor_A,8.77
2023-10-01T00:51:15+00:00,Sensor_C,78.98
2023-10-01T00:51:16+00:00,Sensor_C,83.69
2023-10-01T00:51:17+00:00,Sensor_C,27.48
2023-10-01T00:51:18+00:00,Sensor_D,62.33
2023-10-01T00:51:19+00:00,Sensor_B,27.48
2023-10-01T00:51:20+00:00,Sensor_A,89.67
2023-10-01T00:51:21+00:00,Sensor_D,36.91
2023-10-01T00:51:22+00:00,Sensor_D,34.99
2023-10-01T00:51:23+00:00,Sensor_D,55.57
2023-10-01T00:51:24+00:00,Sensor_A,93.04
2023-10-01T00:51:25+00:00,Sensor_C,34.7
2023-10-01T00:51:26+00:00,Sensor_A,59.15
2023-10-01T00:51:27+00:00,Sensor_D,35.27
2023-10-01T00:51:28+00:00,Sensor_B,17.32
2023-10-01T00:51:29+00:00,Sensor_D,10.04
2023-10-01T00:51:30+00:00,Sensor_B,59.09
2023-10-01T00:51:31+00:00,Sensor_C,6.12
2023-10-01T00:51:32+00:00,Sensor_C,47.14
2023-10-01T00:51:33+00:00,Sensor_C,10.66
2023-10-01T00:51:34+00:00,Sensor_A,35.51
2023-10-01T00:51:35+00:00,Sensor_D,2.33
2023-10-01T00:51:36+00:00,Sensor_A,84.23
2023-10-01T00:51:37+00:00,Sensor_D,26.06
2023-10-01T00:51:38+00:00,Sensor_D,43.84
2023-10-01T00:51:39+00:00,Sensor_A,69.94
2023-10-01T00:51:40+00:00,Sensor_A,60.31
2023-10-01T00:51:41+00:00,Sensor_D,86.98
2023-10-01T00:51:42+00:00,Sensor_A,70.0
2023-10-01T00:51:43+00:00,Sensor_A,87.79
2023-10-01T00:51:44+00:00,Sensor_B,68.78
2023-10-01T00:51:45+00:00,Sensor_B,20.04
2023-10-01T00:51:46+00:00,Sensor_D,57.52
2023-10-01T00:51:47+00:00,Sensor_A,30.32
2023-10-01T00:51:48+00:00,Sensor_C,42.36
2023-10-01T00:51:49+00:00,Sensor_D,61.69
2023-10-01T00:51:50+00:00,Sensor_A,49.91
2023-10-01T00:51:51+00:00,Sensor_B,62.78
2023-10-01T00:51:52+00:00,Sensor_C,92.08
2023-10-01T00:51:53+00:00,Sensor_C,86.87
2023-10-01T00:51:54+00:00,Sensor_A,3.33
???,Sensor_C,5.77
2023-10-01T00:51:56+00:00,Sensor_A,35.73
2023-10-01T00:51:57+00:00,Sensor_A,50.74
2023-10-01T00:51:58+00:00,Sensor_C,31.79
2023-10-01T00:51:59+00:00,Sensor_D,17.06
2023-10-01T00:52:00+00:00,Sensor_A,10.5.2.1
2023-10-01T00:52:01+00:00,Sensor_C,83.08
2023-10-01T00:52:02+00:00,Sensor_D,95.48
2023-10-01T00:52:03+00:00,Sensor_B,81.0
2023-10-01T00:52:04+00:00,Sensor_A,79.68
2023-10-01T00:52:05+00:00,Sensor_B,80.79
2023-10-01T00:52:06+00:00,Sensor_B,10.5.2.1
2023-10-01T00:52:07+00:00,Sensor_C,ABC
2023-10-01T00:52:08+00:00,Sensor_B,74.86
2023-10-01T00:52:09+00:00,Sensor_D,10.5.2.1
2023-10-01T00:52:10+00:00,Sensor_A,5.1
2023-10-01T00:52:11+00:00,Sensor_B,35.04
2023-10-01T00:52:12+00:00,Sensor_A,76.28
2023-10-01T00:52:13+00:00,Sensor_A,19.68
時間錯誤,Sensor_C,68.43
2023-10-01T00:52:15+00:00,Sensor_A,19.48
2023-10-01T00:52:16+00:00,Sensor_D,3.1415926535897932384
2023-10-01T00:52:17+00:00,Sensor_A,85.69
2023-10-01T00:52:18+00:00,Sensor_B,23.94
2023-10-01T00:52:19+00:00,Sensor_A,90.16
2023-10-01T00:52:20+00:00,Sensor_C,86.82
2023-10-01T00:52:21+00:00,Sensor_A,66.75
2023-10-01T00:52:22+00:00,Sensor_B,81.67
2023-10-01T00:52:23+00:00,Sensor_B,74.01
2023-10-01T00:52:24+00:00,Sensor_B,84.57
2023-10-01T00:52:25+00:00,Sensor_C,42.35
2023-10-01T00:52:26+00:00,Sensor_C,37.96
2023-10-01T00:52:27+00:00,Sensor_D,31.93
2023-10-01T00:52:28+00:00,Sensor_D,39.63
2023-10-01T00:52:29+00:00,Sensor_B,24.48
2023-10-01T00:52:30+00:00,Sensor_A,94.13
2023-10-01T00:52:31+00:00,Sensor_A,70.11
2023-10-01T00:52:32+00:00,Sensor_D,85.05
2023-10-01T00:52:33+00:00,Sensor_D,49.47
2023-10-01T00:52:34+00:00,感測器甲,52.54
2023-10-01T00:52:35+00:00,Sensor_C,82.3
2023-10-01T00:52:36+00:00,Sensor_D,35.08
2023-10-01T00:52:37+00:00,Sensor_A,99.73
2023-10-01T00:52:38+00:00,Sensor_C,47.94
2023-10-01T00:52:39+00:00,Sensor_A,32.41
2023-10-01T00:52:40+00:00,Sensor_B,91.47
invalid_time,Sensor_A,72.37
2023-10-01T00:52:42+00:00,Sensor_A,74.86
2023-10-01T00:52:43+00:00,Sensor_B,63.53
2023-10-01T00:52:44+00:00,Sensor_B,82.21
2023-10-01T00:52:45+00:00,Sensor_A,85.36
2023-10-01T00:52:46+00:00,Sensor_C,53.32
2023-10-01T00:52:47+00:00,Sensor_B,94.74
2023-10-01T00:52:48+00:00,Sensor_A,57.97
2023-10-01T00:52:49+00:00,Sensor_D,50.69
2023-10-01T00:52:50+00:00,Sensor_C,78.76
2023-10-01T00:52:51+00:00,Sensor_C,88.47
2023-10-01T00:52:52+00:00,Sensor_C,21.52
2023-10-01T00:52:53+00:00,Sensor_B,66.5
2023-10-01T00:52:54+00:00,Sensor_A,38.01
2023-10-01T00:52:55+00:00,Sensor_C,24.52
2023-10-01T00:52:56+00:00,Sensor_A,14.15
2023-10-01T00:52:57+00:00,Sensor_B,55.08
2023-10-01T00:52:58+00:00,Sensor_A,81.29
2023-10-01T00:52:59+00:00,Sensor_A,61.66
2023-10-01T00:53:00+00:00,Sensor_B,61.5
2023-10-01T00:53:01+00:00,Sensor_A,59.37
2023-10-01T00:53:02+00:00,Sensor_D,56.0
2023-10-01T00:53:03+00:00,Sensor_D,50.49
2023-10-01T00:53:04+00:00,Sensor_D,9.21
2023-10-01T00:53:05+00:00,Sensor_B,55.89
2023-10-01T00:53:06+00:00,Sensor_D,46.13
2023-10-01T00:53:07+00:00,Sensor_C,15.38
2023-10-01T00:53:08+00:00,Sensor_B,80.0
2023-10-01T00:53:09+00:00,Sensor_D,73.49
2023-10-01T00:53:10+00:00,Sensor_D,49.49
2023-10-01T00:53:11+00:00,Sensor_C,30.21
2023-10-01T00:53:12+00:00,Sensor_A,6.42
2023-10-01T00:53:13+00:00,Sensor_B,73.05
2023-10-01T00:53:14+00:00,Sensor_B,39.74
2023-10-01T00:53:15+00:00,Sensor_D,97.73
2023-10-01T00:53:16+00:00,Sensor_A,50.77
2023-10-01T00:53:17+00:00,Sensor_A,3.1415926535897932384
2023-10-01T00:53:18+00:00,Sensor_D,98.97
2023-10-01T00:53:19+00:00,Sensor_D,68.72
2023-10-01T00:53:20+00:00,Sensor_C,82.64
2023-10-01T00:53:21+00:00,Sensor_B,25.29
2023-10-01T00:53:22+00:00,Sensor_B,88.54
2023-10-01T00:53:23+00:00,Sensor_D,25.75
2023-10-01T00:53:24+00:00,Sensor_B,57.2
2023-10-01T00:53:25+00:00,Sensor_A,22.25
2023-10-01T00:53:26+00:00,Sensor_C,6.51
2023-10-01T00:53:27+00:00,Sensor_A,27.73
2023-10-01T00:53:28+00:00,Sensor_B,10.5.2.1
2023-10-01T00:53:29+00:00,Sensor_D,58.59
invalid_time,Sensor_A,36.83
2023-10-01T00:53:31+00:00,Sensor_B,31.32
2023-10-01T00:53:32+00:00,Sensor_A,40.35
2023-10-01T00:53:33+00:00,Sensor_B,69.57
2023-10-01T00:53:34+00:00,Sensor_A,4.11
2023-10-01T00:53:35+00:00,感測器甲,55.11
2023-10-01T00:53:36+00:00,Sensor_B,3.9
2023-10-01T00:53:37+00:00,Sensor_D,5.18
2023-10-01T00:53:38+00:00,Sensor_C,16.49
2023-10-01T00:53:39+00:00,Sensor_D,99.71
2023-10-01T00:53:40+00:00,Sensor_D,72.43
2023-10-01T00:53:41+00:00,Sensor_A,ABC
2023-10-01T00:53:42+00:00,Sensor_B,3.1415926535897932384
2023-10-01T00:53:43+00:00,Sensor_A,48.82
2023-10-01T00:53:44+00:00,Sensor_C,87.85
2023-10-01T00:53:45+00:00,Sensor_B,10.5.2.1
2023-10-01T00:53:46+00:00,Sensor_B,21.26
2023-10-01T00:53:47+00:00,Sensor_D,5.04
2023-10-01T00:53:48+00:00,Sensor_B,73.96
2023-10-01T00:53:49+00:00,Sensor_B,74.95
2023-10-01T00:53:50+00:00,Sensor_A,53.81
2023-10-01T00:53:51+00:00,Sensor_D,59.72
2023-10-01T00:53:52+00:00,Sensor_C,29.01
2023-10-01T00:53:53+00:00,Sensor_A,29.46
2023-10-01T00:53:54+00:00,Sensor_A,68.56
2023-10-01T00:53:55+00:00,Sensor_B,99.0
2023-10-01T00:53:56+00:00,Sensor_D,37.39
2023-10-01T00:53:57+00:00,Sensor_B,48.0
2023-10-01T00:53:58+00:00,Sensor_A,63.85
2023-10-01T00:53:59+00:00,Sensor_B,34.6
2023-10-01T00:54:00+00:00,Sensor_A,22.44
2023-10-01T00:54:01+00:00,Sensor_C,0.56
2023-10-01T00:54:02+00:00,Sensor_B,79.42
2023-10-01T00:54:03+00:00,Sensor_C,9.89
invalid_time,Sensor_D,40.15
2023-10-01T00:54:05+00:00,Sensor_D,7.67
2023-10-01T00:54:06+00:00,Sensor_D,73.14
2023-10-01T00:54:07+00:00,Sensor_D,not_a_number
2023-10-01T00:54:08+00:00,Sensor_B,8.48
2023-10-01T00:54:09+00:00,Sensor_C,74.55
2023-10-01T00:54:10+00:00,Sensor_A,3.1415926535897932384
2023-10-01T00:54:11+00:00,Sensor_D,16.88
2023-10-01T00:54:12+00:00,Sensor_B,60.9
2023-10-01T00:54:13+00:00,Sensor_C,26.23
2023-10-01T00:54:14+00:00,Sensor_A,72.77
2023-10-01T00:54:15+00:00,Sensor_C,90.87
2023-10-01T00:54:16+00:00,Sensor_A,10.29
2023-10-01T00:54:17+00:00,Sensor_A,3.1415926535897932384
2023-10-01T00:54:18+00:00,Sensor_A,23.26
2023-10-01T00:54:19+00:00,Sensor_D,3.1415926535897932384
2023-10-01T00:54:20+00:00,Sensor_B,24.49
2023-10-01T00:54:21+00:00,Sensor_D,18.24
2023-10-01T00:54:22+00:00,Sensor_A,48.42
2023-10-01T00:54:23+00:00,Sensor_D,83.09
2023-10-01T00:54:24+00:00,센서_A,79.83
2023-10-01T00:54:25+00:00,Sensor_B,10.35
2023-10-01T00:54:26+00:00,Sensor_C,67.83
2023-10-01T00:54:27+00:00,Sensor_C,86.56
2023-10-01T00:54:28+00:00,Sensor_A,98.03
2023-10-01T00:54:29+00:00,Sensor_B,8.5
2023-10-01T00:54:30+00:00,Sensor_B,92.47
2023-10-01T00:54:31+00:00,Sensor_A,23.65
2023-10-01T00:54:32+00:00,Sensor_C,32.71
2023-10-01T00:54:33+00:00,Sensor_A,92.24
2023-10-01T00:54:34+00:00,Sensor_A,98.55
2023-10-01T00:54:35+00:00,Sensor_C,45.78
2023-10-01T00:54:36+00:00,sénsor#@!,12.24
2023-99-99,Sensor_A,99.32
2023-10-01T00:54:38+00:00,Sensor_C,70.32
2023-10-01T00:54:39+00:00,Sensor_B,76.34
2023-10-01T00:54:40+00:00,Sensor_A,41.44
2023-10-01T00:54:41+00:00,Sensor_B,3.1415926535897932384
2023-10-01T00:54:42+00:00,Sensor_D,21.79
2023-10-01T00:54:43+00:00,Sensor_D,31.62
2023-10-01T00:54:44+00:00,Sensor_D,46.62
2023-10-01T00:54:45+00:00,Sensor_D,3.1415926535897932384
2023-10-01T00:54:46+00:00,Sensor_C,39.72
2023-10-01T00:54:47+00:00,Sensor_D,73.35
2023-99-99,Sensor_C,74.35
2023-10-01T00:54:49+00:00,Sensor_A,23.13
2023-10-01T00:54:50+00:00,Sensor_D,3.1415926535897932384
2023-10-01T00:54:51+00:00,Sensor_D,55.61
2023-10-01T00:54:52+00:00,Sensor_B,4.87
2023-10-01T00:54:53+00:00,Sensor_C,81.71
時間錯誤,Sensor_B,7.17
2023-10-01T00:54:55+00:00,Sensor_B,11.53
2023-10-01T00:54:56+00:00,Sensor_B,62.72
2023-10-01T00:54:57+00:00,Sensor_C,12.32
2023-10-01T00:54:58+00:00,Sensor_C,46.32
2023-10-01T00:54:59+00:00,Sensor_A,87.78
2023-10-01T00:55:00+00:00,Sensor_A,73.5
2023-10-01T00:55:01+00:00,Sensor_D,57.47
2023-10-01T00:55:02+00:00,Sensor_B,66.14
2023-10-01T00:55:03+00:00,Sensor_C,3.1415926535897932384
2023-10-01T00:55:04+00:00,Sensor_D,95.93
2023-10-01T00:55:05+00:00,Sensor_C,81.96
2023-10-01T00:55:06+00:00,Sensor_B,80.27
2023-10-01T00:55:07+00:00,Sensor_B,58.76
2023-10-01T00:55:08+00:00,Sensor_C,93.82
2023-10-01T00:55:09+00:00,Sensor_B,59.81
2023-10-01T00:55:10+00:00,Sensor_A,26.86
2023-10-01T00:55:11+00:00,Sensor_D,9.29
2023-10-01T00:55:12+00:00,Sensor_B,91.54
2023-10-01T00:55:13+00:00,Sensor_A,68.89
2023-10-01T00:55:14+00:00,Sensor_D,94.46
2023-10-01T00:55:15+00:00,Sensor_C,10.5.2.1
2023-10-01T00:55:16+00:00,Sensor_A,87.98
2023-10-01T00:55:17+00:00,Sensor_D,17.23
2023-10-01T00:55:18+00:00,Sensor_C,67.35
2023-10-01T00:55:19+00:00,Sensor_A,27.71
2023-10-01T00:55:20+00:00,Sensor_C,18.77
2023-10-01T00:55:21+00:00,Sensor_C,76.11
2023-10-01T00:55:22+00:00,Sensor_A,58.06
2023-10-01T00:55:23+00:00,Sensor_D,56.08
2023-10-01T00:55:24+00:00,Sensor_A,23.21
2023-10-01T00:55:25+00:00,Sensor_C,83.63
2023-10-01T00:55:26+00:00,Sensor_B,47.21
2023-10-01T00:55:27+00:00,Sensor_A,19.87
2023-10-01T00:55:28+00:00,Sensor_A,57.89
2023-10-01T00:55:29+00:00,Sensor_D,9.99
2023-10-01T00:55:30+00:00,Sensor_D,100.0
2023-10-01T00:55:31+00:00,Sensor_D,28.11
2023-10-01T00:55:32+00:00,Sensor_D,82.8
2023-10-01T00:55:33+00:00,Sensor_B,9.49
時間錯誤,Sensor_A,20.14
2023-10-01T00:55:35+00:00,Sensor_C,8.12
2023-10-01T00:55:36+00:00,Sensor_D,1.78
2023-10-01T00:55:37+00:00,Sensor_B,35.35
2023-10-01T00:55:38+00:00,Sensor_C,41.24
2023-10-01T00:55:39+00:00,Sensor_B,62.36
2023-10-01T00:55:40+00:00,Sensor_B,69.04
2023-10-01T00:55:41+00:00,Sensor_B,9.74
2023-10-01T00:55:42+00:00,Sensor_A,17.56
2023-10-01T00:55:43+00:00,Sensor_C,93.85
2023-10-01T00:55:44+00:00,Sensor_A,72.8
2023-10-01T00:55:45+00:00,Sensor_B,33.7
2023-10-01T00:55:46+00:00,Sensor_B,ABC
2023-10-01T00:55:47+00:00,Sensor_C,90.65
2023-10-01T00:55:48+00:00,Sensor_B,99.79
2023-10-01T00:55:49+00:00,Sensor_C,70.34
2023-10-01T00:55:50+00:00,Sensor_C,11.65
2023-10-01T00:55:51+00:00,Sensor_A,77.75
2023-10-01T00:55:52+00:00,Sensor_A,51.84
2023-10-01T00:55:53+00:00,Sensor_A,63.33
2023-10-01T00:55:54+00:00,Sensor_C,26.57
2023-10-01T00:55:55+00:00,Sensor_C,66.8
2023-10-01T00:55:56+00:00,Sensor_D,97.25
2023-10-01T00:55:57+00:00,Sensor_D,86.82
2023-10-01T00:55:58+00:00,Sensor_A,68.52
2023-10-01T00:55:59+00:00,Sensor_B,24.72
2023-10-01T00:56:00+00:00,Sensor_B,29.25
2023-10-01T00:56:01+00:00,Sensor_D,42.3
2023-10-01T00:56:02+00:00,Sensor_B,82.09
2023-10-01T00:56:03+00:00,Sensor_C,55.88
2023-10-01T00:56:04+00:00,Sensor_C,85.7
2023-10-01T00:56:05+00:00,Sensor_D,39.25
2023-10-01T00:56:06+00:00,Sensor_D,86.56
2023-10-01T00:56:07+00:00,Sensor_D,13.9
2023-10-01T00:56:08+00:00,Sensor_D,0.85
2023-10-01T00:56:09+00:00,Sensor_D,68.09
2023-10-01T00:56:10+00:00,Sensor_C,90.88
2023-10-01T00:56:11+00:00,Sensor_B,25.36
2023-10-01T00:56:12+00:00,Sensor_B,not_a_number
2023-10-01T00:56:13+00:00,Sensor_D,47.1
2023-10-01T00:56:14+00:00,Sensor_C,85.08
2023-10-01T00:56:15+00:00,Sensor_C,49.32
2023-10-01T00:56:16+00:00,Sensor_B,87.43
2023-10-01T00:56:17+00:00,Sensor_D,1.5
2023-10-01T00:56:18+00:00,Sensor_A,7.98
2023-10-01T00:56:19+00:00,Sensor_D,57.78
2023-10-01T00:56:20+00:00,Sensor_C,87.19
2023-10-01T00:56:21+00:00,Sensor_D,49.26
2023-10-01T00:56:22+00:00,Sensor_B,51.95
2023-10-01T00:56:23+00:00,Sensor_B,31.59
2023-10-01T00:56:24+00:00,Sensor_B,24.79
2023-10-01T00:56:25+00:00,Sensor_B,39.67
2023-10-01T00:56:26+00:00,Sensor_A,6.31
2023-10-01T00:56:27+00:00,Sensor_A,31.5
2023-10-01T00:56:28+00:00,Sensor_D,3.1415926535897932384
2023-10-01T00:56:29+00:00,Sensor_C,69.21
2023-10-01T00:56:30+00:00,Sensor_A,56.44
invalid_time,Sensor_A,93.01
2023-10-01T00:56:32+00:00,Sensor_D,0.18
2023-10-01T00:56:33+00:00,Sensor_D,49.29
2023-10-01T00:56:34+00:00,Sensor_D,91.22
2023-10-01T00:56:35+00:00,Sensor_A,60.73
2023-10-01T00:56:36+00:00,Sensor_C,17.16
2023-10-01T00:56:37+00:00,Sensor_D,31.59
2023-10-01T00:56:38+00:00,Sensor_C,22.48
2023-10-01T00:56:39+00:00,Sensor_B,29.19
2023-10-01T00:56:40+00:00,Sensor_C,56.77
2023-10-01T00:56:41+00:00,Sensor_D,52.62
2023-10-01T00:56:42+00:00,Sensor_A,64.76
2023-10-01T00:56:43+00:00,Sensor_A,49.61
2023-10-01T00:56:44+00:00,Sensor_D,98.89
2023-10-01T00:56:45+00:00,Sensor_D,61.95
2023-10-01T00:56:46+00:00,Sensor_B,84.52
2023-10-01T00:56:47+00:00,Sensor_B,90.27
2023-10-01T00:56:48+00:00,Sensor_A,5.45
2023-10-01T00:56:49+00:00,Sensor_D,95.51
2023-10-01T00:56:50+00:00,Sensor_A,85.63
2023-10-01T00:56:51+00:00,Sensor_B,55.14
2023-10-01T00:56:52+00:00,Sensor_C,66.92
2023-10-01T00:56:53+00:00,Sensor_B,not_a_number
2023-10-01T00:56:54+00:00,Sensor_A,41.26
2023-10-01T00:56:55+00:00,Sensor_B,23.43
2023-10-01T00:56:56+00:00,Sensor_C,16.91
2023-10-01T00:56:57+00:00,Sensor_D,29.15
2023-10-01T00:56:58+00:00,Sensor_D,15.7
2023-10-01T00:56:59+00:00,Sensor_C,16.22
2023-10-01T00:57:00+00:00,Sensor_D,96.19
2023-10-01T00:57:01+00:00,Sensor_B,10.5.2.1
2023-10-01T00:57:02+00:00,Sensor_D,96.22
2023-10-01T00:57:03+00:00,Sensor_D,58.78
2023-10-01T00:57:04+00:00,Sensor_B,3.1415926535897932384
2023-10-01T00:57:05+00:00,Sensor_D,73.42
2023-10-01T00:57:06+00:00,Sensor_D,26.37
2023-10-01T00:57:07+00:00,Sensor_D,9.1
2023-10-01T00:57:08+00:00,Sensor_D,43.07
2023-10-01T00:57:09+00:00,Sensor_A,27.99
2023-10-01T00:57:10+00:00,Sensor_C,ABC
2023-10-01T00:57:11+00:00,Sensor_A,47.2
2023-10-01T00:57:12+00:00,Sensor_A,23.42
2023-10-01T00:57:13+00:00,Sensor_C,78.31
2023-10-01T00:57:14+00:00,Sensor_A,40.74
2023-10-01T00:57:15+00:00,Sensor_A,42.65
2023-10-01T00:57:16+00:00,Sensor_B,2.93
2023-10-01T00:57:17+00:00,センサー_1,75.43
2023-10-01T00:57:18+00:00,Sensor_C,61.07
2023-10-01T00:57:19+00:00,Sensor_B,10.5.2.1
2023-10-01T00:57:20+00:00,Sensor_D,86.81
2023-10-01T00:57:21+00:00,Sensor_D,5.39
2023-10-01T00:57:22+00:00,Sensor_A,73.18
2023-10-01T00:57:23+00:00,Sensor_D,not_a_number
2023-10-01T00:57:24+00:00,Sensor_B,13.92
2023-10-01T00:57:25+00:00,Sensor_A,75.4
2023-10-01T00:57:26+00:00,Sensor_A,35.03
2023-10-01T00:57:27+00:00,Sensor_D,24.19
2023-10-01T00:57:28+00:00,Sensor_A,18.65
2023-10-01T00:57:29+00:00,Sensor_D,82.5
2023-10-01T00:57:30+00:00,Sensor_C,81.98
2023-10-01T00:57:31+00:00,Sensor_C,10.5.2.1
2023-10-01T00:57:32+00:00,Sensor_D,66.66
2023-10-01T00:57:33+00:00,Sensor_D,46.9
2023-10-01T00:57:34+00:00,Sensor_B,55.38
2023-10-01T00:57:35+00:00,Sensor_A,66.77
2023-10-01T00:57:36+00:00,Sensor_A,45.65
2023-10-01T00:57:37+00:00,Sensor_A,93.3
2023-10-01T00:57:38+00:00,Sensor_A,60.18
2023-10-01T00:57:39+00:00,Sensor_D,3.1415926535897932384
2023-10-01T00:57:40+00:00,Sensor_D,19.37
2023-10-01T00:57:41+00:00,Sensor_A,76.19
2023-10-01T00:57:42+00:00,Sensor_D,92.96
2023-10-01T00:57:43+00:00,Sensor_C,8.73
2023-10-01T00:57:44+00:00,Sensor_B,51.45
2023-10-01T00:57:45+00:00,Sensor_B,15.37
2023-10-01T00:57:46+00:00,Sensor_D,61.21
2023-10-01T00:57:47+00:00,Sensor_B,85.81
2023-10-01T00:57:48+00:00,Sensor_B,31.29
2023-10-01T00:57:49+00:00,Sensor_A,68.85
2023-10-01T00:57:50+00:00,Sensor_C,3.1415926535897932384
2023-10-01T00:57:51+00:00,Sensor_C,29.5
2023-10-01T00:57:52+00:00,Sensor_B,98.46
2023-10-01T00:57:53+00:00,Sensor_B,71.16
2023-99-99,Sensor_A,64.86
2023-10-01T00:57:55+00:00,Sensor_D,8.15
2023-10-01T00:57:56+00:00,Sensor_C,71.88
2023-10-01T00:57:57+00:00,Sensor_D,75.58
2023-10-01T00:57:58+00:00,Sensor_B,29.41
2023-10-01T00:57:59+00:00,Sensor_B,12.32
2023-10-01T00:58:00+00:00,Sensor_C,96.15
2023-10-01T00:58:01+00:00,Sensor_B,95.74
2023-10-01T00:58:02+00:00,Sensor_A,16.0
2023-10-01T00:58:03+00:00,Sensor_A,8.34
2023-10-01T00:58:04+00:00,Sensor_A,71.71
2023-10-01T00:58:05+00:00,Sensor_D,14.55
2023-10-01T00:58:06+00:00,Sensor_B,63.57
2023-10-01T00:58:07+00:00,Sensor_B,65.58
2023-10-01T00:58:08+00:00,Sensor_C,52.67
2023-10-01T00:58:09+00:00,Sensor_D,9.58
2023-10-01T00:58:10+00:00,Sensor_C,69.57
2023-10-01T00:58:11+00:00,Sensor_B,51.99
2023-10-01T00:58:12+00:00,Sensor_C,47.41
2023-10-01T00:58:13+00:00,Sensor_D,63.94
2023-10-01T00:58:14+00:00,Sensor_D,89.56
2023-10-01T00:58:15+00:00,Sensor_A,15.43
2023-10-01T00:58:16+00:00,Sensor_B,42.5
2023-10-01T00:58:17+00:00,Sensor_B,46.58
2023-10-01T00:58:18+00:00,Sensor_B,數值錯誤
2023-10-01T00:58:19+00:00,Sensor_B,9.02
2023-10-01T00:58:20+00:00,Sensor_C,47.24
2023-10-01T00:58:21+00:00,Sensor_D,8.44
2023-10-01T00:58:22+00:00,Sensor_B,97.65
2023-10-01T00:58:23+00:00,Sensor_D,48.59
2023-10-01T00:58:24+00:00,Sensor_C,16.84
2023-10-01T00:58:25+00:00,Sensor_D,50.28
2023-10-01T00:58:26+00:00,Sensor_D,2.45
2023-10-01T00:58:27+00:00,Sensor_B,71.93
2023-10-01T00:58:28+00:00,Sensor_A,24.59
2023-10-01T00:58:29+00:00,Sensor_C,8.95
2023-10-01T00:58:30+00:00,Sensor_A,89.22
2023-10-01T00:58:31+00:00,Sensor_C,91.36
2023-10-01T00:58:32+00:00,Sensor_B,13.63
2023-10-01T00:58:33+00:00,Sensor_B,82.89
2023-10-01T00:58:34+00:00,Sensor_B,43.22
2023-10-01T00:58:35+00:00,Sensor_D,5.74
2023-10-01T00:58:36+00:00,Sensor_D,4.99
2023-10-01T00:58:37+00:00,Sensor_D,29.07
2023-10-01T00:58:38+00:00,Sensor_C,68.85
2023-10-01T00:58:39+00:00,Sensor_B,68.3
2023-10-01T00:58:40+00:00,Sensor_C,3.1415926535897932384
2023-10-01T00:58:41+00:00,Sensor_A,34.32
2023-10-01T00:58:42+00:00,Sensor_B,88.29
2023-10-01T00:58:43+00:00,Sensor_A,63.63
2023-10-01T00:58:44+00:00,Sensor_D,5.53
2023-10-01T00:58:45+00:00,Sensor_B,89.56
2023-10-01T00:58:46+00:00,Sensor_B,43.8
2023-10-01T00:58:47+00:00,Sensor_B,70.66
2023-10-01T00:58:48+00:00,Sensor_D,7.96
2023-10-01T00:58:49+00:00,Sensor_D,21.41
2023-10-01T00:58:50+00:00,Sensor_C,71.74
2023-10-01T00:58:51+00:00,Sensor_B,65.89
2023-10-01T00:58:52+00:00,Sensor_C,10.5.2.1
2023-10-01T00:58:53+00:00,Sensor_C,79.63
2023-10-01T00:58:54+00:00,Sensor_A,47.23
2023-10-01T00:58:55+00:00,Sensor_B,70.33
2023-10-01T00:58:56+00:00,Sensor_A,9.62
2023-10-01T00:58:57+00:00,Sensor_A,10.5.2.1
2023-10-01T00:58:58+00:00,Sensor_A,12.28
2023-10-01T00:58:59+00:00,Sensor_B,32.61
2023-10-01T00:59:00+00:00,센서_A,77.9
2023-10-01T00:59:01+00:00,Sensor_C,22.96
2023-10-01T00:59:02+00:00,Sensor_B,42.3
2023-10-01T00:59:03+00:00,Sensor_D,66.32
2023-10-01T00:59:04+00:00,Sensor_A,69.74
2023-10-01T00:59:05+00:00,Sensor_D,ABC
2023-10-01T00:59:06+00:00,Sensor_D,78.89
2023-10-01T00:59:07+00:00,Sensor_C,35.92
2023-10-01T00:59:08+00:00,Sensor_B,50.27
2023-10-01T00:59:09+00:00,Sensor_C,46.34
2023-10-01T00:59:10+00:00,Sensor_C,70.98
2023-10-01T00:59:11+00:00,Sensor_D,61.38
2023-10-01T00:59:12+00:00,Sensor_C,97.29
2023-10-01T00:59:13+00:00,Sensor_C,8.11
2023-10-01T00:59:14+00:00,Sensor_B,79.75
2023-10-01T00:59:15+00:00,Sensor_A,12.35
2023-10-01T00:59:16+00:00,Sensor_C,47.34
2023-10-01T00:59:17+00:00,Sensor_D,47.81
2023-10-01T00:59:18+00:00,Sensor_D,1.84
2023-10-01T00:59:19+00:00,Sensor_B,18.89
2023-10-01T00:59:20+00:00,Sensor_D,3.1415926535897932384
2023-10-01T00:59:21+00:00,Sensor_A,8.81
2023-10-01T00:59:22+00:00,Sensor_B,15.42
2023-10-01T00:59:23+00:00,Sensor_B,42.09
2023-10-01T00:59:24+00:00,Sensor_B,99.6
2023-10-01T00:59:25+00:00,Sensor_B,42.59
2023-10-01T00:59:26+00:00,Sensor_D,29.37
2023-10-01T00:59:27+00:00,Sensor_A,10.5.2.1
2023-10-01T00:59:28+00:00,Sensor_B,42.12
2023-10-01T00:59:29+00:00,Sensor_D,14.31
2023-10-01T00:59:30+00:00,Sensor_D,46.56
2023-10-01T00:59:31+00:00,Sensor_C,68.12
invalid_time,Sensor_D,2.75
2023-10-01T00:59:33+00:00,Sensor_B,71.39
2023-10-01T00:59:34+00:00,Sensor_C,52.29
2023-10-01T00:59:35+00:00,Sensor_C,66.75
2023-10-01T00:59:36+00:00,Sensor_D,73.08
2023-10-01T00:59:37+00:00,Sensor_A,1.06
2023-10-01T00:59:38+00:00,Sensor_C,3.1415926535897932384
2023-10-01T00:59:39+00:00,Sensor_D,29.63
2023-10-01T00:59:40+00:00,Sensor_B,42.35
2023-10-01T00:59:41+00:00,Sensor_B,74.01
2023-10-01T00:59:42+00:00,Sensor_D,78.57
2023-10-01T00:59:43+00:00,Sensor_D,10.5.2.1
2023-10-01T00:59:44+00:00,Sensor_C,13.64
2023-10-01T00:59:45+00:00,Sensor_D,93.56
2023-10-01T00:59:46+00:00,Sensor_B,63.5
2023-10-01T00:59:47+00:00,Sensor_A,73.64
2023-10-01T00:59:48+00:00,Sensor_C,7.63
2023-10-01T00:59:49+00:00,Sensor_C,20.16
2023-10-01T00:59:50+00:00,Sensor_D,10.5.2.1
2023-10-01T00:59:51+00:00,Sensor_B,11.52
2023-10-01T00:59:52+00:00,Sensor_C,9.53
2023-10-01T00:59:53+00:00,Sensor_D,93.42
2023-10-01T00:59:54+00:00,Sensor_C,41.32
2023-10-01T00:59:55+00:00,Sensor_D,1.63
2023-10-01T00:59:56+00:00,Sensor_D,58.07
2023-10-01T00:59:57+00:00,Sensor_A,36.06
2023-10-01T00:59:58+00:00,Sensor_A,10.5.2.1
2023-10-01T00:59:59+00:00,Sensor_D,61.33
2023-10-01T01:00:00+00:00,Sensor_C,14.41
2023-10-01T01:00:01+00:00,Sensor_D,95.07
2023-10-01T01:00:02+00:00,Sensor_A,46.82
2023-10-01T01:00:03+00:00,Sensor_B,94.19
2023-10-01T01:00:04+00:00,Sensor_B,50.91
2023-10-01T01:00:05+00:00,Sensor_A,83.34
2023-10-01T01:00:06+00:00,Sensor_B,72.73
2023-10-01T01:00:07+00:00,Sensor_A,85.23
2023-10-01T01:00:08+00:00,Sensor_D,38.44
2023-10-01T01:00:09+00:00,Sensor_C,22.06
2023-10-01T01:00:10+00:00,Sensor_A,52.09
2023-10-01T01:00:11+00:00,Sensor_A,45.93
2023-10-01T01:00:12+00:00,Sensor_D,41.15
2023-10-01T01:00:13+00:00,Sensor_C,25.59
2023-10-01T01:00:14+00:00,Sensor_B,27.7
2023-10-01T01:00:15+00:00,Sensor_A,62.58
2023-10-01T01:00:16+00:00,Sensor_A,70.91
2023-10-01T01:00:17+00:00,Sensor_C,52.93
2023-10-01T01:00:18+00:00,Sensor_D,82.97
2023-10-01T01:00:19+00:00,Sensor_B,95.18
2023-10-01T01:00:20+00:00,Sensor_A,30.12
2023-10-01T01:00:21+00:00,Sensor_D,66.54
2023-10-01T01:00:22+00:00,Sensor_C,99.26
2023-10-01T01:00:23+00:00,Sensor_D,76.55
2023-10-01T01:00:24+00:00,Sensor_B,71.49
2023-10-01T01:00:25+00:00,Sensor_A,22.42
2023-10-01T01:00:26+00:00,Sensor_A,10.5.2.1
2023-10-01T01:00:27+00:00,Sensor_D,98.71
2023-99-99,Sensor_B,48.23
2023-10-01T01:00:29+00:00,Sensor_C,73.86
2023-10-01T01:00:30+00:00,sénsor#@!,81.53
2023-10-01T01:00:31+00:00,Sensor_B,78.82
2023-10-01T01:00:32+00:00,Sensor_C,0.68
2023-10-01T01:00:33+00:00,Sensor_A,51.56
2023-10-01T01:00:34+00:00,Sensor_D,5.81
2023-10-01T01:00:35+00:00,Sensor_A,0.2
2023-10-01T01:00:36+00:00,Sensor_A,61.16
2023-10-01T01:00:37+00:00,Sensor_A,97.52
2023-10-01T01:00:38+00:00,Sensor_B,22.93
2023-10-01T01:00:39+00:00,Sensor_A,20.61
2023-10-01T01:00:40+00:00,Sensor_C,99.59
2023-10-01T01:00:41+00:00,Sensor_A,5.99
2023-10-01T01:00:42+00:00,Sensor_D,12.23
2023-10-01T01:00:43+00:00,Sensor_D,65.1
2023-10-01T01:00:44+00:00,Sensor_A,34.83
2023-10-01T01:00:45+00:00,Sensor_A,43.18
2023-10-01T01:00:46+00:00,Sensor_C,8.31
2023-10-01T01:00:47+00:00,Sensor_B,65.0
2023-10-01T01:00:48+00:00,Sensor_A,74.49
2023-10-01T01:00:49+00:00,Sensor_A,17.61
2023-10-01T01:00:50+00:00,Sensor_A,40.32
2023-10-01T01:00:51+00:00,Sensor_A,38.9
2023-10-01T01:00:52+00:00,Sensor_A,30.29
2023-10-01T01:00:53+00:00,Sensor_B,82.72
2023-10-01T01:00:54+00:00,Sensor_C,53.44
2023-10-01T01:00:55+00:00,Sensor_D,96.46
2023-10-01T01:00:56+00:00,Sensor_B,41.5
2023-10-01T01:00:57+00:00,Sensor_D,92.02
2023-10-01T01:00:58+00:00,Sensor_B,not_a_number
2023-10-01T01:00:59+00:00,Sensor_D,70.62
2023-10-01T01:01:00+00:00,Sensor_B,24.14
2023-10-01T01:01:01+00:00,Sensor_B,32.69
2023-10-01T01:01:02+00:00,Sensor_B,83.5
2023-10-01T01:01:03+00:00,Sensor_D,96.89
2023-10-01T01:01:04+00:00,Sensor_D,46.1
2023-10-01T01:01:05+00:00,Sensor_C,96.37
2023-10-01T01:01:06+00:00,Sensor_D,91.64
2023-10-01T01:01:07+00:00,Sensor_A,97.92
2023-10-01T01:01:08+00:00,Sensor_B,59.42
2023-10-01T01:01:09+00:00,Sensor_A,61.33
2023-10-01T01:01:10+00:00,Sensor_A,36.77
2023-10-01T01:01:11+00:00,Sensor_D,19.39
2023-10-01T01:01:12+00:00,Sensor_D,77.8
2023-10-01T01:01:13+00:00,Sensor_C,23.62
2023-10-01T01:01:14+00:00,Sensor_A,84.06
2023-10-01T01:01:15+00:00,Sensor_B,85.0
???,Sensor_B,60.33
2023-10-01T01:01:17+00:00,Sensor_C,3.1415926535897932384
2023-10-01T01:01:18+00:00,Sensor_D,96.04
2023-10-01T01:01:19+00:00,Sensor_D,93.54
2023-10-01T01:01:20+00:00,Sensor_C,87.01
2023-10-01T01:01:21+00:00,Sensor_A,54.01
2023-10-01T01:01:22+00:00,Sensor_C,47.39
2023-10-01T01:01:23+00:00,Sensor_A,40.34
2023-10-01T01:01:24+00:00,Sensor_D,80.19
2023-10-01T01:01:25+00:00,Sensor_D,33.51
2023-10-01T01:01:26+00:00,Sensor_A,14.65
2023-10-01T01:01:27+00:00,Sensor_B,95.82
2023-10-01T01:01:28+00:00,Sensor_D,36.23
2023-10-01T01:01:29+00:00,Sensor_D,1.73
2023-10-01T01:01:30+00:00,Sensor_D,17.18
2023-10-01T01:01:31+00:00,Sensor_D,64.23
2023-10-01T01:01:32+00:00,Sensor_D,90.2
2023-10-01T01:01:33+00:00,Sensor_C,69.06
2023-10-01T01:01:34+00:00,Sensor_B,29.77
2023-10-01T01:01:35+00:00,Sensor_D,81.69
invalid_time,Sensor_B,51.98
2023-10-01T01:01:37+00:00,Sensor_C,7.86
2023-10-01T01:01:38+00:00,Sensor_D,74.53
2023-10-01T01:01:39+00:00,Sensor_D,3.1415926535897932384
2023-10-01T01:01:40+00:00,Sensor_C,18.16
2023-10-01T01:01:41+00:00,Sensor_D,61.94
2023-10-01T01:01:42+00:00,Sensor_C,80.54
2023-10-01T01:01:43+00:00,Sensor_B,85.73
2023-10-01T01:01:44+00:00,Sensor_C,39.19
2023-10-01T01:01:45+00:00,Sensor_A,34.03
2023-10-01T01:01:46+00:00,Sensor_B,98.69
2023-10-01T01:01:47+00:00,🔥Sensor,65.47
2023-10-01T01:01:48+00:00,Sensor_A,54.84
2023-10-01T01:01:49+00:00,Sensor_A,42.71
2023-10-01T01:01:50+00:00,Sensor_A,21.67
2023-10-01T01:01:51+00:00,Sensor_A,25.12
2023-10-01T01:01:52+00:00,Sensor_B,11.29
2023-10-01T01:01:53+00:00,Sensor_D,37.72
2023-10-01T01:01:54+00:00,Sensor_B,28.36
2023-10-01T01:01:55+00:00,Sensor_A,5.7
2023-10-01T01:01:56+00:00,感測器甲,57.66
2023-10-01T01:01:57+00:00,Sensor_D,41.02
2023-10-01T01:01:58+00:00,Sensor_B,27.08
2023-10-01T01:01:59+00:00,Sensor_A,99.05
2023-10-01T01:02:00+00:00,Sensor_A,59.96
2023-10-01T01:02:01+00:00,Sensor_D,86.62
2023-10-01T01:02:02+00:00,Sensor_B,14.45
2023-10-01T01:02:03+00:00,Sensor_A,85.02
2023-10-01T01:02:04+00:00,Sensor_A,60.4
2023-10-01T01:02:05+00:00,Sensor_D,18.3
2023-10-01T01:02:06+00:00,Sensor_B,52.78
2023-10-01T01:02:07+00:00,Sensor_C,83.27
2023-10-01T01:02:08+00:00,Sensor_C,40.6
2023-10-01T01:02:09+00:00,Sensor_C,75.16
2023-10-01T01:02:10+00:00,Sensor_D,30.62
2023-10-01T01:02:11+00:00,Sensor_A,3.1415926535897932384
2023-10-01T01:02:12+00:00,Sensor_C,3.1415926535897932384
2023-10-01T01:02:13+00:00,Sensor_D,62.58
2023-10-01T01:02:14+00:00,Sensor_D,98.53
2023-10-01T01:02:15+00:00,Sensor_A,40.42
2023-10-01T01:02:16+00:00,Sensor_C,48.52
2023-10-01T01:02:17+00:00,Sensor_C,52.03
2023-10-01T01:02:18+00:00,Sensor_B,10.5.2.1
2023-10-01T01:02:19+00:00,Sensor_D,34.89
2023-10-01T01:02:20+00:00,Sensor_D,51.17
2023-10-01T01:02:21+00:00,Sensor_C,90.08
2023-10-01T01:02:22+00:00,Sensor_A,68.2
2023-10-01T01:02:23+00:00,Sensor_D,10.92
2023-10-01T01:02:24+00:00,Sensor_D,95.69
2023-10-01T01:02:25+00:00,Sensor_A,99.95
2023-10-01T01:02:26+00:00,Sensor_B,27.84
2023-10-01T01:02:27+00:00,Sensor_D,31.17
2023-10-01T01:02:28+00:00,Sensor_D,14.0
2023-10-01T01:02:29+00:00,Sensor_D,66.82
2023-10-01T01:02:30+00:00,Sensor_C,67.76
2023-10-01T01:02:31+00:00,Sensor_B,32.87
2023-10-01T01:02:32+00:00,Sensor_B,47.02
2023-10-01T01:02:33+00:00,Sensor_D,68.15
2023-10-01T01:02:34+00:00,Sensor_A,29.77
2023-10-01T01:02:35+00:00,Sensor_D,12.67
2023-10-01T01:02:36+00:00,Sensor_C,70.24
2023-10-01T01:02:37+00:00,sénsor#@!,51.74
2023-10-01T01:02:38+00:00,sénsor#@!,94.19
2023-10-01T01:02:39+00:00,Sensor_B,62.73
2023-10-01T01:02:40+00:00,Sensor_C,45.23
2023-10-01T01:02:41+00:00,Sensor_A,99.79
2023-10-01T01:02:42+00:00,Sensor_C,15.58
2023-10-01T01:02:43+00:00,Sensor_D,11.13
2023-10-01T01:02:44+00:00,Sensor_D,42.56
2023-10-01T01:02:45+00:00,Sensor_A,0.31
2023-10-01T01:02:46+00:00,Sensor_A,51.27
2023-10-01T01:02:47+00:00,Sensor_C,73.23
2023-10-01T01:02:48+00:00,Sensor_B,23.82
2023-10-01T01:02:49+00:00,Sensor_D,17.07
2023-10-01T01:02:50+00:00,Sensor_C,5.05
2023-10-01T01:02:51+00:00,Sensor_A,86.25
2023-10-01T01:02:52+00:00,Sensor_C,94.39
2023-10-01T01:02:53+00:00,Sensor_A,39.78
2023-10-01T01:02:54+00:00,Sensor_A,87.27
2023-10-01T01:02:55+00:00,Sensor_A,3.24
2023-10-01T01:02:56+00:00,Sensor_B,7.96
2023-10-01T01:02:57+00:00,🔥Sensor,58.2
2023-10-01T01:02:58+00:00,Sensor_B,21.42
invalid_time,Sensor_D,43.79
2023-10-01T01:03:00+00:00,Sensor_D,2.76
2023-10-01T01:03:01+00:00,感測器甲,19.79
2023-10-01T01:03:02+00:00,Sensor_A,62.75
2023-10-01T01:03:03+00:00,Sensor_B,81.02
???,Sensor_C,73.07
2023-10-01T01:03:05+00:00,Sensor_B,10.5.2.1
2023-10-01T01:03:06+00:00,Sensor_C,27.7
2023-10-01T01:03:07+00:00,Sensor_A,58.8
2023-10-01T01:03:08+00:00,Sensor_C,50.41
2023-10-01T01:03:09+00:00,Sensor_D,83.93
2023-10-01T01:03:10+00:00,Sensor_A,10.68
2023-10-01T01:03:11+00:00,Sensor_B,3.1415926535897932384
2023-10-01T01:03:12+00:00,Sensor_B,29.75
2023-10-01T01:03:13+00:00,Sensor_A,76.05
2023-10-01T01:03:14+00:00,Sensor_A,95.53
2023-10-01T01:03:15+00:00,Sensor_D,24.08
2023-10-01T01:03:16+00:00,Sensor_B,72.03
2023-10-01T01:03:17+00:00,Sensor_C,35.66
2023-10-01T01:03:18+00:00,Sensor_B,32.0
2023-10-01T01:03:19+00:00,Sensor_D,86.92
2023-10-01T01:03:20+00:00,Sensor_A,42.41
2023-10-01T01:03:21+00:00,Sensor_A,25.33
2023-10-01T01:03:22+00:00,感測器甲,81.72
2023-10-01T01:03:23+00:00,Sensor_C,79.53
2023-10-01T01:03:24+00:00,Sensor_A,86.67
2023-10-01T01:03:25+00:00,Sensor_C,42.74
2023-10-01T01:03:26+00:00,Sensor_A,49.54
2023-10-01T01:03:27+00:00,Sensor_A,96.88
2023-10-01T01:03:28+00:00,Sensor_C,3.1415926535897932384
2023-10-01T01:03:29+00:00,Sensor_C,93.25
2023-10-01T01:03:30+00:00,Sensor_B,76.28
2023-10-01T01:03:31+00:00,Sensor_D,78.64
2023-10-01T01:03:32+00:00,Sensor_B,0.93
2023-10-01T01:03:33+00:00,Sensor_B,87.26
2023-10-01T01:03:34+00:00,Sensor_D,33.69
2023-10-01T01:03:35+00:00,Sensor_A,98.42
2023-10-01T01:03:36+00:00,Sensor_A,34.6
2023-10-01T01:03:37+00:00,Sensor_B,90.4
2023-10-01T01:03:38+00:00,Sensor_B,87.42
2023-10-01T01:03:39+00:00,Sensor_A,4.01
2023-10-01T01:03:40+00:00,Sensor_C,60.38
2023-10-01T01:03:41+00:00,Sensor_C,83.56
2023-10-01T01:03:42+00:00,Sensor_D,70.09
2023-10-01T01:03:43+00:00,Sensor_B,95.66
2023-10-01T01:03:44+00:00,Sensor_D,94.77
2023-10-01T01:03:45+00:00,Sensor_B,18.82
2023-10-01T01:03:46+00:00,Sensor_D,63.85
2023-10-01T01:03:47+00:00,Sensor_B,88.49
2023-10-01T01:03:48+00:00,Sensor_A,13.46
2023-10-01T01:03:49+00:00,Sensor_A,91.37
2023-10-01T01:03:50+00:00,Sensor_A,42.05
2023-10-01T01:03:51+00:00,Sensor_B,11.82
2023-10-01T01:03:52+00:00,Sensor_D,39.49
2023-10-01T01:03:53+00:00,Sensor_C,86.7
2023-10-01T01:03:54+00:00,Sensor_C,36.29
2023-10-01T01:03:55+00:00,Sensor_C,79.17
2023-10-01T01:03:56+00:00,Sensor_D,91.03
2023-10-01T01:03:57+00:00,Sensor_C,50.71
2023-10-01T01:03:58+00:00,Sensor_D,77.81
2023-10-01T01:03:59+00:00,Sensor_C,32.33
2023-10-01T01:04:00+00:00,Sensor_C,79.42
2023-10-01T01:04:01+00:00,Sensor_A,3.52
2023-10-01T01:04:02+00:00,Sensor_B,97.59
2023-10-01T01:04:03+00:00,Sensor_D,15.32
2023-10-01T01:04:04+00:00,Sensor_C,40.0
2023-10-01T01:04:05+00:00,Sensor_B,3.1415926535897932384
2023-10-01T01:04:06+00:00,Sensor_B,89.78
2023-10-01T01:04:07+00:00,Sensor_B,94.97
2023-10-01T01:04:08+00:00,Sensor_D,ABC
2023-10-01T01:04:09+00:00,Sensor_C,91.23
2023-10-01T01:04:10+00:00,Sensor_D,95.63
2023-10-01T01:04:11+00:00,Sensor_A,16.9
2023-10-01T01:04:12+00:00,Sensor_A,16.01
2023-10-01T01:04:13+00:00,Sensor_B,10.5.2.1
2023-10-01T01:04:14+00:00,Sensor_C,3.1415926535897932384
invalid_time,Sensor_D,51.91
2023-10-01T01:04:16+00:00,Sensor_C,75.85
2023-10-01T01:04:17+00:00,Sensor_B,57.59
2023-10-01T01:04:18+00:00,Sensor_D,36.95
2023-10-01T01:04:19+00:00,Sensor_A,23.11
2023-10-01T01:04:20+00:00,Sensor_B,65.44
2023-10-01T01:04:21+00:00,Sensor_A,2.03
2023-10-01T01:04:22+00:00,Sensor_D,46.74
2023-10-01T01:04:23+00:00,Sensor_D,79.15
2023-10-01T01:04:24+00:00,Sensor_C,42.06
2023-10-01T01:04:25+00:00,Sensor_C,32.23
2023-10-01T01:04:26+00:00,Sensor_B,29.61
invalid_time,Sensor_D,63.62
2023-10-01T01:04:28+00:00,Sensor_A,17.77
2023-10-01T01:04:29+00:00,Sensor_C,68.57
2023-10-01T01:04:30+00:00,Sensor_B,74.96
2023-10-01T01:04:31+00:00,Sensor_C,77.96
2023-10-01T01:04:32+00:00,Sensor_C,9.23
2023-10-01T01:04:33+00:00,Sensor_C,3.36
2023-10-01T01:04:34+00:00,Sensor_C,10.42
2023-10-01T01:04:35+00:00,Sensor_B,70.98
2023-10-01T01:04:36+00:00,Sensor_D,43.77
2023-10-01T01:04:37+00:00,Sensor_B,3.5
2023-10-01T01:04:38+00:00,Sensor_C,27.51
2023-10-01T01:04:39+00:00,Sensor_D,5.97
2023-10-01T01:04:40+00:00,Sensor_A,13.63
2023-10-01T01:04:41+00:00,Sensor_D,19.5
2023-10-01T01:04:42+00:00,Sensor_D,9.3
2023-10-01T01:04:43+00:00,Sensor_A,83.23
2023-10-01T01:04:44+00:00,Sensor_D,30.44
2023-10-01T01:04:45+00:00,Sensor_D,52.69
2023-99-99,Sensor_B,91.19
2023-10-01T01:04:47+00:00,Sensor_A,16.19
2023-10-01T01:04:48+00:00,Sensor_B,86.69
2023-10-01T01:04:49+00:00,Sensor_B,89.83
2023-10-01T01:04:50+00:00,Sensor_B,77.92
2023-10-01T01:04:51+00:00,Sensor_B,43.42
2023-10-01T01:04:52+00:00,Sensor_D,3.1415926535897932384
2023-10-01T01:04:53+00:00,Sensor_D,69.37
2023-10-01T01:04:54+00:00,Sensor_D,46.92
2023-10-01T01:04:55+00:00,Sensor_B,75.58
2023-10-01T01:04:56+00:00,Sensor_A,48.48
2023-10-01T01:04:57+00:00,Sensor_B,82.72
2023-10-01T01:04:58+00:00,Sensor_C,19.18
2023-10-01T01:04:59+00:00,Sensor_A,7.18
2023-10-01T01:05:00+00:00,Sensor_B,61.58
2023-10-01T01:05:01+00:00,Sensor_B,20.31
2023-10-01T01:05:02+00:00,Sensor_C,80.42
2023-10-01T01:05:03+00:00,Sensor_B,45.6
2023-10-01T01:05:04+00:00,Sensor_D,14.99
2023-10-01T01:05:05+00:00,Sensor_B,6.76
2023-10-01T01:05:06+00:00,Sensor_D,65.15
2023-10-01T01:05:07+00:00,Sensor_D,57.92
2023-10-01T01:05:08+00:00,Sensor_C,47.61
2023-10-01T01:05:09+00:00,Sensor_A,27.83
2023-10-01T01:05:10+00:00,Sensor_B,67.64
2023-10-01T01:05:11+00:00,Sensor_B,1.33
2023-10-01T01:05:12+00:00,Sensor_D,9.02
2023-10-01T01:05:13+00:00,Sensor_C,45.87
2023-10-01T01:05:14+00:00,Sensor_A,87.67
2023-10-01T01:05:15+00:00,Sensor_D,79.76
2023-10-01T01:05:16+00:00,Sensor_A,79.29
2023-10-01T01:05:17+00:00,Sensor_B,10.5.2.1
2023-10-01T01:05:18+00:00,Sensor_A,3.35
2023-10-01T01:05:19+00:00,Sensor_C,33.13
2023-10-01T01:05:20+00:00,Sensor_C,17.96
2023-10-01T01:05:21+00:00,Sensor_A,98.01
2023-10-01T01:05:22+00:00,Sensor_A,14.78
2023-10-01T01:05:23+00:00,Sensor_D,1.96
2023-10-01T01:05:24+00:00,Sensor_C,56.22
2023-10-01T01:05:25+00:00,Sensor_A,33.79
2023-10-01T01:05:26+00:00,Sensor_C,50.51
2023-10-01T01:05:27+00:00,Sensor_A,89.44
2023-10-01T01:05:28+00:00,Sensor_A,15.81
2023-10-01T01:05:29+00:00,Sensor_A,31.59
2023-10-01T01:05:30+00:00,Sensor_A,28.61
2023-10-01T01:05:31+00:00,Sensor_C,58.27
2023-10-01T01:05:32+00:00,Sensor_C,96.42
2023-10-01T01:05:33+00:00,Sensor_B,90.28
2023-10-01T01:05:34+00:00,Sensor_A,21.76
2023-10-01T01:05:35+00:00,Sensor_A,46.31
2023-10-01T01:05:36+00:00,Sensor_A,26.84
2023-10-01T01:05:37+00:00,センサー_1,96.31
2023-10-01T01:05:38+00:00,Sensor_A,18.01
2023-10-01T01:05:39+00:00,Sensor_C,37.25
2023-10-01T01:05:40+00:00,Sensor_C,62.52
2023-10-01T01:05:41+00:00,Sensor_B,80.44
2023-10-01T01:05:42+00:00,Sensor_B,33.61
2023-10-01T01:05:43+00:00,Sensor_A,46.69
2023-10-01T01:05:44+00:00,Sensor_C,44.07
2023-10-01T01:05:45+00:00,Sensor_A,80.93
2023-10-01T01:05:46+00:00,Sensor_A,78.8
2023-10-01T01:05:47+00:00,Sensor_C,ABC
2023-10-01T01:05:48+00:00,Sensor_D,93.62
2023-10-01T01:05:49+00:00,Sensor_B,83.9
2023-10-01T01:05:50+00:00,Sensor_C,91.11
2023-10-01T01:05:51+00:00,Sensor_A,23.15
2023-10-01T01:05:52+00:00,Sensor_C,0.85
2023-10-01T01:05:53+00:00,Sensor_D,97.76
2023-10-01T01:05:54+00:00,Sensor_C,84.45
2023-10-01T01:05:55+00:00,Sensor_D,32.13
2023-10-01T01:05:56+00:00,Sensor_C,3.94
2023-10-01T01:05:57+00:00,Sensor_A,12.74
2023-10-01T01:05:58+00:00,Sensor_A,36.88
2023-10-01T01:05:59+00:00,Sensor_B,82.4
2023-10-01T01:06:00+00:00,Sensor_C,46.47
2023-10-01T01:06:01+00:00,Sensor_A,60.91
2023-10-01T01:06:02+00:00,Sensor_B,22.97
2023-10-01T01:06:03+00:00,🔥Sensor,85.12
2023-10-01T01:06:04+00:00,Sensor_B,17.03
2023-10-01T01:06:05+00:00,Sensor_B,92.19
2023-10-01T01:06:06+00:00,Sensor_A,3.57
2023-10-01T01:06:07+00:00,Sensor_D,92.52
2023-10-01T01:06:08+00:00,Sensor_B,94.23
2023-10-01T01:06:09+00:00,Sensor_B,16.14
2023-10-01T01:06:10+00:00,Sensor_B,59.13
2023-10-01T01:06:11+00:00,Sensor_C,73.42
2023-10-01T01:06:12+00:00,Sensor_C,27.77
2023-10-01T01:06:13+00:00,Sensor_C,41.8
2023-10-01T01:06:14+00:00,Sensor_C,35.51
2023-10-01T01:06:15+00:00,Sensor_A,14.94
???,Sensor_A,53.8
2023-10-01T01:06:17+00:00,Sensor_B,37.85
2023-10-01T01:06:18+00:00,Sensor_B,7.01
2023-10-01T01:06:19+00:00,Sensor_B,22.24
2023-10-01T01:06:20+00:00,Sensor_B,64.81
2023-10-01T01:06:21+00:00,Sensor_C,not_a_number
2023-10-01T01:06:22+00:00,Sensor_C,91.88
2023-10-01T01:06:23+00:00,Sensor_A,73.32
2023-10-01T01:06:24+00:00,Sensor_B,31.25
2023-10-01T01:06:25+00:00,Sensor_A,50.88
2023-10-01T01:06:26+00:00,Sensor_B,10.5.2.1
2023-10-01T01:06:27+00:00,Sensor_B,89.13
2023-10-01T01:06:28+00:00,Sensor_C,36.15
2023-10-01T01:06:29+00:00,Sensor_A,16.38
2023-10-01T01:06:30+00:00,Sensor_B,5.93
2023-10-01T01:06:31+00:00,Sensor_B,23.61
2023-10-01T01:06:32+00:00,Sensor_D,37.97
2023-10-01T01:06:33+00:00,Sensor_C,78.87
2023-10-01T01:06:34+00:00,Sensor_A,25.41
2023-10-01T01:06:35+00:00,Sensor_B,91.96
2023-10-01T01:06:36+00:00,Sensor_D,42.19
2023-10-01T01:06:37+00:00,sénsor#@!,86.97
2023-10-01T01:06:38+00:00,Sensor_A,29.43
2023-10-01T01:06:39+00:00,Sensor_B,99.69
2023-10-01T01:06:40+00:00,Sensor_A,27.57
2023-10-01T01:06:41+00:00,Sensor_A,16.61
2023-10-01T01:06:42+00:00,Sensor_B,3.1415926535897932384
2023-10-01T01:06:43+00:00,Sensor_A,42.04
2023-10-01T01:06:44+00:00,Sensor_C,1.24
2023-10-01T01:06:45+00:00,Sensor_B,24.32
2023-10-01T01:06:46+00:00,Sensor_B,10.66
2023-10-01T01:06:47+00:00,Sensor_D,48.82
2023-10-01T01:06:48+00:00,Sensor_C,58.67
2023-10-01T01:06:49+00:00,Sensor_D,61.61
2023-10-01T01:06:50+00:00,Sensor_C,15.13
2023-10-01T01:06:51+00:00,Sensor_C,70.18
2023-10-01T01:06:52+00:00,Sensor_A,81.92
2023-10-01T01:06:53+00:00,Sensor_C,12.3
2023-10-01T01:06:54+00:00,Sensor_D,48.69
2023-10-01T01:06:55+00:00,Sensor_A,56.08
2023-10-01T01:06:56+00:00,Sensor_A,73.37
2023-10-01T01:06:57+00:00,Sensor_A,89.89
2023-10-01T01:06:58+00:00,Sensor_B,27.64
2023-10-01T01:06:59+00:00,Sensor_B,97.59
2023-10-01T01:07:00+00:00,🔥Sensor,16.89
2023-10-01T01:07:01+00:00,Sensor_C,86.72
2023-10-01T01:07:02+00:00,Sensor_B,13.84
2023-10-01T01:07:03+00:00,Sensor_A,11.63
2023-10-01T01:07:04+00:00,Sensor_C,61.29
2023-10-01T01:07:05+00:00,Sensor_A,97.56
2023-10-01T01:07:06+00:00,Sensor_B,28.5
2023-10-01T01:07:07+00:00,Sensor_C,92.41
2023-10-01T01:07:08+00:00,Sensor_B,10.47
2023-10-01T01:07:09+00:00,Sensor_B,3.1415926535897932384
2023-10-01T01:07:10+00:00,Sensor_D,3.1415926535897932384
2023-10-01T01:07:11+00:00,Sensor_B,6.83
2023-10-01T01:07:12+00:00,Sensor_C,84.09
2023-10-01T01:07:13+00:00,Sensor_C,51.28
2023-10-01T01:07:14+00:00,Sensor_D,68.31
2023-10-01T01:07:15+00:00,Sensor_C,13.81
2023-10-01T01:07:16+00:00,Sensor_C,26.23
2023-10-01T01:07:17+00:00,Sensor_A,65.02
2023-10-01T01:07:18+00:00,Sensor_A,6.79
2023-10-01T01:07:19+00:00,Sensor_B,87.08
2023-10-01T01:07:20+00:00,Sensor_B,87.33
2023-10-01T01:07:21+00:00,Sensor_B,19.45
2023-10-01T01:07:22+00:00,Sensor_A,60.67
invalid_time,Sensor_C,48.21
2023-10-01T01:07:24+00:00,Sensor_D,4.92
2023-10-01T01:07:25+00:00,Sensor_A,83.27
2023-10-01T01:07:26+00:00,Sensor_A,19.77
2023-10-01T01:07:27+00:00,Sensor_B,62.39
2023-10-01T01:07:28+00:00,Sensor_B,20.88
2023-10-01T01:07:29+00:00,Sensor_C,25.83
2023-10-01T01:07:30+00:00,Sensor_B,76.61
2023-10-01T01:07:31+00:00,Sensor_D,74.84
2023-10-01T01:07:32+00:00,Sensor_C,4.16
2023-10-01T01:07:33+00:00,Sensor_B,29.15
2023-10-01T01:07:34+00:00,Sensor_B,84.77
2023-10-01T01:07:35+00:00,Sensor_A,3.1415926535897932384
2023-10-01T01:07:36+00:00,Sensor_D,97.78
2023-10-01T01:07:37+00:00,Sensor_D,78.16
2023-10-01T01:07:38+00:00,Sensor_C,87.04
2023-10-01T01:07:39+00:00,Sensor_D,74.47
2023-10-01T01:07:40+00:00,Sensor_C,15.3
2023-10-01T01:07:41+00:00,Sensor_D,40.73
2023-10-01T01:07:42+00:00,Sensor_A,90.41
2023-10-01T01:07:43+00:00,Sensor_B,6.22
2023-10-01T01:07:44+00:00,Sensor_B,42.35
2023-10-01T01:07:45+00:00,Sensor_B,53.75
2023-10-01T01:07:46+00:00,Sensor_A,41.49
2023-10-01T01:07:47+00:00,Sensor_D,53.67
2023-10-01T01:07:48+00:00,Sensor_A,11.04
2023-10-01T01:07:49+00:00,센서_A,77.01
2023-10-01T01:07:50+00:00,Sensor_A,11.26
2023-10-01T01:07:51+00:00,Sensor_C,5.66
2023-10-01T01:07:52+00:00,Sensor_C,70.76
2023-10-01T01:07:53+00:00,Sensor_C,35.16
2023-10-01T01:07:54+00:00,Sensor_D,63.69
2023-10-01T01:07:55+00:00,Sensor_B,42.84
2023-10-01T01:07:56+00:00,Sensor_A,81.41
2023-10-01T01:07:57+00:00,Sensor_C,55.13
2023-10-01T01:07:58+00:00,Sensor_D,37.95
2023-10-01T01:07:59+00:00,Sensor_B,7.85
2023-10-01T01:08:00+00:00,Sensor_C,71.51
2023-10-01T01:08:01+00:00,Sensor_C,57.08
2023-10-01T01:08:02+00:00,Sensor_D,86.23
2023-10-01T01:08:03+00:00,Sensor_B,66.77
2023-10-01T01:08:04+00:00,Sensor_A,46.41
2023-10-01T01:08:05+00:00,Sensor_D,44.29
2023-10-01T01:08:06+00:00,Sensor_C,92.73
2023-10-01T01:08:07+00:00,Sensor_D,10.1
2023-10-01T01:08:08+00:00,Sensor_B,99.69
2023-10-01T01:08:09+00:00,Sensor_A,83.41
2023-10-01T01:08:10+00:00,Sensor_B,72.41
2023-10-01T01:08:11+00:00,Sensor_C,98.17
2023-10-01T01:08:12+00:00,Sensor_B,45.63
2023-10-01T01:08:13+00:00,Sensor_D,69.91
2023-10-01T01:08:14+00:00,Sensor_B,2.57
2023-10-01T01:08:15+00:00,Sensor_C,76.79
2023-10-01T01:08:16+00:00,Sensor_C,13.84
2023-10-01T01:08:17+00:00,Sensor_B,69.63
2023-10-01T01:08:18+00:00,Sensor_C,ABC
2023-10-01T01:08:19+00:00,Sensor_A,62.92
2023-10-01T01:08:20+00:00,Sensor_C,98.56
2023-10-01T01:08:21+00:00,Sensor_B,37.74
2023-10-01T01:08:22+00:00,Sensor_C,52.96
2023-10-01T01:08:23+00:00,Sensor_C,18.14
2023-10-01T01:08:24+00:00,Sensor_C,76.98
2023-10-01T01:08:25+00:00,Sensor_C,0.13
2023-10-01T01:08:26+00:00,Sensor_B,99.92
2023-10-01T01:08:27+00:00,🔥Sensor,70.35
2023-10-01T01:08:28+00:00,Sensor_D,71.56
2023-10-01T01:08:29+00:00,Sensor_D,67.21
2023-10-01T01:08:30+00:00,Sensor_C,94.25
2023-10-01T01:08:31+00:00,Sensor_D,68.42
2023-10-01T01:08:32+00:00,Sensor_C,5.7
2023-10-01T01:08:33+00:00,센서_A,34.77
2023-10-01T01:08:34+00:00,Sensor_A,68.78
2023-10-01T01:08:35+00:00,Sensor_D,64.16
2023-10-01T01:08:36+00:00,Sensor_C,80.84
2023-10-01T01:08:37+00:00,Sensor_B,88.24
2023-10-01T01:08:38+00:00,センサー_1,77.35
2023-10-01T01:08:39+00:00,sénsor#@!,6.42
2023-10-01T01:08:40+00:00,Sensor_B,52.9
2023-10-01T01:08:41+00:00,Sensor_D,76.96
2023-10-01T01:08:42+00:00,Sensor_A,26.7
2023-10-01T01:08:43+00:00,Sensor_A,6.71
2023-10-01T01:08:44+00:00,Sensor_C,87.61
2023-10-01T01:08:45+00:00,Sensor_C,85.44
2023-10-01T01:08:46+00:00,Sensor_D,23.88
2023-10-01T01:08:47+00:00,Sensor_C,88.69
2023-10-01T01:08:48+00:00,Sensor_A,39.42
2023-10-01T01:08:49+00:00,Sensor_D,33.67
2023-10-01T01:08:50+00:00,Sensor_C,10.88
2023-10-01T01:08:51+00:00,Sensor_D,80.75
2023-10-01T01:08:52+00:00,Sensor_D,6.74
2023-10-01T01:08:53+00:00,Sensor_A,0.66
2023-10-01T01:08:54+00:00,🔥Sensor,20.35
2023-10-01T01:08:55+00:00,Sensor_D,52.51
2023-10-01T01:08:56+00:00,Sensor_D,50.54
2023-10-01T01:08:57+00:00,Sensor_D,28.7
2023-10-01T01:08:58+00:00,Sensor_B,63.24
2023-10-01T01:08:59+00:00,Sensor_B,82.99
2023-10-01T01:09:00+00:00,Sensor_B,3.1415926535897932384
2023-10-01T01:09:01+00:00,Sensor_B,60.06
2023-10-01T01:09:02+00:00,Sensor_C,59.39
2023-10-01T01:09:03+00:00,Sensor_A,96.66
2023-10-01T01:09:04+00:00,Sensor_A,99.2
2023-10-01T01:09:05+00:00,Sensor_A,62.78
2023-10-01T01:09:06+00:00,Sensor_C,71.54
2023-10-01T01:09:07+00:00,Sensor_B,10.5.2.1
2023-10-01T01:09:08+00:00,Sensor_D,22.06
2023-10-01T01:09:09+00:00,Sensor_D,24.94
2023-10-01T01:09:10+00:00,Sensor_C,89.25
2023-10-01T01:09:11+00:00,Sensor_A,57.71
2023-10-01T01:09:12+00:00,Sensor_C,89.25
2023-10-01T01:09:13+00:00,Sensor_A,85.75
2023-10-01T01:09:14+00:00,Sensor_C,9.04
2023-10-01T01:09:15+00:00,Sensor_A,61.21
2023-10-01T01:09:16+00:00,Sensor_C,55.73
2023-10-01T01:09:17+00:00,Sensor_A,39.35
2023-10-01T01:09:18+00:00,Sensor_B,84.54
2023-10-01T01:09:19+00:00,Sensor_D,32.94
2023-10-01T01:09:20+00:00,Sensor_D,92.12
2023-10-01T01:09:21+00:00,Sensor_D,63.47
2023-10-01T01:09:22+00:00,Sensor_B,94.79
2023-10-01T01:09:23+00:00,Sensor_C,21.71
2023-10-01T01:09:24+00:00,Sensor_B,10.5.2.1
2023-10-01T01:09:25+00:00,Sensor_C,86.79
2023-10-01T01:09:26+00:00,Sensor_A,45.44
2023-10-01T01:09:27+00:00,Sensor_D,17.2
2023-10-01T01:09:28+00:00,Sensor_D,62.74
???,Sensor_B,6.32
2023-10-01T01:09:30+00:00,🔥Sensor,85.82
2023-10-01T01:09:31+00:00,Sensor_D,63.96
2023-10-01T01:09:32+00:00,Sensor_D,27.35
2023-10-01T01:09:33+00:00,Sensor_B,41.67
2023-10-01T01:09:34+00:00,Sensor_D,24.37
2023-10-01T01:09:35+00:00,Sensor_B,54.57
2023-10-01T01:09:36+00:00,Sensor_A,54.96
2023-10-01T01:09:37+00:00,Sensor_A,82.28
2023-10-01T01:09:38+00:00,Sensor_C,99.08
2023-10-01T01:09:39+00:00,Sensor_D,2.86
2023-10-01T01:09:40+00:00,Sensor_A,93.45
2023-10-01T01:09:41+00:00,Sensor_B,82.05
2023-10-01T01:09:42+00:00,感測器甲,40.51
2023-10-01T01:09:43+00:00,Sensor_D,13.43
invalid_time,Sensor_B,82.78
2023-10-01T01:09:45+00:00,Sensor_C,58.66
2023-10-01T01:09:46+00:00,Sensor_B,92.33
2023-10-01T01:09:47+00:00,Sensor_D,45.57
2023-10-01T01:09:48+00:00,Sensor_A,61.22
2023-10-01T01:09:49+00:00,Sensor_C,36.78
2023-10-01T01:09:50+00:00,Sensor_A,43.28
2023-10-01T01:09:51+00:00,Sensor_A,97.58
2023-10-01T01:09:52+00:00,Sensor_C,18.68
2023-10-01T01:09:53+00:00,Sensor_D,93.44
2023-10-01T01:09:54+00:00,Sensor_A,41.71
2023-10-01T01:09:55+00:00,Sensor_D,27.67
2023-10-01T01:09:56+00:00,Sensor_D,62.16
2023-10-01T01:09:57+00:00,Sensor_D,98.89
2023-10-01T01:09:58+00:00,Sensor_B,75.67
2023-10-01T01:09:59+00:00,Sensor_A,13.69
2023-10-01T01:10:00+00:00,Sensor_C,81.36
2023-10-01T01:10:01+00:00,Sensor_D,77.82
2023-10-01T01:10:02+00:00,Sensor_A,64.54
2023-10-01T01:10:03+00:00,Sensor_B,48.26
2023-10-01T01:10:04+00:00,Sensor_C,3.71
2023-10-01T01:10:05+00:00,Sensor_C,58.34
2023-10-01T01:10:06+00:00,Sensor_B,81.0
2023-10-01T01:10:07+00:00,Sensor_A,79.36
2023-10-01T01:10:08+00:00,Sensor_A,79.78
2023-10-01T01:10:09+00:00,Sensor_C,7.85
2023-10-01T01:10:10+00:00,Sensor_B,89.78
2023-10-01T01:10:11+00:00,Sensor_D,50.54
2023-10-01T01:10:12+00:00,Sensor_C,66.13
2023-10-01T01:10:13+00:00,Sensor_B,35.36
2023-10-01T01:10:14+00:00,感測器甲,36.26
2023-10-01T01:10:15+00:00,Sensor_D,97.09
2023-10-01T01:10:16+00:00,Sensor_B,89.5
2023-10-01T01:10:17+00:00,Sensor_B,18.75
時間錯誤,Sensor_D,86.61
2023-10-01T01:10:19+00:00,Sensor_D,29.1
2023-10-01T01:10:20+00:00,センサー_1,13.81
2023-10-01T01:10:21+00:00,Sensor_B,22.69
2023-10-01T01:10:22+00:00,Sensor_B,96.9
2023-10-01T01:10:23+00:00,Sensor_D,80.65
2023-10-01T01:10:24+00:00,Sensor_A,95.04
2023-10-01T01:10:25+00:00,Sensor_A,38.21
2023-10-01T01:10:26+00:00,Sensor_C,58.03
2023-10-01T01:10:27+00:00,Sensor_A,96.04
2023-10-01T01:10:28+00:00,Sensor_B,20.79
2023-10-01T01:10:29+00:00,Sensor_D,77.89
2023-10-01T01:10:30+00:00,Sensor_B,52.09
2023-10-01T01:10:31+00:00,Sensor_C,56.58
invalid_time,Sensor_C,84.76
2023-10-01T01:10:33+00:00,Sensor_A,36.14
2023-10-01T01:10:34+00:00,Sensor_C,52.73
2023-10-01T01:10:35+00:00,Sensor_C,94.44
2023-10-01T01:10:36+00:00,Sensor_A,81.55
2023-10-01T01:10:37+00:00,Sensor_D,51.39
2023-10-01T01:10:38+00:00,Sensor_C,76.64
2023-10-01T01:10:39+00:00,Sensor_D,81.66
2023-10-01T01:10:40+00:00,Sensor_D,47.93
2023-10-01T01:10:41+00:00,Sensor_A,45.5
2023-10-01T01:10:42+00:00,sénsor#@!,36.93
2023-10-01T01:10:43+00:00,Sensor_A,23.76
2023-10-01T01:10:44+00:00,Sensor_C,7.39
2023-10-01T01:10:45+00:00,Sensor_A,50.63
2023-10-01T01:10:46+00:00,Sensor_A,68.96
2023-10-01T01:10:47+00:00,Sensor_D,16.23
2023-10-01T01:10:48+00:00,Sensor_B,94.31
2023-10-01T01:10:49+00:00,Sensor_A,23.59
2023-10-01T01:10:50+00:00,Sensor_C,43.35
2023-10-01T01:10:51+00:00,Sensor_D,16.01
2023-10-01T01:10:52+00:00,Sensor_C,99.65
2023-10-01T01:10:53+00:00,Sensor_B,59.01
2023-10-01T01:10:54+00:00,Sensor_A,92.21
2023-10-01T01:10:55+00:00,Sensor_B,28.39
2023-10-01T01:10:56+00:00,Sensor_D,43.37
2023-10-01T01:10:57+00:00,Sensor_A,30.0
2023-10-01T01:10:58+00:00,Sensor_B,28.27
2023-10-01T01:10:59+00:00,Sensor_A,69.73
2023-10-01T01:11:00+00:00,Sensor_A,96.47
2023-10-01T01:11:01+00:00,Sensor_D,92.08
2023-10-01T01:11:02+00:00,Sensor_A,17.38
2023-10-01T01:11:03+00:00,Sensor_C,9.67
2023-10-01T01:11:04+00:00,Sensor_C,93.03
2023-10-01T01:11:05+00:00,Sensor_C,3.15
2023-10-01T01:11:06+00:00,Sensor_B,99.21
2023-10-01T01:11:07+00:00,Sensor_A,62.07
2023-10-01T01:11:08+00:00,Sensor_A,25.58
2023-10-01T01:11:09+00:00,Sensor_D,79.61
2023-10-01T01:11:10+00:00,Sensor_A,23.29
2023-10-01T01:11:11+00:00,Sensor_A,83.73
2023-10-01T01:11:12+00:00,Sensor_B,18.29
2023-10-01T01:11:13+00:00,Sensor_D,19.4
2023-10-01T01:11:14+00:00,Sensor_A,16.03
2023-10-01T01:11:15+00:00,Sensor_B,67.68
2023-10-01T01:11:16+00:00,Sensor_A,71.22
2023-10-01T01:11:17+00:00,Sensor_D,11.13
2023-10-01T01:11:18+00:00,Sensor_D,35.21
2023-10-01T01:11:19+00:00,Sensor_A,81.23
???,Sensor_C,98.03
2023-10-01T01:11:21+00:00,Sensor_B,23.28
2023-10-01T01:11:22+00:00,Sensor_A,74.19
2023-10-01T01:11:23+00:00,Sensor_D,4.08
2023-10-01T01:11:24+00:00,Sensor_D,52.25
2023-10-01T01:11:25+00:00,Sensor_B,0.89
2023-10-01T01:11:26+00:00,🔥Sensor,46.65
2023-10-01T01:11:27+00:00,Sensor_A,6.28
2023-10-01T01:11:28+00:00,Sensor_B,91.63
2023-10-01T01:11:29+00:00,Sensor_A,17.67
2023-10-01T01:11:30+00:00,Sensor_A,17.31
2023-10-01T01:11:31+00:00,Sensor_D,67.0
2023-10-01T01:11:32+00:00,Sensor_B,47.3
2023-10-01T01:11:33+00:00,Sensor_C,60.78
2023-10-01T01:11:34+00:00,Sensor_C,37.01
2023-10-01T01:11:35+00:00,センサー_1,1.99
2023-10-01T01:11:36+00:00,Sensor_A,41.37
2023-10-01T01:11:37+00:00,Sensor_A,55.95
2023-10-01T01:11:38+00:00,Sensor_D,74.32
2023-10-01T01:11:39+00:00,Sensor_B,16.8
2023-10-01T01:11:40+00:00,Sensor_D,67.46
2023-10-01T01:11:41+00:00,Sensor_C,70.79
2023-10-01T01:11:42+00:00,Sensor_B,89.47
2023-10-01T01:11:43+00:00,Sensor_D,10.5.2.1
2023-10-01T01:11:44+00:00,Sensor_D,50.76
2023-10-01T01:11:45+00:00,Sensor_D,12.32
2023-10-01T01:11:46+00:00,Sensor_A,89.9
2023-10-01T01:11:47+00:00,Sensor_B,45.05
2023-10-01T01:11:48+00:00,Sensor_A,12.1
2023-10-01T01:11:49+00:00,Sensor_A,67.45
2023-10-01T01:11:50+00:00,Sensor_A,5.22
2023-10-01T01:11:51+00:00,Sensor_A,數值錯誤
2023-10-01T01:11:52+00:00,Sensor_A,83.73
2023-10-01T01:11:53+00:00,Sensor_A,5.42
2023-10-01T01:11:54+00:00,Sensor_C,80.43
2023-10-01T01:11:55+00:00,Sensor_C,27.09
2023-10-01T01:11:56+00:00,Sensor_A,84.97
2023-10-01T01:11:57+00:00,Sensor_D,54.59
2023-10-01T01:11:58+00:00,Sensor_C,78.33
2023-10-01T01:11:59+00:00,Sensor_A,9.43
2023-10-01T01:12:00+00:00,Sensor_D,25.57
2023-10-01T01:12:01+00:00,Sensor_B,80.75
2023-10-01T01:12:02+00:00,Sensor_D,35.57
2023-10-01T01:12:03+00:00,Sensor_A,55.96
2023-10-01T01:12:04+00:00,Sensor_A,66.35
2023-10-01T01:12:05+00:00,Sensor_D,75.47
2023-10-01T01:12:06+00:00,Sensor_D,86.01
2023-10-01T01:12:07+00:00,Sensor_D,11.48
2023-10-01T01:12:08+00:00,Sensor_B,49.53
2023-10-01T01:12:09+00:00,Sensor_C,20.62
2023-10-01T01:12:10+00:00,Sensor_B,數值錯誤
2023-10-01T01:12:11+00:00,Sensor_B,20.48
2023-10-01T01:12:12+00:00,Sensor_B,78.76
2023-10-01T01:12:13+00:00,Sensor_D,9.7
2023-10-01T01:12:14+00:00,Sensor_C,96.62
2023-10-01T01:12:15+00:00,Sensor_C,27.23
2023-10-01T01:12:16+00:00,Sensor_D,97.85
2023-10-01T01:12:17+00:00,Sensor_A,23.72
2023-10-01T01:12:18+00:00,Sensor_D,數值錯誤
2023-10-01T01:12:19+00:00,Sensor_B,79.42
2023-10-01T01:12:20+00:00,Sensor_D,5.88
2023-10-01T01:12:21+00:00,Sensor_A,28.12
2023-10-01T01:12:22+00:00,Sensor_C,99.65
2023-10-01T01:12:23+00:00,Sensor_A,70.04
2023-10-01T01:12:24+00:00,Sensor_D,6.25
2023-10-01T01:12:25+00:00,Sensor_C,80.23
2023-10-01T01:12:26+00:00,Sensor_B,42.85
2023-10-01T01:12:27+00:00,Sensor_B,41.05
2023-10-01T01:12:28+00:00,Sensor_B,51.8
2023-10-01T01:12:29+00:00,Sensor_B,71.71
2023-10-01T01:12:30+00:00,Sensor_B,86.59
2023-10-01T01:12:31+00:00,Sensor_B,71.13
2023-10-01T01:12:32+00:00,Sensor_A,98.92
2023-10-01T01:12:33+00:00,Sensor_B,83.25
2023-10-01T01:12:34+00:00,Sensor_B,10.99
2023-10-01T01:12:35+00:00,Sensor_B,43.81
2023-10-01T01:12:36+00:00,Sensor_D,21.29
2023-10-01T01:12:37+00:00,Sensor_C,27.72
2023-10-01T01:12:38+00:00,Sensor_D,41.18
2023-10-01T01:12:39+00:00,Sensor_B,0.95
2023-10-01T01:12:40+00:00,Sensor_D,56.28
2023-10-01T01:12:41+00:00,Sensor_D,50.99
2023-10-01T01:12:42+00:00,Sensor_C,19.34
2023-10-01T01:12:43+00:00,Sensor_C,32.05
2023-10-01T01:12:44+00:00,Sensor_A,80.04
2023-10-01T01:12:45+00:00,Sensor_C,61.2
2023-10-01T01:12:46+00:00,Sensor_B,62.26
2023-10-01T01:12:47+00:00,Sensor_B,69.03
2023-10-01T01:12:48+00:00,Sensor_B,23.97
2023-10-01T01:12:49+00:00,Sensor_C,59.31
2023-10-01T01:12:50+00:00,Sensor_D,26.59
2023-10-01T01:12:51+00:00,Sensor_D,26.17
2023-10-01T01:12:52+00:00,Sensor_C,83.11
2023-10-01T01:12:53+00:00,Sensor_B,47.0
2023-10-01T01:12:54+00:00,Sensor_D,36.52
2023-10-01T01:12:55+00:00,Sensor_D,87.79
2023-10-01T01:12:56+00:00,Sensor_D,65.57
2023-10-01T01:12:57+00:00,Sensor_C,18.94
2023-10-01T01:12:58+00:00,Sensor_B,64.62
2023-10-01T01:12:59+00:00,Sensor_B,76.9
2023-10-01T01:13:00+00:00,Sensor_D,55.33
2023-10-01T01:13:01+00:00,Sensor_D,51.65
2023-10-01T01:13:02+00:00,Sensor_A,89.53
2023-10-01T01:13:03+00:00,Sensor_C,60.54
2023-10-01T01:13:04+00:00,Sensor_C,28.64
2023-10-01T01:13:05+00:00,🔥Sensor,2.39
2023-10-01T01:13:06+00:00,Sensor_B,74.77
2023-10-01T01:13:07+00:00,Sensor_C,35.21
2023-10-01T01:13:08+00:00,Sensor_C,92.83
2023-10-01T01:13:09+00:00,Sensor_B,88.83
2023-10-01T01:13:10+00:00,Sensor_A,2.22
2023-10-01T01:13:11+00:00,Sensor_B,20.97
2023-10-01T01:13:12+00:00,Sensor_A,22.05
2023-10-01T01:13:13+00:00,Sensor_B,83.3
2023-10-01T01:13:14+00:00,Sensor_C,36.78
2023-10-01T01:13:15+00:00,Sensor_D,74.56
2023-10-01T01:13:16+00:00,Sensor_D,87.97
2023-10-01T01:13:17+00:00,Sensor_D,38.14
2023-10-01T01:13:18+00:00,Sensor_B,3.1415926535897932384
2023-10-01T01:13:19+00:00,Sensor_B,66.38
2023-10-01T01:13:20+00:00,Sensor_D,61.67
2023-10-01T01:13:21+00:00,Sensor_D,3.1415926535897932384
???,Sensor_B,41.32
2023-10-01T01:13:23+00:00,Sensor_C,69.6
2023-10-01T01:13:24+00:00,Sensor_A,70.0
2023-10-01T01:13:25+00:00,Sensor_B,79.98
2023-10-01T01:13:26+00:00,Sensor_C,23.7
2023-10-01T01:13:27+00:00,Sensor_C,57.32
2023-10-01T01:13:28+00:00,Sensor_A,49.97
2023-10-01T01:13:29+00:00,Sensor_C,42.78
2023-10-01T01:13:30+00:00,Sensor_D,not_a_number
2023-10-01T01:13:31+00:00,Sensor_D,1.14
2023-10-01T01:13:32+00:00,Sensor_A,69.35
2023-10-01T01:13:33+00:00,Sensor_D,63.43
2023-10-01T01:13:34+00:00,Sensor_A,99.11
2023-10-01T01:13:35+00:00,Sensor_D,48.71
2023-10-01T01:13:36+00:00,Sensor_D,69.02
2023-10-01T01:13:37+00:00,Sensor_B,76.63
2023-10-01T01:13:38+00:00,Sensor_A,13.5
2023-10-01T01:13:39+00:00,Sensor_B,95.11
2023-10-01T01:13:40+00:00,Sensor_C,0.56
2023-10-01T01:13:41+00:00,Sensor_D,1.69
2023-10-01T01:13:42+00:00,Sensor_C,12.58
2023-10-01T01:13:43+00:00,Sensor_A,not_a_number
2023-10-01T01:13:44+00:00,Sensor_C,69.22
2023-10-01T01:13:45+00:00,Sensor_C,35.61
2023-10-01T01:13:46+00:00,Sensor_B,63.53
2023-10-01T01:13:47+00:00,Sensor_C,73.07
2023-10-01T01:13:48+00:00,Sensor_C,10.77
2023-10-01T01:13:49+00:00,Sensor_A,11.7
2023-10-01T01:13:50+00:00,Sensor_A,75.9
2023-10-01T01:13:51+00:00,sénsor#@!,22.92
2023-10-01T01:13:52+00:00,Sensor_B,40.85
2023-10-01T01:13:53+00:00,Sensor_B,1.15
2023-10-01T01:13:54+00:00,Sensor_C,17.19
2023-10-01T01:13:55+00:00,Sensor_D,21.65
2023-10-01T01:13:56+00:00,Sensor_D,10.5.2.1
2023-10-01T01:13:57+00:00,Sensor_D,39.15
2023-10-01T01:13:58+00:00,Sensor_A,25.19
2023-10-01T01:13:59+00:00,Sensor_D,2.18
2023-10-01T01:14:00+00:00,Sensor_A,26.42
2023-10-01T01:14:01+00:00,Sensor_D,22.45
2023-10-01T01:14:02+00:00,sénsor#@!,60.06
2023-10-01T01:14:03+00:00,Sensor_A,52.39
2023-10-01T01:14:04+00:00,Sensor_D,39.56
2023-10-01T01:14:05+00:00,Sensor_A,24.13
2023-10-01T01:14:06+00:00,Sensor_D,95.32
2023-10-01T01:14:07+00:00,🔥Sensor,87.8
2023-10-01T01:14:08+00:00,Sensor_B,28.92
2023-10-01T01:14:09+00:00,Sensor_D,8.07
2023-10-01T01:14:10+00:00,Sensor_B,17.06
2023-10-01T01:14:11+00:00,Sensor_B,20.5
2023-10-01T01:14:12+00:00,Sensor_A,4.97
2023-10-01T01:14:13+00:00,Sensor_A,37.81
2023-10-01T01:14:14+00:00,Sensor_B,9.31
2023-10-01T01:14:15+00:00,Sensor_C,22.68
2023-10-01T01:14:16+00:00,感測器甲,37.5
2023-10-01T01:14:17+00:00,Sensor_D,76.36
2023-10-01T01:14:18+00:00,Sensor_A,67.34
2023-10-01T01:14:19+00:00,Sensor_B,81.59
2023-10-01T01:14:20+00:00,Sensor_D,59.86
2023-10-01T01:14:21+00:00,Sensor_B,8.35
2023-10-01T01:14:22+00:00,Sensor_B,82.62
2023-10-01T01:14:23+00:00,Sensor_C,72.11
2023-10-01T01:14:24+00:00,Sensor_A,5.15
2023-10-01T01:14:25+00:00,Sensor_A,18.68
2023-10-01T01:14:26+00:00,Sensor_B,57.65
2023-10-01T01:14:27+00:00,Sensor_A,13.75
2023-10-01T01:14:28+00:00,Sensor_C,23.28
2023-10-01T01:14:29+00:00,Sensor_B,89.91
2023-10-01T01:14:30+00:00,Sensor_A,79.65
2023-10-01T01:14:31+00:00,Sensor_C,2.1
2023-10-01T01:14:32+00:00,Sensor_B,73.27
2023-10-01T01:14:33+00:00,Sensor_C,13.27
2023-10-01T01:14:34+00:00,Sensor_B,34.05
2023-10-01T01:14:35+00:00,Sensor_C,55.77
2023-10-01T01:14:36+00:00,Sensor_C,95.5
2023-10-01T01:14:37+00:00,Sensor_A,7.39
2023-10-01T01:14:38+00:00,Sensor_A,53.3
2023-10-01T01:14:39+00:00,Sensor_D,13.89
2023-10-01T01:14:40+00:00,Sensor_B,11.4
2023-10-01T01:14:41+00:00,Sensor_D,63.03
2023-10-01T01:14:42+00:00,Sensor_C,11.99
2023-10-01T01:14:43+00:00,Sensor_D,20.42
2023-10-01T01:14:44+00:00,Sensor_D,82.64
2023-10-01T01:14:45+00:00,Sensor_C,6.03
2023-10-01T01:14:46+00:00,Sensor_C,58.64
2023-10-01T01:14:47+00:00,Sensor_D,60.69
2023-10-01T01:14:48+00:00,Sensor_C,67.95
2023-10-01T01:14:49+00:00,Sensor_C,45.61
2023-10-01T01:14:50+00:00,Sensor_B,16.69
2023-10-01T01:14:51+00:00,Sensor_D,27.45
2023-10-01T01:14:52+00:00,Sensor_D,51.43
2023-10-01T01:14:53+00:00,Sensor_C,10.5.2.1
2023-10-01T01:14:54+00:00,Sensor_C,54.21
2023-10-01T01:14:55+00:00,Sensor_A,98.26
2023-10-01T01:14:56+00:00,Sensor_A,56.13
2023-10-01T01:14:57+00:00,🔥Sensor,76.67
2023-10-01T01:14:58+00:00,Sensor_B,78.21
2023-10-01T01:14:59+00:00,Sensor_A,43.29
2023-10-01T01:15:00+00:00,Sensor_B,65.15
2023-10-01T01:15:01+00:00,Sensor_D,59.73
2023-10-01T01:15:02+00:00,Sensor_A,0.37
2023-10-01T01:15:03+00:00,Sensor_C,0.69
2023-10-01T01:15:04+00:00,Sensor_B,61.54
2023-10-01T01:15:05+00:00,Sensor_C,18.92
2023-10-01T01:15:06+00:00,Sensor_A,82.82
2023-10-01T01:15:07+00:00,Sensor_B,46.1
2023-10-01T01:15:08+00:00,Sensor_D,40.54
2023-10-01T01:15:09+00:00,Sensor_C,81.6
2023-10-01T01:15:10+00:00,Sensor_A,48.21
2023-10-01T01:15:11+00:00,Sensor_B,18.16
2023-10-01T01:15:12+00:00,Sensor_D,ABC
2023-10-01T01:15:13+00:00,Sensor_A,65.49
2023-10-01T01:15:14+00:00,Sensor_B,40.71
2023-10-01T01:15:15+00:00,Sensor_B,10.21
2023-10-01T01:15:16+00:00,Sensor_C,76.64
2023-10-01T01:15:17+00:00,Sensor_D,79.06
2023-10-01T01:15:18+00:00,Sensor_C,92.79
2023-10-01T01:15:19+00:00,Sensor_C,82.96
2023-10-01T01:15:20+00:00,Sensor_C,92.62
2023-10-01T01:15:21+00:00,Sensor_C,42.24
2023-10-01T01:15:22+00:00,Sensor_C,28.19
2023-10-01T01:15:23+00:00,Sensor_A,40.37
2023-10-01T01:15:24+00:00,Sensor_D,82.17
2023-10-01T01:15:25+00:00,Sensor_A,27.82
2023-99-99,Sensor_D,24.92
2023-10-01T01:15:27+00:00,Sensor_C,71.74
2023-10-01T01:15:28+00:00,Sensor_C,ABC
2023-10-01T01:15:29+00:00,Sensor_B,1.27
2023-10-01T01:15:30+00:00,Sensor_B,46.31
2023-10-01T01:15:31+00:00,Sensor_C,92.43
時間錯誤,Sensor_C,99.52
2023-10-01T01:15:33+00:00,Sensor_B,46.52
2023-10-01T01:15:34+00:00,Sensor_D,3.1415926535897932384
2023-10-01T01:15:35+00:00,Sensor_C,14.12
2023-10-01T01:15:36+00:00,Sensor_A,75.56
2023-10-01T01:15:37+00:00,Sensor_D,80.62
2023-10-01T01:15:38+00:00,Sensor_C,75.98
2023-10-01T01:15:39+00:00,Sensor_B,25.19
2023-10-01T01:15:40+00:00,Sensor_B,9.32
2023-10-01T01:15:41+00:00,Sensor_A,67.21
2023-10-01T01:15:42+00:00,Sensor_C,91.12
2023-10-01T01:15:43+00:00,Sensor_B,7.58
2023-10-01T01:15:44+00:00,Sensor_B,21.31
2023-10-01T01:15:45+00:00,Sensor_B,98.96
???,Sensor_B,44.32
2023-10-01T01:15:47+00:00,Sensor_D,74.27
2023-10-01T01:15:48+00:00,Sensor_D,75.49
2023-10-01T01:15:49+00:00,Sensor_D,73.49
2023-10-01T01:15:50+00:00,Sensor_C,3.1415926535897932384
2023-10-01T01:15:51+00:00,Sensor_A,28.06
2023-10-01T01:15:52+00:00,Sensor_C,61.05
2023-10-01T01:15:53+00:00,Sensor_B,10.5.2.1
2023-10-01T01:15:54+00:00,Sensor_C,39.2
2023-10-01T01:15:55+00:00,Sensor_A,66.14
2023-10-01T01:15:56+00:00,Sensor_C,12.47
2023-10-01T01:15:57+00:00,Sensor_A,8.91
2023-10-01T01:15:58+00:00,Sensor_A,6.08
2023-10-01T01:15:59+00:00,Sensor_D,10.97
2023-10-01T01:16:00+00:00,Sensor_C,76.1
2023-10-01T01:16:01+00:00,Sensor_C,41.34
2023-10-01T01:16:02+00:00,Sensor_B,8.96
2023-10-01T01:16:03+00:00,Sensor_A,84.63
2023-10-01T01:16:04+00:00,Sensor_D,29.98
2023-10-01T01:16:05+00:00,Sensor_C,42.73
2023-10-01T01:16:06+00:00,Sensor_A,12.84
2023-10-01T01:16:07+00:00,Sensor_B,51.29
2023-10-01T01:16:08+00:00,Sensor_B,18.61
2023-10-01T01:16:09+00:00,Sensor_C,53.35
???,Sensor_D,63.98
2023-10-01T01:16:11+00:00,Sensor_D,39.64
2023-10-01T01:16:12+00:00,Sensor_C,2.34
2023-10-01T01:16:13+00:00,Sensor_A,62.42
2023-10-01T01:16:14+00:00,Sensor_D,13.18
2023-10-01T01:16:15+00:00,Sensor_C,72.95
2023-10-01T01:16:16+00:00,Sensor_C,99.94
2023-10-01T01:16:17+00:00,Sensor_C,79.99
2023-10-01T01:16:18+00:00,Sensor_D,0.32
2023-10-01T01:16:19+00:00,Sensor_A,43.24
2023-10-01T01:16:20+00:00,Sensor_D,33.01
2023-10-01T01:16:21+00:00,Sensor_C,1.1
2023-10-01T01:16:22+00:00,Sensor_B,9.01
2023-10-01T01:16:23+00:00,Sensor_A,83.85
2023-10-01T01:16:24+00:00,Sensor_A,42.15
2023-10-01T01:16:25+00:00,Sensor_D,30.06
2023-10-01T01:16:26+00:00,Sensor_B,53.33
2023-10-01T01:16:27+00:00,Sensor_B,11.56
invalid_time,Sensor_A,54.51
2023-10-01T01:16:29+00:00,Sensor_C,94.6
2023-10-01T01:16:30+00:00,Sensor_D,not_a_number
2023-10-01T01:16:31+00:00,Sensor_D,ABC
2023-10-01T01:16:32+00:00,Sensor_A,3.7
2023-10-01T01:16:33+00:00,Sensor_C,76.17
2023-10-01T01:16:34+00:00,Sensor_D,51.03
2023-10-01T01:16:35+00:00,Sensor_C,12.0
2023-10-01T01:16:36+00:00,Sensor_B,16.25
2023-10-01T01:16:37+00:00,Sensor_C,35.3
2023-10-01T01:16:38+00:00,Sensor_B,93.5
2023-10-01T01:16:39+00:00,Sensor_B,83.35
2023-10-01T01:16:40+00:00,Sensor_D,8.94
2023-10-01T01:16:41+00:00,Sensor_B,2.56
2023-10-01T01:16:42+00:00,Sensor_A,28.94
2023-10-01T01:16:43+00:00,Sensor_D,91.35
2023-10-01T01:16:44+00:00,Sensor_B,10.29
2023-10-01T01:16:45+00:00,Sensor_A,10.5.2.1
2023-10-01T01:16:46+00:00,Sensor_C,55.54
2023-10-01T01:16:47+00:00,Sensor_A,75.62
2023-10-01T01:16:48+00:00,Sensor_C,14.69
2023-10-01T01:16:49+00:00,Sensor_D,26.9
2023-99-99,Sensor_C,50.53
2023-10-01T01:16:51+00:00,Sensor_D,43.49
2023-10-01T01:16:52+00:00,Sensor_C,21.61
2023-10-01T01:16:53+00:00,Sensor_B,18.08
2023-10-01T01:16:54+00:00,Sensor_A,42.22
2023-10-01T01:16:55+00:00,Sensor_B,2.69
2023-10-01T01:16:56+00:00,Sensor_D,0.01
2023-10-01T01:16:57+00:00,Sensor_C,43.39
2023-10-01T01:16:58+00:00,Sensor_C,16.56
2023-10-01T01:16:59+00:00,Sensor_B,45.94
2023-10-01T01:17:00+00:00,센서_A,54.4
2023-10-01T01:17:01+00:00,Sensor_B,70.0
2023-10-01T01:17:02+00:00,Sensor_D,89.84
2023-10-01T01:17:03+00:00,Sensor_B,2.33
2023-10-01T01:17:04+00:00,Sensor_D,33.18
2023-10-01T01:17:05+00:00,Sensor_A,81.28
2023-10-01T01:17:06+00:00,Sensor_C,80.98
2023-10-01T01:17:07+00:00,Sensor_A,50.77
2023-10-01T01:17:08+00:00,Sensor_D,2.67
2023-10-01T01:17:09+00:00,Sensor_A,75.63
2023-10-01T01:17:10+00:00,Sensor_B,23.89
2023-10-01T01:17:11+00:00,Sensor_B,31.28
invalid_time,Sensor_B,75.5
2023-10-01T01:17:13+00:00,Sensor_D,92.33
2023-10-01T01:17:14+00:00,Sensor_C,88.92
invalid_time,Sensor_D,3.91
2023-10-01T01:17:16+00:00,Sensor_B,17.74
2023-10-01T01:17:17+00:00,Sensor_B,41.08
2023-10-01T01:17:18+00:00,Sensor_D,47.64
2023-10-01T01:17:19+00:00,Sensor_C,20.21
2023-10-01T01:17:20+00:00,Sensor_A,91.81
2023-10-01T01:17:21+00:00,Sensor_B,70.29
2023-10-01T01:17:22+00:00,Sensor_D,85.95
2023-10-01T01:17:23+00:00,Sensor_C,ABC
2023-10-01T01:17:24+00:00,Sensor_C,54.63
2023-10-01T01:17:25+00:00,Sensor_D,51.51
2023-10-01T01:17:26+00:00,Sensor_B,93.79
2023-10-01T01:17:27+00:00,Sensor_C,68.06
2023-10-01T01:17:28+00:00,Sensor_D,not_a_number
2023-10-01T01:17:29+00:00,Sensor_A,79.85
2023-10-01T01:17:30+00:00,Sensor_C,74.32
2023-10-01T01:17:31+00:00,Sensor_D,27.18
2023-10-01T01:17:32+00:00,Sensor_A,42.53
2023-99-99,Sensor_D,27.54
2023-10-01T01:17:34+00:00,Sensor_C,83.16
2023-10-01T01:17:35+00:00,Sensor_D,54.34
2023-10-01T01:17:36+00:00,Sensor_C,68.2
2023-10-01T01:17:37+00:00,Sensor_C,60.99
2023-10-01T01:17:38+00:00,Sensor_B,74.34
2023-10-01T01:17:39+00:00,Sensor_D,65.05
2023-10-01T01:17:40+00:00,Sensor_C,12.59
2023-10-01T01:17:41+00:00,Sensor_C,36.01
2023-10-01T01:17:42+00:00,Sensor_C,73.57
2023-10-01T01:17:43+00:00,Sensor_D,35.28
2023-10-01T01:17:44+00:00,Sensor_A,73.19
2023-10-01T01:17:45+00:00,Sensor_A,6.06
2023-10-01T01:17:46+00:00,Sensor_B,85.64
2023-10-01T01:17:47+00:00,Sensor_A,70.82
2023-10-01T01:17:48+00:00,Sensor_D,0.51
2023-10-01T01:17:49+00:00,Sensor_A,85.38
2023-10-01T01:17:50+00:00,sénsor#@!,90.71
2023-10-01T01:17:51+00:00,Sensor_A,28.57
2023-10-01T01:17:52+00:00,Sensor_D,7.79
2023-10-01T01:17:53+00:00,Sensor_D,16.09
2023-10-01T01:17:54+00:00,Sensor_A,4.07
2023-10-01T01:17:55+00:00,Sensor_A,3.78
2023-10-01T01:17:56+00:00,Sensor_D,64.6
2023-10-01T01:17:57+00:00,Sensor_C,93.42
2023-10-01T01:17:58+00:00,Sensor_D,75.87
2023-10-01T01:17:59+00:00,Sensor_B,48.54
2023-10-01T01:18:00+00:00,Sensor_D,85.1
2023-10-01T01:18:01+00:00,Sensor_B,35.75
2023-10-01T01:18:02+00:00,Sensor_B,40.79
2023-10-01T01:18:03+00:00,Sensor_C,17.0
2023-10-01T01:18:04+00:00,Sensor_C,61.62
2023-10-01T01:18:05+00:00,Sensor_A,76.23
2023-10-01T01:18:06+00:00,Sensor_D,57.46
2023-10-01T01:18:07+00:00,Sensor_B,7.15
2023-10-01T01:18:08+00:00,Sensor_A,94.57
2023-10-01T01:18:09+00:00,Sensor_B,80.08
2023-10-01T01:18:10+00:00,Sensor_A,63.58
2023-10-01T01:18:11+00:00,Sensor_B,36.35
2023-10-01T01:18:12+00:00,Sensor_C,42.55
2023-10-01T01:18:13+00:00,Sensor_C,82.84
2023-10-01T01:18:14+00:00,Sensor_C,68.62
2023-10-01T01:18:15+00:00,Sensor_A,28.96
2023-10-01T01:18:16+00:00,Sensor_B,47.05
2023-10-01T01:18:17+00:00,Sensor_D,37.72
2023-10-01T01:18:18+00:00,Sensor_C,13.6
2023-10-01T01:18:19+00:00,Sensor_D,74.85
2023-10-01T01:18:20+00:00,Sensor_A,53.07
2023-10-01T01:18:21+00:00,Sensor_C,50.81
2023-10-01T01:18:22+00:00,Sensor_A,77.14
2023-10-01T01:18:23+00:00,Sensor_A,88.14
2023-10-01T01:18:24+00:00,センサー_1,38.54
2023-10-01T01:18:25+00:00,Sensor_B,89.41
2023-10-01T01:18:26+00:00,Sensor_D,5.93
2023-10-01T01:18:27+00:00,Sensor_B,23.88
2023-10-01T01:18:28+00:00,Sensor_C,74.93
2023-10-01T01:18:29+00:00,Sensor_B,99.46
2023-10-01T01:18:30+00:00,Sensor_C,27.54
2023-10-01T01:18:31+00:00,Sensor_A,94.98
2023-10-01T01:18:32+00:00,Sensor_C,49.55
2023-10-01T01:18:33+00:00,Sensor_A,70.39
2023-10-01T01:18:34+00:00,Sensor_D,62.79
2023-10-01T01:18:35+00:00,Sensor_C,4.51
2023-10-01T01:18:36+00:00,Sensor_D,32.91
2023-10-01T01:18:37+00:00,Sensor_A,56.71
2023-10-01T01:18:38+00:00,Sensor_B,29.49
2023-10-01T01:18:39+00:00,Sensor_B,97.38
2023-10-01T01:18:40+00:00,Sensor_B,37.1
2023-10-01T01:18:41+00:00,Sensor_B,70.85
2023-10-01T01:18:42+00:00,Sensor_B,71.21
2023-10-01T01:18:43+00:00,Sensor_B,96.41
2023-10-01T01:18:44+00:00,Sensor_A,65.78
2023-10-01T01:18:45+00:00,Sensor_A,25.56
2023-10-01T01:18:46+00:00,Sensor_D,40.79
2023-10-01T01:18:47+00:00,Sensor_D,49.16
2023-10-01T01:18:48+00:00,Sensor_A,64.3
2023-10-01T01:18:49+00:00,Sensor_A,89.37
2023-10-01T01:18:50+00:00,Sensor_B,1.76
2023-10-01T01:18:51+00:00,Sensor_A,10.5.2.1
2023-10-01T01:18:52+00:00,Sensor_D,97.31
2023-10-01T01:18:53+00:00,Sensor_B,47.48
2023-10-01T01:18:54+00:00,Sensor_D,89.59
2023-10-01T01:18:55+00:00,Sensor_A,14.57
2023-10-01T01:18:56+00:00,Sensor_D,67.66
2023-10-01T01:18:57+00:00,Sensor_C,57.1
2023-10-01T01:18:58+00:00,Sensor_C,3.1415926535897932384
2023-10-01T01:18:59+00:00,Sensor_C,47.86
2023-10-01T01:19:00+00:00,Sensor_D,20.01
2023-10-01T01:19:01+00:00,Sensor_C,60.78
2023-10-01T01:19:02+00:00,Sensor_A,14.09
2023-10-01T01:19:03+00:00,Sensor_A,80.73
2023-10-01T01:19:04+00:00,Sensor_B,57.54
2023-10-01T01:19:05+00:00,Sensor_A,12.59
2023-10-01T01:19:06+00:00,Sensor_A,85.46
2023-10-01T01:19:07+00:00,Sensor_A,74.03
2023-10-01T01:19:08+00:00,Sensor_D,ABC
2023-10-01T01:19:09+00:00,Sensor_B,27.6
2023-10-01T01:19:10+00:00,Sensor_D,63.35
2023-10-01T01:19:11+00:00,Sensor_A,35.64
2023-10-01T01:19:12+00:00,Sensor_B,46.98
2023-10-01T01:19:13+00:00,Sensor_B,10.5.2.1
2023-10-01T01:19:14+00:00,Sensor_D,10.43
2023-10-01T01:19:15+00:00,Sensor_A,9.36
2023-10-01T01:19:16+00:00,Sensor_C,2.61
2023-10-01T01:19:17+00:00,Sensor_B,37.22
2023-10-01T01:19:18+00:00,Sensor_B,數值錯誤
2023-10-01T01:19:19+00:00,Sensor_B,18.02
2023-10-01T01:19:20+00:00,Sensor_D,47.76
2023-10-01T01:19:21+00:00,Sensor_C,ABC
2023-10-01T01:19:22+00:00,Sensor_C,24.94
2023-10-01T01:19:23+00:00,Sensor_D,14.86
2023-10-01T01:19:24+00:00,Sensor_A,42.89
2023-10-01T01:19:25+00:00,Sensor_B,12.1
2023-10-01T01:19:26+00:00,Sensor_B,0.94
2023-10-01T01:19:27+00:00,Sensor_D,16.0
2023-10-01T01:19:28+00:00,Sensor_B,86.02
2023-10-01T01:19:29+00:00,Sensor_D,51.68
2023-10-01T01:19:30+00:00,Sensor_B,48.64
2023-10-01T01:19:31+00:00,Sensor_B,40.63
2023-10-01T01:19:32+00:00,Sensor_A,74.72
2023-10-01T01:19:33+00:00,Sensor_C,99.4
2023-10-01T01:19:34+00:00,Sensor_B,97.78
2023-10-01T01:19:35+00:00,Sensor_C,57.32
2023-10-01T01:19:36+00:00,Sensor_C,69.62
2023-10-01T01:19:37+00:00,Sensor_A,23.97
2023-10-01T01:19:38+00:00,Sensor_B,29.5
invalid_time,Sensor_C,96.97
2023-10-01T01:19:40+00:00,Sensor_C,29.29
2023-10-01T01:19:41+00:00,Sensor_A,96.08
2023-10-01T01:19:42+00:00,Sensor_A,7.98
2023-10-01T01:19:43+00:00,Sensor_A,1.32
2023-10-01T01:19:44+00:00,Sensor_D,42.28
2023-10-01T01:19:45+00:00,Sensor_C,43.03
2023-10-01T01:19:46+00:00,Sensor_C,71.73
2023-10-01T01:19:47+00:00,Sensor_D,41.93
???,Sensor_B,81.86
2023-10-01T01:19:49+00:00,Sensor_B,20.81
2023-10-01T01:19:50+00:00,Sensor_B,26.24
2023-10-01T01:19:51+00:00,Sensor_A,2.09
2023-10-01T01:19:52+00:00,Sensor_A,87.58
2023-10-01T01:19:53+00:00,Sensor_D,20.46
2023-10-01T01:19:54+00:00,Sensor_D,20.17
2023-10-01T01:19:55+00:00,Sensor_B,34.77
2023-10-01T01:19:56+00:00,Sensor_A,67.1
2023-10-01T01:19:57+00:00,Sensor_A,76.79
2023-10-01T01:19:58+00:00,Sensor_B,5.15
2023-10-01T01:19:59+00:00,Sensor_C,3.1415926535897932384
2023-10-01T01:20:00+00:00,Sensor_C,4.06
2023-10-01T01:20:01+00:00,Sensor_C,20.43
2023-10-01T01:20:02+00:00,Sensor_C,79.35
2023-10-01T01:20:03+00:00,Sensor_C,90.7
2023-10-01T01:20:04+00:00,Sensor_D,70.83
2023-10-01T01:20:05+00:00,Sensor_B,94.93
2023-10-01T01:20:06+00:00,Sensor_C,not_a_number
2023-10-01T01:20:07+00:00,Sensor_B,27.12
2023-10-01T01:20:08+00:00,Sensor_C,98.67
invalid_time,Sensor_D,73.56
2023-10-01T01:20:10+00:00,Sensor_B,94.13
2023-10-01T01:20:11+00:00,Sensor_B,74.33
2023-10-01T01:20:12+00:00,Sensor_C,48.73
2023-10-01T01:20:13+00:00,Sensor_B,42.87
2023-10-01T01:20:14+00:00,Sensor_C,10.5.2.1
2023-10-01T01:20:15+00:00,Sensor_A,20.77
2023-10-01T01:20:16+00:00,Sensor_A,91.18
2023-10-01T01:20:17+00:00,Sensor_D,數值錯誤
2023-10-01T01:20:18+00:00,Sensor_B,75.69
2023-10-01T01:20:19+00:00,Sensor_D,9.29
2023-10-01T01:20:20+00:00,Sensor_C,78.6
2023-10-01T01:20:21+00:00,Sensor_C,88.0
2023-10-01T01:20:22+00:00,Sensor_A,44.63
2023-10-01T01:20:23+00:00,Sensor_B,10.5.2.1
2023-10-01T01:20:24+00:00,Sensor_B,62.53
2023-10-01T01:20:25+00:00,Sensor_B,3.38
2023-10-01T01:20:26+00:00,Sensor_C,64.59
2023-10-01T01:20:27+00:00,Sensor_D,58.94
2023-10-01T01:20:28+00:00,Sensor_B,84.89
2023-10-01T01:20:29+00:00,Sensor_C,70.12
2023-10-01T01:20:30+00:00,Sensor_B,70.43
2023-10-01T01:20:31+00:00,Sensor_B,87.7
2023-10-01T01:20:32+00:00,センサー_1,11.67
2023-10-01T01:20:33+00:00,Sensor_A,59.96
2023-10-01T01:20:34+00:00,Sensor_D,65.83
2023-10-01T01:20:35+00:00,Sensor_B,36.71
2023-10-01T01:20:36+00:00,Sensor_D,49.97
2023-10-01T01:20:37+00:00,Sensor_A,48.4
2023-10-01T01:20:38+00:00,Sensor_B,37.73
2023-10-01T01:20:39+00:00,Sensor_B,59.29
2023-10-01T01:20:40+00:00,Sensor_A,57.77
2023-10-01T01:20:41+00:00,Sensor_B,40.39
2023-10-01T01:20:42+00:00,Sensor_B,10.5.2.1
2023-10-01T01:20:43+00:00,Sensor_D,76.85
2023-10-01T01:20:44+00:00,Sensor_D,29.27
2023-10-01T01:20:45+00:00,Sensor_C,42.85
2023-10-01T01:20:46+00:00,Sensor_D,51.88
2023-10-01T01:20:47+00:00,Sensor_A,67.56
2023-10-01T01:20:48+00:00,Sensor_D,75.6
2023-10-01T01:20:49+00:00,Sensor_A,80.18
2023-10-01T01:20:50+00:00,Sensor_C,98.88
2023-10-01T01:20:51+00:00,Sensor_A,60.24
2023-10-01T01:20:52+00:00,Sensor_C,10.71
2023-10-01T01:20:53+00:00,Sensor_C,94.8
2023-10-01T01:20:54+00:00,Sensor_B,25.76
2023-10-01T01:20:55+00:00,Sensor_D,68.88
2023-10-01T01:20:56+00:00,Sensor_B,14.98
2023-10-01T01:20:57+00:00,Sensor_D,57.8
???,Sensor_A,12.5
2023-10-01T01:20:59+00:00,Sensor_A,38.05
2023-10-01T01:21:00+00:00,Sensor_B,56.94
2023-10-01T01:21:01+00:00,Sensor_D,95.58
2023-10-01T01:21:02+00:00,Sensor_D,47.52
2023-10-01T01:21:03+00:00,Sensor_C,38.64
2023-10-01T01:21:04+00:00,Sensor_B,8.56
2023-10-01T01:21:05+00:00,Sensor_C,68.63
2023-10-01T01:21:06+00:00,Sensor_A,57.49
2023-10-01T01:21:07+00:00,Sensor_D,94.56
2023-10-01T01:21:08+00:00,Sensor_C,20.23
2023-10-01T01:21:09+00:00,Sensor_B,2.41
2023-10-01T01:21:10+00:00,Sensor_C,10.5.2.1
2023-10-01T01:21:11+00:00,Sensor_D,40.68
2023-10-01T01:21:12+00:00,Sensor_A,19.44
2023-10-01T01:21:13+00:00,Sensor_B,36.21
2023-10-01T01:21:14+00:00,Sensor_C,30.43
2023-10-01T01:21:15+00:00,Sensor_B,95.06
2023-10-01T01:21:16+00:00,Sensor_A,98.3
2023-10-01T01:21:17+00:00,Sensor_D,30.02
2023-10-01T01:21:18+00:00,Sensor_A,6.49
2023-10-01T01:21:19+00:00,센서_A,44.22
2023-10-01T01:21:20+00:00,Sensor_C,31.83
2023-10-01T01:21:21+00:00,Sensor_A,99.79
2023-10-01T01:21:22+00:00,Sensor_A,39.87
2023-10-01T01:21:23+00:00,Sensor_C,19.82
2023-10-01T01:21:24+00:00,Sensor_A,16.78
2023-10-01T01:21:25+00:00,Sensor_A,81.44
2023-10-01T01:21:26+00:00,Sensor_C,17.27
2023-10-01T01:21:27+00:00,센서_A,87.01
2023-10-01T01:21:28+00:00,Sensor_B,55.59
2023-10-01T01:21:29+00:00,Sensor_C,10.5.2.1
2023-10-01T01:21:30+00:00,Sensor_C,9.27
2023-10-01T01:21:31+00:00,Sensor_D,31.99
2023-10-01T01:21:32+00:00,Sensor_D,1.05
2023-10-01T01:21:33+00:00,Sensor_C,68.04
2023-10-01T01:21:34+00:00,Sensor_D,40.2
2023-10-01T01:21:35+00:00,Sensor_D,87.58
2023-10-01T01:21:36+00:00,Sensor_B,62.07
2023-10-01T01:21:37+00:00,Sensor_C,4.79
2023-10-01T01:21:38+00:00,Sensor_A,41.45
2023-10-01T01:21:39+00:00,Sensor_B,6.52
2023-10-01T01:21:40+00:00,Sensor_C,10.09
2023-10-01T01:21:41+00:00,Sensor_C,44.37
2023-10-01T01:21:42+00:00,Sensor_C,20.99
2023-10-01T01:21:43+00:00,Sensor_C,57.66
2023-10-01T01:21:44+00:00,Sensor_D,32.19
2023-10-01T01:21:45+00:00,Sensor_B,57.68
2023-10-01T01:21:46+00:00,Sensor_B,96.38
2023-10-01T01:21:47+00:00,Sensor_D,35.62
2023-10-01T01:21:48+00:00,Sensor_C,61.53
2023-10-01T01:21:49+00:00,Sensor_C,80.96
2023-10-01T01:21:50+00:00,Sensor_B,10.65
2023-10-01T01:21:51+00:00,Sensor_A,5.15
2023-10-01T01:21:52+00:00,Sensor_C,46.71
2023-10-01T01:21:53+00:00,Sensor_D,88.1
2023-10-01T01:21:54+00:00,Sensor_D,11.63
2023-10-01T01:21:55+00:00,Sensor_A,71.11
2023-10-01T01:21:56+00:00,Sensor_A,99.47
2023-10-01T01:21:57+00:00,Sensor_C,16.26
2023-10-01T01:21:58+00:00,Sensor_D,84.4
2023-10-01T01:21:59+00:00,Sensor_A,65.12
2023-10-01T01:22:00+00:00,Sensor_A,47.76
2023-10-01T01:22:01+00:00,Sensor_B,9.41
2023-10-01T01:22:02+00:00,Sensor_D,98.42
2023-10-01T01:22:03+00:00,Sensor_B,59.74
2023-99-99,Sensor_D,46.39
2023-10-01T01:22:05+00:00,Sensor_A,10.5.2.1
2023-10-01T01:22:06+00:00,Sensor_B,29.91
2023-10-01T01:22:07+00:00,Sensor_A,20.5
2023-10-01T01:22:08+00:00,Sensor_B,60.96
2023-10-01T01:22:09+00:00,Sensor_B,76.97
2023-10-01T01:22:10+00:00,Sensor_D,3.1415926535897932384
2023-10-01T01:22:11+00:00,Sensor_B,88.97
2023-10-01T01:22:12+00:00,Sensor_B,25.48
2023-10-01T01:22:13+00:00,Sensor_C,32.02
2023-10-01T01:22:14+00:00,Sensor_B,21.56
2023-10-01T01:22:15+00:00,Sensor_D,33.61
2023-10-01T01:22:16+00:00,Sensor_A,12.59
2023-10-01T01:22:17+00:00,Sensor_B,10.5.2.1
2023-10-01T01:22:18+00:00,Sensor_B,10.5.2.1
2023-10-01T01:22:19+00:00,Sensor_B,43.01
2023-10-01T01:22:20+00:00,Sensor_D,61.64
2023-10-01T01:22:21+00:00,Sensor_D,3.29
2023-10-01T01:22:22+00:00,Sensor_A,49.96
2023-10-01T01:22:23+00:00,Sensor_C,17.21
2023-10-01T01:22:24+00:00,Sensor_A,1.0
2023-10-01T01:22:25+00:00,Sensor_C,11.13
2023-10-01T01:22:26+00:00,Sensor_D,10.75
2023-10-01T01:22:27+00:00,Sensor_C,22.53
2023-10-01T01:22:28+00:00,Sensor_C,25.16
2023-10-01T01:22:29+00:00,Sensor_C,62.19
2023-10-01T01:22:30+00:00,Sensor_C,73.62
2023-10-01T01:22:31+00:00,Sensor_C,10.5.2.1
2023-10-01T01:22:32+00:00,Sensor_B,6.06
2023-10-01T01:22:33+00:00,Sensor_A,61.74
2023-10-01T01:22:34+00:00,Sensor_C,14.67
2023-10-01T01:22:35+00:00,Sensor_B,93.93
2023-10-01T01:22:36+00:00,Sensor_B,37.62
2023-10-01T01:22:37+00:00,Sensor_D,98.27
2023-10-01T01:22:38+00:00,Sensor_C,82.58
2023-10-01T01:22:39+00:00,Sensor_B,16.08
2023-10-01T01:22:40+00:00,Sensor_C,54.29
2023-10-01T01:22:41+00:00,Sensor_A,3.1415926535897932384
2023-10-01T01:22:42+00:00,Sensor_C,64.03
2023-10-01T01:22:43+00:00,Sensor_C,57.78
2023-10-01T01:22:44+00:00,Sensor_A,71.6
2023-10-01T01:22:45+00:00,Sensor_C,20.37
2023-10-01T01:22:46+00:00,Sensor_D,14.09
2023-10-01T01:22:47+00:00,Sensor_C,10.5.2.1
2023-10-01T01:22:48+00:00,Sensor_D,54.53
2023-10-01T01:22:49+00:00,Sensor_C,89.55
2023-10-01T01:22:50+00:00,Sensor_A,33.12
2023-10-01T01:22:51+00:00,Sensor_D,41.18
2023-10-01T01:22:52+00:00,Sensor_B,75.93
2023-10-01T01:22:53+00:00,Sensor_B,1.99
2023-10-01T01:22:54+00:00,Sensor_A,24.83
2023-10-01T01:22:55+00:00,Sensor_A,53.99
2023-10-01T01:22:56+00:00,Sensor_C,56.46
2023-10-01T01:22:57+00:00,Sensor_D,92.81
2023-10-01T01:22:58+00:00,Sensor_B,50.18
2023-10-01T01:22:59+00:00,Sensor_C,72.35
2023-10-01T01:23:00+00:00,Sensor_A,60.5
2023-10-01T01:23:01+00:00,Sensor_B,3.52
2023-10-01T01:23:02+00:00,Sensor_B,ABC
2023-10-01T01:23:03+00:00,Sensor_C,94.46
2023-10-01T01:23:04+00:00,Sensor_A,93.28
2023-10-01T01:23:05+00:00,Sensor_B,29.71
2023-10-01T01:23:06+00:00,Sensor_B,數值錯誤
2023-10-01T01:23:07+00:00,Sensor_D,26.79
2023-10-01T01:23:08+00:00,Sensor_B,16.34
2023-10-01T01:23:09+00:00,Sensor_A,64.13
2023-10-01T01:23:10+00:00,Sensor_B,75.43
2023-10-01T01:23:11+00:00,Sensor_B,55.79
2023-10-01T01:23:12+00:00,Sensor_C,74.15
2023-10-01T01:23:13+00:00,Sensor_B,20.61
2023-10-01T01:23:14+00:00,Sensor_C,65.21
2023-10-01T01:23:15+00:00,Sensor_B,32.57
2023-10-01T01:23:16+00:00,Sensor_D,54.84
2023-10-01T01:23:17+00:00,Sensor_B,11.67
2023-10-01T01:23:18+00:00,Sensor_C,25.0
2023-10-01T01:23:19+00:00,Sensor_C,6.26
2023-10-01T01:23:20+00:00,Sensor_B,48.26
2023-10-01T01:23:21+00:00,Sensor_A,76.58
2023-10-01T01:23:22+00:00,Sensor_C,66.86
2023-10-01T01:23:23+00:00,Sensor_C,71.32
2023-10-01T01:23:24+00:00,Sensor_B,80.13
2023-10-01T01:23:25+00:00,Sensor_C,6.0
2023-10-01T01:23:26+00:00,Sensor_D,39.29
2023-10-01T01:23:27+00:00,Sensor_C,61.91
2023-10-01T01:23:28+00:00,Sensor_C,72.08
2023-10-01T01:23:29+00:00,Sensor_D,17.21
2023-10-01T01:23:30+00:00,Sensor_D,18.45
2023-10-01T01:23:31+00:00,Sensor_B,78.88
2023-10-01T01:23:32+00:00,Sensor_A,3.1415926535897932384
2023-10-01T01:23:33+00:00,Sensor_D,31.63
2023-10-01T01:23:34+00:00,Sensor_B,75.33
2023-10-01T01:23:35+00:00,Sensor_C,47.95
2023-10-01T01:23:36+00:00,Sensor_B,73.97
2023-10-01T01:23:37+00:00,Sensor_D,94.79
2023-10-01T01:23:38+00:00,Sensor_D,21.91
2023-10-01T01:23:39+00:00,Sensor_B,41.98
2023-10-01T01:23:40+00:00,Sensor_C,51.88
2023-10-01T01:23:41+00:00,Sensor_A,7.46
2023-10-01T01:23:42+00:00,Sensor_A,89.46
2023-10-01T01:23:43+00:00,Sensor_B,30.81
2023-10-01T01:23:44+00:00,Sensor_B,64.13
2023-10-01T01:23:45+00:00,Sensor_B,40.44
2023-10-01T01:23:46+00:00,Sensor_D,12.29
2023-10-01T01:23:47+00:00,Sensor_A,46.9
2023-10-01T01:23:48+00:00,Sensor_A,56.79
2023-10-01T01:23:49+00:00,Sensor_C,8.2
2023-10-01T01:23:50+00:00,센서_A,9.57
2023-10-01T01:23:51+00:00,Sensor_B,52.2
2023-10-01T01:23:52+00:00,Sensor_D,96.52
2023-10-01T01:23:53+00:00,센서_A,31.88
2023-99-99,Sensor_B,92.71
2023-10-01T01:23:55+00:00,Sensor_D,52.0
2023-10-01T01:23:56+00:00,Sensor_A,73.39
2023-10-01T01:23:57+00:00,Sensor_A,72.21
2023-10-01T01:23:58+00:00,Sensor_D,33.16
2023-10-01T01:23:59+00:00,Sensor_D,42.11
2023-10-01T01:24:00+00:00,Sensor_D,43.73
2023-10-01T01:24:01+00:00,Sensor_D,99.93
2023-10-01T01:24:02+00:00,Sensor_A,18.12
2023-10-01T01:24:03+00:00,Sensor_C,29.11
2023-10-01T01:24:04+00:00,Sensor_B,4.82
2023-10-01T01:24:05+00:00,Sensor_B,7.96
2023-10-01T01:24:06+00:00,Sensor_A,61.75
2023-10-01T01:24:07+00:00,Sensor_A,數值錯誤
2023-10-01T01:24:08+00:00,Sensor_A,31.3
2023-10-01T01:24:09+00:00,Sensor_B,92.23
2023-10-01T01:24:10+00:00,Sensor_A,30.67
2023-10-01T01:24:11+00:00,Sensor_A,24.86
2023-10-01T01:24:12+00:00,Sensor_A,82.26
2023-10-01T01:24:13+00:00,Sensor_A,74.51
2023-10-01T01:24:14+00:00,センサー_1,19.58
2023-10-01T01:24:15+00:00,Sensor_D,93.42
2023-10-01T01:24:16+00:00,Sensor_D,18.91
2023-10-01T01:24:17+00:00,Sensor_C,79.52
2023-10-01T01:24:18+00:00,Sensor_D,39.73
???,Sensor_B,49.4
2023-10-01T01:24:20+00:00,Sensor_A,5.93
2023-10-01T01:24:21+00:00,Sensor_C,數值錯誤
2023-10-01T01:24:22+00:00,Sensor_A,62.14
2023-10-01T01:24:23+00:00,Sensor_C,46.86
2023-10-01T01:24:24+00:00,Sensor_B,40.44
2023-10-01T01:24:25+00:00,Sensor_B,71.81
2023-10-01T01:24:26+00:00,Sensor_C,82.38
2023-10-01T01:24:27+00:00,Sensor_D,51.25
2023-10-01T01:24:28+00:00,Sensor_D,73.85
2023-10-01T01:24:29+00:00,Sensor_D,5.03
2023-10-01T01:24:30+00:00,Sensor_A,81.6
2023-10-01T01:24:31+00:00,Sensor_B,19.92
2023-10-01T01:24:32+00:00,Sensor_D,84.66
2023-10-01T01:24:33+00:00,Sensor_B,47.88
2023-10-01T01:24:34+00:00,Sensor_B,78.37
2023-10-01T01:24:35+00:00,Sensor_D,22.6
2023-10-01T01:24:36+00:00,Sensor_C,70.68
2023-10-01T01:24:37+00:00,Sensor_C,75.29
2023-10-01T01:24:38+00:00,Sensor_A,13.51
2023-10-01T01:24:39+00:00,Sensor_D,37.66
2023-10-01T01:24:40+00:00,Sensor_A,69.32
2023-10-01T01:24:41+00:00,Sensor_A,67.91
2023-10-01T01:24:42+00:00,Sensor_D,97.56
2023-10-01T01:24:43+00:00,Sensor_B,40.74
2023-10-01T01:24:44+00:00,Sensor_B,95.45
2023-10-01T01:24:45+00:00,Sensor_D,75.88
2023-10-01T01:24:46+00:00,Sensor_A,24.07
2023-10-01T01:24:47+00:00,Sensor_B,65.2
2023-10-01T01:24:48+00:00,センサー_1,8.68
2023-10-01T01:24:49+00:00,Sensor_B,10.84
2023-10-01T01:24:50+00:00,Sensor_B,41.62
2023-10-01T01:24:51+00:00,Sensor_A,53.58
2023-10-01T01:24:52+00:00,Sensor_A,93.29
2023-10-01T01:24:53+00:00,Sensor_D,9.81
2023-10-01T01:24:54+00:00,Sensor_C,3.1415926535897932384
2023-10-01T01:24:55+00:00,Sensor_C,60.45
2023-10-01T01:24:56+00:00,Sensor_D,42.44
2023-10-01T01:24:57+00:00,Sensor_A,11.87
2023-10-01T01:24:58+00:00,Sensor_C,26.61
2023-10-01T01:24:59+00:00,Sensor_D,32.51
2023-10-01T01:25:00+00:00,Sensor_B,49.5
2023-10-01T01:25:01+00:00,Sensor_C,39.3
2023-10-01T01:25:02+00:00,Sensor_B,69.05
2023-10-01T01:25:03+00:00,Sensor_A,2.91
2023-10-01T01:25:04+00:00,Sensor_B,35.81
2023-10-01T01:25:05+00:00,Sensor_B,24.71
2023-10-01T01:25:06+00:00,Sensor_B,62.66
2023-10-01T01:25:07+00:00,Sensor_A,80.97
2023-10-01T01:25:08+00:00,Sensor_B,10.5.2.1
2023-10-01T01:25:09+00:00,Sensor_A,32.07
2023-10-01T01:25:10+00:00,Sensor_B,68.99
2023-10-01T01:25:11+00:00,Sensor_D,59.77
2023-10-01T01:25:12+00:00,Sensor_C,91.69
2023-10-01T01:25:13+00:00,Sensor_B,34.27
2023-10-01T01:25:14+00:00,Sensor_D,43.35
2023-10-01T01:25:15+00:00,Sensor_D,3.58
2023-10-01T01:25:16+00:00,Sensor_B,83.19
2023-10-01T01:25:17+00:00,Sensor_B,89.79
2023-10-01T01:25:18+00:00,Sensor_A,89.19
2023-10-01T01:25:19+00:00,Sensor_B,5.93
2023-10-01T01:25:20+00:00,Sensor_A,50.77
2023-10-01T01:25:21+00:00,Sensor_C,8.85
2023-10-01T01:25:22+00:00,Sensor_D,10.5.2.1
invalid_time,Sensor_D,56.89
2023-10-01T01:25:24+00:00,Sensor_A,74.05
2023-10-01T01:25:25+00:00,Sensor_A,70.97
2023-10-01T01:25:26+00:00,Sensor_C,30.07
2023-10-01T01:25:27+00:00,Sensor_A,5.94
2023-10-01T01:25:28+00:00,Sensor_D,ABC
2023-10-01T01:25:29+00:00,Sensor_C,ABC
2023-10-01T01:25:30+00:00,Sensor_B,63.09
2023-10-01T01:25:31+00:00,Sensor_A,74.43
2023-10-01T01:25:32+00:00,Sensor_B,99.35
2023-10-01T01:25:33+00:00,Sensor_A,13.38
2023-10-01T01:25:34+00:00,Sensor_D,9.73
2023-10-01T01:25:35+00:00,Sensor_B,78.65
2023-10-01T01:25:36+00:00,Sensor_B,52.37
2023-10-01T01:25:37+00:00,Sensor_B,52.79
2023-10-01T01:25:38+00:00,Sensor_B,8.87
2023-10-01T01:25:39+00:00,Sensor_C,15.13
2023-10-01T01:25:40+00:00,Sensor_B,not_a_number
2023-10-01T01:25:41+00:00,Sensor_B,12.49
2023-10-01T01:25:42+00:00,Sensor_C,64.08
2023-10-01T01:25:43+00:00,Sensor_D,93.21
2023-10-01T01:25:44+00:00,Sensor_B,86.93
2023-10-01T01:25:45+00:00,Sensor_C,44.03
2023-10-01T01:25:46+00:00,Sensor_D,69.24
2023-10-01T01:25:47+00:00,Sensor_D,92.68
2023-10-01T01:25:48+00:00,Sensor_C,80.17
2023-10-01T01:25:49+00:00,Sensor_A,34.11
2023-10-01T01:25:50+00:00,Sensor_D,47.12
2023-10-01T01:25:51+00:00,Sensor_C,19.17
2023-10-01T01:25:52+00:00,Sensor_A,85.77
2023-10-01T01:25:53+00:00,Sensor_C,37.33
2023-10-01T01:25:54+00:00,Sensor_D,數值錯誤
2023-10-01T01:25:55+00:00,Sensor_B,18.92
2023-10-01T01:25:56+00:00,Sensor_B,9.58
2023-10-01T01:25:57+00:00,Sensor_C,60.64
2023-10-01T01:25:58+00:00,Sensor_B,82.85
2023-10-01T01:25:59+00:00,Sensor_D,59.88
2023-10-01T01:26:00+00:00,Sensor_C,52.19
2023-10-01T01:26:01+00:00,Sensor_A,71.91
2023-10-01T01:26:02+00:00,Sensor_B,40.85
2023-10-01T01:26:03+00:00,Sensor_B,38.33
2023-10-01T01:26:04+00:00,Sensor_C,19.22
2023-10-01T01:26:05+00:00,Sensor_B,49.42
2023-10-01T01:26:06+00:00,Sensor_B,89.76
2023-10-01T01:26:07+00:00,센서_A,59.79
2023-10-01T01:26:08+00:00,Sensor_D,97.98
2023-10-01T01:26:09+00:00,Sensor_A,68.86
2023-10-01T01:26:10+00:00,Sensor_D,48.28
2023-10-01T01:26:11+00:00,Sensor_D,37.75
2023-10-01T01:26:12+00:00,Sensor_A,49.58
2023-10-01T01:26:13+00:00,Sensor_A,24.95
2023-10-01T01:26:14+00:00,Sensor_D,16.17
2023-10-01T01:26:15+00:00,Sensor_A,85.87
2023-10-01T01:26:16+00:00,Sensor_D,73.02
2023-10-01T01:26:17+00:00,感測器甲,39.3
2023-10-01T01:26:18+00:00,Sensor_C,67.16
2023-10-01T01:26:19+00:00,Sensor_C,43.36
2023-10-01T01:26:20+00:00,Sensor_B,17.93
2023-10-01T01:26:21+00:00,Sensor_C,89.93
2023-10-01T01:26:22+00:00,Sensor_A,87.03
2023-10-01T01:26:23+00:00,Sensor_A,36.31
2023-10-01T01:26:24+00:00,Sensor_D,62.63
2023-10-01T01:26:25+00:00,Sensor_D,not_a_number
2023-10-01T01:26:26+00:00,Sensor_C,94.81
2023-10-01T01:26:27+00:00,Sensor_A,8.37
2023-10-01T01:26:28+00:00,Sensor_D,3.43
2023-10-01T01:26:29+00:00,Sensor_C,38.86
2023-10-01T01:26:30+00:00,Sensor_C,40.53
2023-10-01T01:26:31+00:00,Sensor_C,7.12
2023-10-01T01:26:32+00:00,Sensor_D,3.1415926535897932384
2023-10-01T01:26:33+00:00,Sensor_C,58.04
2023-10-01T01:26:34+00:00,Sensor_D,10.5.2.1
2023-10-01T01:26:35+00:00,Sensor_B,92.96
2023-10-01T01:26:36+00:00,Sensor_A,13.49
2023-10-01T01:26:37+00:00,Sensor_A,89.93
2023-10-01T01:26:38+00:00,Sensor_A,27.65
2023-10-01T01:26:39+00:00,Sensor_C,73.12
2023-10-01T01:26:40+00:00,Sensor_B,89.1
2023-10-01T01:26:41+00:00,Sensor_B,58.9
2023-10-01T01:26:42+00:00,Sensor_A,4.36
2023-10-01T01:26:43+00:00,Sensor_A,52.74
2023-10-01T01:26:44+00:00,Sensor_A,98.81
2023-10-01T01:26:45+00:00,Sensor_A,37.26
2023-10-01T01:26:46+00:00,Sensor_A,61.3
2023-10-01T01:26:47+00:00,Sensor_D,64.03
2023-10-01T01:26:48+00:00,Sensor_B,40.42
2023-10-01T01:26:49+00:00,Sensor_B,10.5.2.1
2023-10-01T01:26:50+00:00,Sensor_C,55.29
2023-10-01T01:26:51+00:00,Sensor_D,89.44
2023-10-01T01:26:52+00:00,Sensor_B,67.14
2023-10-01T01:26:53+00:00,Sensor_C,1.87
2023-10-01T01:26:54+00:00,Sensor_D,50.28
2023-10-01T01:26:55+00:00,Sensor_A,66.94
2023-10-01T01:26:56+00:00,Sensor_A,56.32
2023-10-01T01:26:57+00:00,Sensor_D,0.97
2023-10-01T01:26:58+00:00,Sensor_B,80.84
2023-10-01T01:26:59+00:00,Sensor_C,76.17
2023-10-01T01:27:00+00:00,Sensor_D,35.25
2023-10-01T01:27:01+00:00,Sensor_A,62.77
2023-10-01T01:27:02+00:00,Sensor_C,98.62
2023-10-01T01:27:03+00:00,Sensor_A,65.32
2023-10-01T01:27:04+00:00,Sensor_D,3.81
2023-10-01T01:27:05+00:00,Sensor_B,32.58
2023-10-01T01:27:06+00:00,Sensor_A,97.03
2023-10-01T01:27:07+00:00,Sensor_A,48.07
2023-10-01T01:27:08+00:00,Sensor_A,5.02
2023-10-01T01:27:09+00:00,Sensor_A,17.21
2023-10-01T01:27:10+00:00,Sensor_B,73.41
2023-10-01T01:27:11+00:00,Sensor_D,76.37
2023-10-01T01:27:12+00:00,Sensor_A,50.93
2023-10-01T01:27:13+00:00,Sensor_C,not_a_number
2023-10-01T01:27:14+00:00,Sensor_C,75.48
2023-10-01T01:27:15+00:00,Sensor_A,85.05
2023-10-01T01:27:16+00:00,Sensor_B,26.42
2023-10-01T01:27:17+00:00,Sensor_D,42.49
2023-10-01T01:27:18+00:00,Sensor_A,50.27
2023-10-01T01:27:19+00:00,Sensor_D,8.7
2023-10-01T01:27:20+00:00,Sensor_B,99.39
2023-10-01T01:27:21+00:00,Sensor_A,92.13
2023-10-01T01:27:22+00:00,Sensor_D,6.74
2023-10-01T01:27:23+00:00,Sensor_B,21.25
2023-10-01T01:27:24+00:00,Sensor_C,2.44
2023-10-01T01:27:25+00:00,Sensor_A,53.24
2023-10-01T01:27:26+00:00,Sensor_B,0.83
2023-10-01T01:27:27+00:00,Sensor_B,75.07
2023-10-01T01:27:28+00:00,Sensor_B,17.45
2023-10-01T01:27:29+00:00,Sensor_A,41.97
2023-10-01T01:27:30+00:00,Sensor_A,44.43
2023-10-01T01:27:31+00:00,Sensor_B,24.59
2023-10-01T01:27:32+00:00,Sensor_C,83.7
2023-10-01T01:27:33+00:00,Sensor_B,62.22
2023-10-01T01:27:34+00:00,Sensor_D,75.78
2023-10-01T01:27:35+00:00,Sensor_C,58.52
2023-10-01T01:27:36+00:00,Sensor_A,23.69
2023-10-01T01:27:37+00:00,Sensor_B,85.54
2023-10-01T01:27:38+00:00,Sensor_B,3.1415926535897932384
2023-10-01T01:27:39+00:00,Sensor_C,51.15
2023-10-01T01:27:40+00:00,Sensor_C,54.18
2023-10-01T01:27:41+00:00,センサー_1,34.72
2023-10-01T01:27:42+00:00,Sensor_C,77.55
2023-10-01T01:27:43+00:00,Sensor_C,45.3
2023-10-01T01:27:44+00:00,Sensor_A,6.59
2023-10-01T01:27:45+00:00,Sensor_C,53.99
2023-10-01T01:27:46+00:00,Sensor_B,54.13
2023-10-01T01:27:47+00:00,Sensor_A,27.3
2023-10-01T01:27:48+00:00,Sensor_C,51.37
2023-10-01T01:27:49+00:00,Sensor_D,2.79
2023-10-01T01:27:50+00:00,Sensor_A,77.9
invalid_time,Sensor_D,66.72
2023-10-01T01:27:52+00:00,Sensor_A,4.85
2023-10-01T01:27:53+00:00,Sensor_C,54.89
2023-10-01T01:27:54+00:00,Sensor_D,65.99
2023-10-01T01:27:55+00:00,Sensor_B,95.29
2023-10-01T01:27:56+00:00,Sensor_B,71.01
2023-10-01T01:27:57+00:00,Sensor_C,33.96
2023-10-01T01:27:58+00:00,Sensor_B,33.62
2023-10-01T01:27:59+00:00,Sensor_A,42.26
2023-10-01T01:28:00+00:00,Sensor_B,3.1415926535897932384
2023-10-01T01:28:01+00:00,Sensor_A,15.5
2023-10-01T01:28:02+00:00,Sensor_B,85.14
2023-10-01T01:28:03+00:00,Sensor_B,30.14
2023-10-01T01:28:04+00:00,Sensor_D,2.48
2023-10-01T01:28:05+00:00,Sensor_A,9.56
2023-10-01T01:28:06+00:00,Sensor_A,11.12
2023-10-01T01:28:07+00:00,Sensor_C,62.77
2023-10-01T01:28:08+00:00,Sensor_A,10.89
2023-10-01T01:28:09+00:00,Sensor_A,15.24
2023-10-01T01:28:10+00:00,Sensor_C,58.5
2023-10-01T01:28:11+00:00,Sensor_A,90.85
2023-10-01T01:28:12+00:00,Sensor_C,98.41
2023-10-01T01:28:13+00:00,sénsor#@!,40.23
2023-10-01T01:28:14+00:00,Sensor_A,23.75
2023-10-01T01:28:15+00:00,Sensor_D,3.1415926535897932384
2023-10-01T01:28:16+00:00,Sensor_B,10.5.2.1
2023-10-01T01:28:17+00:00,Sensor_D,99.88
2023-10-01T01:28:18+00:00,Sensor_C,89.19
2023-10-01T01:28:19+00:00,Sensor_B,64.73
2023-10-01T01:28:20+00:00,Sensor_A,12.36
2023-10-01T01:28:21+00:00,Sensor_B,74.62
2023-10-01T01:28:22+00:00,Sensor_A,5.47
2023-10-01T01:28:23+00:00,Sensor_A,97.54
2023-10-01T01:28:24+00:00,Sensor_A,1.39
2023-10-01T01:28:25+00:00,Sensor_B,81.95
2023-10-01T01:28:26+00:00,Sensor_C,0.29
2023-10-01T01:28:27+00:00,Sensor_B,24.53
2023-10-01T01:28:28+00:00,Sensor_C,86.07
2023-10-01T01:28:29+00:00,Sensor_D,65.6
2023-10-01T01:28:30+00:00,Sensor_D,44.22
2023-10-01T01:28:31+00:00,Sensor_B,71.59
2023-10-01T01:28:32+00:00,感測器甲,98.83
2023-10-01T01:28:33+00:00,Sensor_C,13.74
2023-10-01T01:28:34+00:00,Sensor_B,3.7
2023-10-01T01:28:35+00:00,Sensor_D,1.96
2023-10-01T01:28:36+00:00,Sensor_C,69.67
2023-10-01T01:28:37+00:00,Sensor_B,57.98
2023-10-01T01:28:38+00:00,Sensor_B,29.89
2023-10-01T01:28:39+00:00,Sensor_C,51.18
2023-10-01T01:28:40+00:00,Sensor_A,40.08
2023-10-01T01:28:41+00:00,Sensor_A,20.53
2023-10-01T01:28:42+00:00,Sensor_B,68.39
2023-10-01T01:28:43+00:00,Sensor_D,99.43
2023-10-01T01:28:44+00:00,Sensor_B,39.97
2023-10-01T01:28:45+00:00,Sensor_D,51.61
2023-10-01T01:28:46+00:00,Sensor_A,17.23
2023-10-01T01:28:47+00:00,🔥Sensor,24.42
2023-10-01T01:28:48+00:00,Sensor_A,41.01
2023-10-01T01:28:49+00:00,Sensor_B,67.33
2023-10-01T01:28:50+00:00,Sensor_D,99.98
2023-10-01T01:28:51+00:00,Sensor_D,42.56
2023-10-01T01:28:52+00:00,Sensor_B,73.82
2023-10-01T01:28:53+00:00,Sensor_A,79.96
2023-10-01T01:28:54+00:00,Sensor_A,62.18
2023-10-01T01:28:55+00:00,Sensor_A,53.97
2023-10-01T01:28:56+00:00,Sensor_B,96.44
2023-10-01T01:28:57+00:00,Sensor_B,63.72
2023-10-01T01:28:58+00:00,Sensor_D,91.65
2023-10-01T01:28:59+00:00,Sensor_A,29.28
2023-10-01T01:29:00+00:00,Sensor_C,87.17
???,Sensor_D,76.76
2023-10-01T01:29:02+00:00,Sensor_C,80.8
2023-10-01T01:29:03+00:00,Sensor_C,64.01
2023-10-01T01:29:04+00:00,Sensor_D,75.84
2023-10-01T01:29:05+00:00,Sensor_B,11.32
2023-10-01T01:29:06+00:00,Sensor_C,48.76
2023-10-01T01:29:07+00:00,Sensor_D,86.17
2023-10-01T01:29:08+00:00,Sensor_B,68.92
2023-10-01T01:29:09+00:00,Sensor_C,79.88
2023-10-01T01:29:10+00:00,Sensor_D,29.74
2023-10-01T01:29:11+00:00,Sensor_C,6.03
2023-10-01T01:29:12+00:00,Sensor_D,34.88
2023-10-01T01:29:13+00:00,Sensor_B,70.76
2023-10-01T01:29:14+00:00,Sensor_A,82.14
2023-10-01T01:29:15+00:00,Sensor_C,53.44
2023-10-01T01:29:16+00:00,Sensor_D,3.1415926535897932384
2023-10-01T01:29:17+00:00,Sensor_A,55.49
2023-10-01T01:29:18+00:00,Sensor_C,2.7
2023-10-01T01:29:19+00:00,Sensor_C,79.13
2023-10-01T01:29:20+00:00,Sensor_D,66.88
2023-10-01T01:29:21+00:00,Sensor_A,73.39
2023-10-01T01:29:22+00:00,Sensor_D,70.4
2023-10-01T01:29:23+00:00,Sensor_C,87.1
2023-10-01T01:29:24+00:00,Sensor_D,25.73
2023-10-01T01:29:25+00:00,Sensor_C,88.29
2023-10-01T01:29:26+00:00,Sensor_B,28.34
2023-10-01T01:29:27+00:00,Sensor_B,49.3
2023-10-01T01:29:28+00:00,Sensor_D,20.84
2023-10-01T01:29:29+00:00,Sensor_B,65.76
2023-10-01T01:29:30+00:00,Sensor_A,97.72
2023-10-01T01:29:31+00:00,Sensor_D,20.1
2023-10-01T01:29:32+00:00,Sensor_D,20.45
2023-10-01T01:29:33+00:00,Sensor_C,49.27
2023-10-01T01:29:34+00:00,Sensor_C,42.21
2023-10-01T01:29:35+00:00,Sensor_B,18.87
2023-10-01T01:29:36+00:00,Sensor_B,35.43
2023-10-01T01:29:37+00:00,Sensor_B,18.7
2023-10-01T01:29:38+00:00,Sensor_C,12.16
2023-10-01T01:29:39+00:00,Sensor_C,68.6
2023-10-01T01:29:40+00:00,Sensor_D,79.01
2023-10-01T01:29:41+00:00,Sensor_A,10.13
2023-10-01T01:29:42+00:00,Sensor_B,70.01
2023-10-01T01:29:43+00:00,Sensor_A,53.41
2023-10-01T01:29:44+00:00,Sensor_B,18.06
2023-10-01T01:29:45+00:00,Sensor_D,52.99
2023-10-01T01:29:46+00:00,Sensor_B,4.08
2023-10-01T01:29:47+00:00,Sensor_C,31.04
2023-10-01T01:29:48+00:00,Sensor_A,86.27
2023-10-01T01:29:49+00:00,Sensor_A,59.95
2023-10-01T01:29:50+00:00,Sensor_D,98.61
2023-10-01T01:29:51+00:00,Sensor_A,35.61
2023-10-01T01:29:52+00:00,Sensor_D,99.47
2023-10-01T01:29:53+00:00,Sensor_D,21.66
2023-10-01T01:29:54+00:00,Sensor_D,27.63
2023-10-01T01:29:55+00:00,Sensor_C,22.48
2023-10-01T01:29:56+00:00,Sensor_B,68.23
2023-10-01T01:29:57+00:00,Sensor_B,92.41
2023-10-01T01:29:58+00:00,Sensor_A,10.5.2.1
2023-10-01T01:29:59+00:00,Sensor_B,44.4
2023-10-01T01:30:00+00:00,Sensor_D,98.47
2023-10-01T01:30:01+00:00,Sensor_C,24.81
2023-10-01T01:30:02+00:00,Sensor_A,3.1415926535897932384
2023-10-01T01:30:03+00:00,Sensor_C,10.5.2.1
2023-10-01T01:30:04+00:00,Sensor_B,89.7
2023-10-01T01:30:05+00:00,Sensor_A,87.54
2023-10-01T01:30:06+00:00,Sensor_D,75.09
2023-10-01T01:30:07+00:00,Sensor_A,47.55
2023-10-01T01:30:08+00:00,Sensor_D,44.74
2023-10-01T01:30:09+00:00,Sensor_C,20.32
2023-10-01T01:30:10+00:00,Sensor_D,13.47
2023-10-01T01:30:11+00:00,Sensor_C,25.28
2023-10-01T01:30:12+00:00,Sensor_D,34.31
2023-10-01T01:30:13+00:00,Sensor_A,43.89
2023-10-01T01:30:14+00:00,Sensor_A,89.8
2023-10-01T01:30:15+00:00,Sensor_C,51.0
2023-10-01T01:30:16+00:00,Sensor_C,40.45
2023-10-01T01:30:17+00:00,Sensor_D,65.98
2023-10-01T01:30:18+00:00,Sensor_C,4.75
2023-10-01T01:30:19+00:00,Sensor_C,32.26
2023-10-01T01:30:20+00:00,Sensor_B,82.71
2023-10-01T01:30:21+00:00,Sensor_A,50.79
2023-10-01T01:30:22+00:00,Sensor_B,63.22
2023-10-01T01:30:23+00:00,Sensor_D,72.06
2023-10-01T01:30:24+00:00,Sensor_B,84.91
2023-10-01T01:30:25+00:00,Sensor_B,33.7
2023-10-01T01:30:26+00:00,Sensor_C,3.1415926535897932384
2023-10-01T01:30:27+00:00,Sensor_A,48.81
2023-10-01T01:30:28+00:00,Sensor_B,74.05
2023-10-01T01:30:29+00:00,Sensor_B,43.16
2023-10-01T01:30:30+00:00,Sensor_B,63.29
2023-10-01T01:30:31+00:00,Sensor_D,40.97
2023-10-01T01:30:32+00:00,Sensor_A,63.35
2023-10-01T01:30:33+00:00,Sensor_D,10.5.2.1
???,Sensor_C,2.43
2023-10-01T01:30:35+00:00,Sensor_A,26.91
2023-10-01T01:30:36+00:00,Sensor_D,81.96
invalid_time,Sensor_A,81.27
2023-10-01T01:30:38+00:00,Sensor_B,43.11
2023-10-01T01:30:39+00:00,Sensor_C,20.53
2023-10-01T01:30:40+00:00,Sensor_B,33.82
2023-10-01T01:30:41+00:00,Sensor_C,13.31
2023-10-01T01:30:42+00:00,Sensor_B,38.68
2023-10-01T01:30:43+00:00,Sensor_A,87.86
2023-10-01T01:30:44+00:00,Sensor_C,66.65
2023-10-01T01:30:45+00:00,Sensor_C,16.8
2023-10-01T01:30:46+00:00,Sensor_B,85.55
2023-10-01T01:30:47+00:00,Sensor_A,54.6
2023-10-01T01:30:48+00:00,Sensor_D,95.48
2023-10-01T01:30:49+00:00,Sensor_D,17.85
2023-10-01T01:30:50+00:00,Sensor_D,61.6
2023-10-01T01:30:51+00:00,Sensor_A,33.98
2023-10-01T01:30:52+00:00,Sensor_A,63.12
2023-10-01T01:30:53+00:00,Sensor_B,31.08
2023-10-01T01:30:54+00:00,Sensor_C,56.47
2023-10-01T01:30:55+00:00,Sensor_A,20.61
2023-10-01T01:30:56+00:00,Sensor_A,20.88
2023-10-01T01:30:57+00:00,Sensor_C,82.68
2023-10-01T01:30:58+00:00,Sensor_B,15.79
2023-10-01T01:30:59+00:00,Sensor_D,4.55
2023-10-01T01:31:00+00:00,Sensor_D,76.77
2023-10-01T01:31:01+00:00,Sensor_B,96.24
2023-10-01T01:31:02+00:00,Sensor_A,57.53
2023-10-01T01:31:03+00:00,Sensor_A,27.3
2023-10-01T01:31:04+00:00,Sensor_C,98.91
2023-10-01T01:31:05+00:00,Sensor_B,38.25
2023-10-01T01:31:06+00:00,Sensor_A,86.5
2023-10-01T01:31:07+00:00,Sensor_D,36.08
2023-10-01T01:31:08+00:00,Sensor_B,14.93
2023-10-01T01:31:09+00:00,Sensor_B,47.31
2023-10-01T01:31:10+00:00,Sensor_D,80.93
2023-10-01T01:31:11+00:00,Sensor_B,74.92
2023-10-01T01:31:12+00:00,Sensor_D,14.59
2023-10-01T01:31:13+00:00,Sensor_A,16.56
2023-10-01T01:31:14+00:00,Sensor_B,1.03
2023-10-01T01:31:15+00:00,Sensor_C,1.41
2023-10-01T01:31:16+00:00,Sensor_D,not_a_number
2023-10-01T01:31:17+00:00,Sensor_B,51.06
2023-10-01T01:31:18+00:00,Sensor_C,30.0
2023-10-01T01:31:19+00:00,Sensor_C,92.05
2023-10-01T01:31:20+00:00,Sensor_B,80.98
2023-10-01T01:31:21+00:00,Sensor_D,73.94
2023-10-01T01:31:22+00:00,Sensor_D,52.34
2023-10-01T01:31:23+00:00,Sensor_A,67.29
2023-10-01T01:31:24+00:00,Sensor_D,26.21
2023-10-01T01:31:25+00:00,Sensor_D,3.1415926535897932384
2023-10-01T01:31:26+00:00,Sensor_D,94.47
2023-10-01T01:31:27+00:00,Sensor_D,55.12
2023-10-01T01:31:28+00:00,Sensor_A,42.62
2023-10-01T01:31:29+00:00,Sensor_C,10.73
2023-10-01T01:31:30+00:00,Sensor_A,95.17
2023-10-01T01:31:31+00:00,Sensor_A,8.76
2023-10-01T01:31:32+00:00,Sensor_D,64.91
2023-10-01T01:31:33+00:00,Sensor_A,3.1415926535897932384
2023-10-01T01:31:34+00:00,Sensor_C,86.97
2023-10-01T01:31:35+00:00,Sensor_C,3.48
2023-10-01T01:31:36+00:00,Sensor_C,75.74
2023-10-01T01:31:37+00:00,Sensor_C,22.99
2023-10-01T01:31:38+00:00,Sensor_D,20.23
2023-10-01T01:31:39+00:00,Sensor_C,30.65
2023-10-01T01:31:40+00:00,Sensor_A,19.37
2023-10-01T01:31:41+00:00,Sensor_A,69.87
2023-10-01T01:31:42+00:00,Sensor_C,50.99
2023-10-01T01:31:43+00:00,Sensor_C,7.24
2023-10-01T01:31:44+00:00,Sensor_D,71.1
2023-10-01T01:31:45+00:00,Sensor_B,46.11
2023-10-01T01:31:46+00:00,Sensor_B,81.39
2023-10-01T01:31:47+00:00,Sensor_A,92.38
2023-10-01T01:31:48+00:00,Sensor_A,25.41
2023-10-01T01:31:49+00:00,Sensor_C,84.69
2023-10-01T01:31:50+00:00,Sensor_B,15.42
2023-10-01T01:31:51+00:00,Sensor_D,9.73
2023-10-01T01:31:52+00:00,Sensor_D,11.75
2023-10-01T01:31:53+00:00,Sensor_A,68.4
2023-10-01T01:31:54+00:00,Sensor_B,73.24
2023-10-01T01:31:55+00:00,Sensor_B,22.27
2023-10-01T01:31:56+00:00,Sensor_B,21.51
2023-10-01T01:31:57+00:00,Sensor_D,99.61
2023-10-01T01:31:58+00:00,Sensor_D,33.09
2023-10-01T01:31:59+00:00,Sensor_B,17.63
2023-10-01T01:32:00+00:00,Sensor_B,33.04
2023-10-01T01:32:01+00:00,Sensor_B,14.94
2023-10-01T01:32:02+00:00,Sensor_A,3.1415926535897932384
2023-10-01T01:32:03+00:00,Sensor_C,13.7
2023-10-01T01:32:04+00:00,Sensor_C,75.24
2023-10-01T01:32:05+00:00,Sensor_D,96.84
2023-10-01T01:32:06+00:00,Sensor_D,30.63
2023-10-01T01:32:07+00:00,Sensor_D,27.77
2023-10-01T01:32:08+00:00,Sensor_C,94.52
2023-10-01T01:32:09+00:00,Sensor_C,80.15
2023-10-01T01:32:10+00:00,Sensor_B,68.35
2023-10-01T01:32:11+00:00,Sensor_A,52.99
2023-10-01T01:32:12+00:00,Sensor_C,21.05
2023-10-01T01:32:13+00:00,Sensor_C,51.25
2023-10-01T01:32:14+00:00,Sensor_A,30.43
2023-10-01T01:32:15+00:00,Sensor_A,not_a_number
2023-10-01T01:32:16+00:00,Sensor_B,41.84
2023-10-01T01:32:17+00:00,Sensor_D,0.67
2023-10-01T01:32:18+00:00,Sensor_C,79.79
2023-10-01T01:32:19+00:00,Sensor_A,45.21
2023-10-01T01:32:20+00:00,Sensor_A,46.77
2023-10-01T01:32:21+00:00,Sensor_C,75.89
2023-10-01T01:32:22+00:00,Sensor_C,48.84
2023-10-01T01:32:23+00:00,Sensor_B,68.48
2023-10-01T01:32:24+00:00,Sensor_B,68.4
2023-10-01T01:32:25+00:00,Sensor_B,21.92
2023-10-01T01:32:26+00:00,Sensor_A,70.42
2023-10-01T01:32:27+00:00,Sensor_B,89.18
2023-10-01T01:32:28+00:00,Sensor_B,8.0
2023-10-01T01:32:29+00:00,Sensor_C,73.76
2023-10-01T01:32:30+00:00,Sensor_B,42.71
2023-10-01T01:32:31+00:00,Sensor_B,21.61
2023-10-01T01:32:32+00:00,Sensor_B,42.93
2023-10-01T01:32:33+00:00,Sensor_A,not_a_number
2023-10-01T01:32:34+00:00,Sensor_B,0.31
2023-10-01T01:32:35+00:00,Sensor_C,97.94
2023-10-01T01:32:36+00:00,Sensor_A,83.41
2023-10-01T01:32:37+00:00,Sensor_B,88.45
2023-10-01T01:32:38+00:00,Sensor_B,ABC
2023-10-01T01:32:39+00:00,Sensor_D,3.1415926535897932384
2023-10-01T01:32:40+00:00,Sensor_B,85.98
2023-10-01T01:32:41+00:00,Sensor_D,67.7
2023-10-01T01:32:42+00:00,Sensor_A,53.55
2023-10-01T01:32:43+00:00,Sensor_C,91.97
2023-10-01T01:32:44+00:00,Sensor_D,38.49
2023-10-01T01:32:45+00:00,Sensor_C,58.55
2023-10-01T01:32:46+00:00,Sensor_C,68.27
2023-10-01T01:32:47+00:00,Sensor_B,71.82
2023-10-01T01:32:48+00:00,Sensor_A,10.5.2.1
2023-10-01T01:32:49+00:00,Sensor_A,25.36
2023-10-01T01:32:50+00:00,Sensor_A,95.66
2023-10-01T01:32:51+00:00,Sensor_B,89.9
2023-10-01T01:32:52+00:00,Sensor_C,46.34
2023-10-01T01:32:53+00:00,Sensor_B,81.67
2023-10-01T01:32:54+00:00,Sensor_A,20.07
2023-10-01T01:32:55+00:00,Sensor_B,6.76
2023-10-01T01:32:56+00:00,Sensor_B,39.05
2023-10-01T01:32:57+00:00,Sensor_B,70.33
2023-10-01T01:32:58+00:00,Sensor_A,97.09
2023-10-01T01:32:59+00:00,Sensor_C,not_a_number
2023-10-01T01:33:00+00:00,Sensor_D,4.71
2023-10-01T01:33:01+00:00,Sensor_B,10.59
2023-10-01T01:33:02+00:00,Sensor_A,12.45
2023-10-01T01:33:03+00:00,Sensor_D,88.16
2023-10-01T01:33:04+00:00,Sensor_A,80.33
2023-10-01T01:33:05+00:00,Sensor_D,67.0
2023-10-01T01:33:06+00:00,Sensor_C,17.34
2023-10-01T01:33:07+00:00,Sensor_C,63.08
2023-10-01T01:33:08+00:00,Sensor_C,35.72
2023-10-01T01:33:09+00:00,Sensor_D,46.74
2023-10-01T01:33:10+00:00,Sensor_C,31.85
2023-10-01T01:33:11+00:00,Sensor_D,86.55
2023-10-01T01:33:12+00:00,Sensor_D,65.83
2023-10-01T01:33:13+00:00,Sensor_C,99.81
2023-10-01T01:33:14+00:00,Sensor_A,74.58
2023-10-01T01:33:15+00:00,Sensor_C,75.13
2023-10-01T01:33:16+00:00,Sensor_A,27.94
2023-10-01T01:33:17+00:00,Sensor_D,70.9
2023-10-01T01:33:18+00:00,Sensor_B,11.43
2023-10-01T01:33:19+00:00,Sensor_A,20.49
2023-10-01T01:33:20+00:00,Sensor_C,35.29
2023-10-01T01:33:21+00:00,Sensor_A,61.53
2023-10-01T01:33:22+00:00,Sensor_A,34.96
2023-10-01T01:33:23+00:00,Sensor_B,40.16
2023-10-01T01:33:24+00:00,Sensor_C,5.5
2023-10-01T01:33:25+00:00,Sensor_D,13.71
2023-10-01T01:33:26+00:00,Sensor_C,27.77
2023-10-01T01:33:27+00:00,Sensor_C,95.86
2023-10-01T01:33:28+00:00,Sensor_A,0.63
2023-10-01T01:33:29+00:00,Sensor_A,48.77
2023-10-01T01:33:30+00:00,Sensor_A,ABC
2023-10-01T01:33:31+00:00,Sensor_B,54.15
2023-10-01T01:33:32+00:00,Sensor_A,23.35
2023-10-01T01:33:33+00:00,Sensor_D,53.35
2023-10-01T01:33:34+00:00,Sensor_B,17.13
2023-10-01T01:33:35+00:00,Sensor_C,0.91
2023-10-01T01:33:36+00:00,Sensor_A,83.97
2023-10-01T01:33:37+00:00,Sensor_C,63.46
2023-10-01T01:33:38+00:00,Sensor_C,53.28
2023-10-01T01:33:39+00:00,Sensor_D,67.89
2023-10-01T01:33:40+00:00,Sensor_A,49.33
2023-10-01T01:33:41+00:00,Sensor_D,71.95
2023-10-01T01:33:42+00:00,Sensor_D,27.83
2023-10-01T01:33:43+00:00,Sensor_D,70.76
2023-10-01T01:33:44+00:00,Sensor_B,18.7
2023-10-01T01:33:45+00:00,Sensor_C,30.38
2023-10-01T01:33:46+00:00,Sensor_C,10.5.2.1
2023-10-01T01:33:47+00:00,Sensor_B,74.31
2023-10-01T01:33:48+00:00,Sensor_A,14.88
2023-10-01T01:33:49+00:00,Sensor_A,69.98
2023-10-01T01:33:50+00:00,Sensor_B,57.22
2023-10-01T01:33:51+00:00,Sensor_D,16.71
2023-10-01T01:33:52+00:00,Sensor_B,78.51
2023-10-01T01:33:53+00:00,Sensor_A,88.24
2023-10-01T01:33:54+00:00,Sensor_C,44.25
2023-10-01T01:33:55+00:00,Sensor_D,26.0
2023-10-01T01:33:56+00:00,Sensor_C,92.86
2023-10-01T01:33:57+00:00,Sensor_B,21.13
2023-10-01T01:33:58+00:00,Sensor_C,60.0
2023-10-01T01:33:59+00:00,Sensor_A,56.61
2023-10-01T01:34:00+00:00,Sensor_D,42.75
2023-10-01T01:34:01+00:00,Sensor_C,4.16
2023-10-01T01:34:02+00:00,Sensor_B,93.42
2023-10-01T01:34:03+00:00,Sensor_D,15.4
2023-10-01T01:34:04+00:00,Sensor_B,34.77
2023-10-01T01:34:05+00:00,Sensor_D,8.16
2023-10-01T01:34:06+00:00,Sensor_C,2.09
2023-10-01T01:34:07+00:00,Sensor_C,92.42
2023-10-01T01:34:08+00:00,Sensor_C,63.46
2023-10-01T01:34:09+00:00,Sensor_C,39.35
2023-10-01T01:34:10+00:00,Sensor_C,59.07
2023-10-01T01:34:11+00:00,Sensor_C,83.45
2023-10-01T01:34:12+00:00,Sensor_A,46.05
2023-10-01T01:34:13+00:00,Sensor_A,62.05
2023-10-01T01:34:14+00:00,Sensor_C,16.01
2023-10-01T01:34:15+00:00,Sensor_C,80.98
2023-10-01T01:34:16+00:00,Sensor_A,3.21
2023-10-01T01:34:17+00:00,Sensor_D,77.76
2023-10-01T01:34:18+00:00,Sensor_C,58.35
2023-10-01T01:34:19+00:00,Sensor_A,72.34
2023-10-01T01:34:20+00:00,Sensor_A,2.65
2023-10-01T01:34:21+00:00,Sensor_B,26.99
2023-10-01T01:34:22+00:00,Sensor_A,51.22
2023-10-01T01:34:23+00:00,Sensor_A,94.66
2023-10-01T01:34:24+00:00,Sensor_C,74.98
???,Sensor_A,5.54
2023-10-01T01:34:26+00:00,Sensor_D,99.76
2023-10-01T01:34:27+00:00,Sensor_D,82.85
2023-10-01T01:34:28+00:00,Sensor_A,33.68
2023-10-01T01:34:29+00:00,Sensor_B,70.67
2023-10-01T01:34:30+00:00,Sensor_C,8.4
2023-10-01T01:34:31+00:00,Sensor_A,54.52
2023-10-01T01:34:32+00:00,Sensor_D,49.59
2023-10-01T01:34:33+00:00,Sensor_D,62.93
2023-10-01T01:34:34+00:00,Sensor_D,95.87
2023-10-01T01:34:35+00:00,Sensor_C,45.93
2023-10-01T01:34:36+00:00,Sensor_C,54.47
2023-10-01T01:34:37+00:00,Sensor_A,96.68
2023-10-01T01:34:38+00:00,Sensor_A,0.02
2023-10-01T01:34:39+00:00,Sensor_A,70.72
2023-10-01T01:34:40+00:00,Sensor_B,47.01
2023-10-01T01:34:41+00:00,Sensor_C,5.38
2023-10-01T01:34:42+00:00,Sensor_C,12.13
2023-10-01T01:34:43+00:00,Sensor_D,54.56
2023-10-01T01:34:44+00:00,Sensor_A,82.39
2023-10-01T01:34:45+00:00,Sensor_D,23.17
2023-10-01T01:34:46+00:00,Sensor_A,45.28
2023-10-01T01:34:47+00:00,Sensor_B,51.5
2023-10-01T01:34:48+00:00,Sensor_B,95.45
2023-10-01T01:34:49+00:00,Sensor_A,8.74
2023-10-01T01:34:50+00:00,Sensor_D,58.55
2023-10-01T01:34:51+00:00,Sensor_B,49.38
2023-10-01T01:34:52+00:00,Sensor_B,78.79
2023-10-01T01:34:53+00:00,Sensor_D,40.96
2023-10-01T01:34:54+00:00,Sensor_A,14.11
2023-10-01T01:34:55+00:00,Sensor_B,93.57
2023-10-01T01:34:56+00:00,Sensor_D,95.26
2023-10-01T01:34:57+00:00,Sensor_C,94.22
2023-10-01T01:34:58+00:00,Sensor_A,12.81
2023-10-01T01:34:59+00:00,Sensor_A,59.1
2023-10-01T01:35:00+00:00,Sensor_D,10.61
2023-10-01T01:35:01+00:00,Sensor_D,38.12
2023-10-01T01:35:02+00:00,Sensor_B,18.38
2023-99-99,Sensor_A,33.76
2023-10-01T01:35:04+00:00,Sensor_D,22.01
2023-10-01T01:35:05+00:00,Sensor_A,15.66
invalid_time,Sensor_A,31.96
2023-10-01T01:35:07+00:00,Sensor_B,10.5.2.1
2023-10-01T01:35:08+00:00,Sensor_C,9.49
2023-10-01T01:35:09+00:00,Sensor_B,72.3
2023-10-01T01:35:10+00:00,Sensor_D,52.21
2023-10-01T01:35:11+00:00,Sensor_B,72.09
2023-10-01T01:35:12+00:00,Sensor_B,43.56
2023-10-01T01:35:13+00:00,Sensor_D,50.07
2023-10-01T01:35:14+00:00,Sensor_C,46.74
2023-10-01T01:35:15+00:00,Sensor_C,83.92
2023-10-01T01:35:16+00:00,Sensor_B,78.4
2023-10-01T01:35:17+00:00,Sensor_B,65.37
2023-10-01T01:35:18+00:00,Sensor_A,69.99
2023-10-01T01:35:19+00:00,Sensor_C,88.9
2023-10-01T01:35:20+00:00,Sensor_B,83.05
2023-10-01T01:35:21+00:00,Sensor_B,22.85
2023-10-01T01:35:22+00:00,Sensor_B,62.98
2023-10-01T01:35:23+00:00,Sensor_A,79.26
2023-10-01T01:35:24+00:00,Sensor_C,25.63
2023-10-01T01:35:25+00:00,Sensor_A,53.91
2023-10-01T01:35:26+00:00,Sensor_B,5.79
2023-10-01T01:35:27+00:00,Sensor_D,29.69
2023-10-01T01:35:28+00:00,Sensor_C,25.17
2023-10-01T01:35:29+00:00,Sensor_C,50.43
2023-10-01T01:35:30+00:00,Sensor_A,83.17
2023-10-01T01:35:31+00:00,Sensor_B,31.38
2023-10-01T01:35:32+00:00,Sensor_A,82.34
2023-10-01T01:35:33+00:00,Sensor_A,11.52
2023-10-01T01:35:34+00:00,Sensor_B,66.87
2023-10-01T01:35:35+00:00,Sensor_B,32.51
2023-10-01T01:35:36+00:00,Sensor_A,36.29
時間錯誤,Sensor_D,35.77
2023-10-01T01:35:38+00:00,Sensor_B,66.32
2023-10-01T01:35:39+00:00,Sensor_D,57.24
2023-10-01T01:35:40+00:00,Sensor_B,數值錯誤
2023-10-01T01:35:41+00:00,Sensor_C,9.55
2023-10-01T01:35:42+00:00,Sensor_C,71.24
2023-10-01T01:35:43+00:00,Sensor_A,31.21
2023-10-01T01:35:44+00:00,Sensor_C,28.03
2023-10-01T01:35:45+00:00,Sensor_A,55.51
2023-10-01T01:35:46+00:00,Sensor_A,15.03
2023-10-01T01:35:47+00:00,Sensor_B,3.37
2023-10-01T01:35:48+00:00,Sensor_D,30.19
2023-10-01T01:35:49+00:00,Sensor_C,98.3
2023-10-01T01:35:50+00:00,Sensor_D,53.31
2023-10-01T01:35:51+00:00,Sensor_D,91.0
2023-10-01T01:35:52+00:00,Sensor_B,53.38
2023-10-01T01:35:53+00:00,Sensor_A,89.7
2023-10-01T01:35:54+00:00,Sensor_C,3.1415926535897932384
2023-10-01T01:35:55+00:00,Sensor_C,89.92
2023-10-01T01:35:56+00:00,센서_A,26.27
2023-10-01T01:35:57+00:00,Sensor_A,29.62
2023-10-01T01:35:58+00:00,Sensor_D,10.09
2023-10-01T01:35:59+00:00,sénsor#@!,59.0
2023-10-01T01:36:00+00:00,Sensor_C,36.79
2023-10-01T01:36:01+00:00,Sensor_C,12.92
2023-10-01T01:36:02+00:00,Sensor_B,67.41
2023-10-01T01:36:03+00:00,Sensor_C,32.42
2023-10-01T01:36:04+00:00,Sensor_A,67.85
2023-10-01T01:36:05+00:00,Sensor_B,26.63
2023-10-01T01:36:06+00:00,Sensor_D,83.9
2023-10-01T01:36:07+00:00,Sensor_D,83.34
2023-10-01T01:36:08+00:00,Sensor_D,92.15
invalid_time,Sensor_D,13.78
2023-10-01T01:36:10+00:00,Sensor_D,95.19
2023-10-01T01:36:11+00:00,Sensor_A,51.24
2023-10-01T01:36:12+00:00,Sensor_B,19.84
2023-10-01T01:36:13+00:00,Sensor_C,11.92
2023-10-01T01:36:14+00:00,Sensor_B,90.63
時間錯誤,Sensor_C,64.49
2023-10-01T01:36:16+00:00,Sensor_C,68.16
2023-10-01T01:36:17+00:00,Sensor_B,95.36
2023-10-01T01:36:18+00:00,Sensor_D,33.4
2023-10-01T01:36:19+00:00,Sensor_C,73.79
2023-10-01T01:36:20+00:00,Sensor_D,36.17
2023-10-01T01:36:21+00:00,Sensor_C,71.54
2023-10-01T01:36:22+00:00,Sensor_C,9.05
2023-10-01T01:36:23+00:00,Sensor_B,80.96
2023-10-01T01:36:24+00:00,Sensor_D,87.56
2023-10-01T01:36:25+00:00,Sensor_B,73.34
2023-10-01T01:36:26+00:00,Sensor_B,80.22
2023-10-01T01:36:27+00:00,Sensor_A,18.33
2023-10-01T01:36:28+00:00,Sensor_C,3.1415926535897932384
2023-10-01T01:36:29+00:00,Sensor_B,50.32
2023-10-01T01:36:30+00:00,Sensor_B,數值錯誤
2023-10-01T01:36:31+00:00,Sensor_D,17.26
2023-99-99,Sensor_C,71.76
2023-10-01T01:36:33+00:00,Sensor_A,89.11
2023-10-01T01:36:34+00:00,Sensor_C,85.69
2023-10-01T01:36:35+00:00,Sensor_C,74.08
2023-10-01T01:36:36+00:00,Sensor_D,22.87
2023-10-01T01:36:37+00:00,Sensor_B,41.37
2023-10-01T01:36:38+00:00,Sensor_A,6.9
2023-10-01T01:36:39+00:00,Sensor_B,31.18
2023-10-01T01:36:40+00:00,Sensor_D,41.68
2023-10-01T01:36:41+00:00,Sensor_C,91.27
2023-10-01T01:36:42+00:00,Sensor_B,56.28
2023-10-01T01:36:43+00:00,Sensor_C,15.95
2023-10-01T01:36:44+00:00,Sensor_C,79.31
2023-10-01T01:36:45+00:00,Sensor_D,36.79
2023-10-01T01:36:46+00:00,Sensor_A,97.01
2023-10-01T01:36:47+00:00,Sensor_A,57.44
2023-10-01T01:36:48+00:00,Sensor_C,12.8
2023-10-01T01:36:49+00:00,Sensor_B,62.63
2023-10-01T01:36:50+00:00,Sensor_A,95.85
2023-10-01T01:36:51+00:00,Sensor_B,19.53
2023-10-01T01:36:52+00:00,Sensor_D,94.54
2023-10-01T01:36:53+00:00,Sensor_A,51.04
2023-10-01T01:36:54+00:00,Sensor_C,27.92
2023-10-01T01:36:55+00:00,Sensor_C,8.89
2023-10-01T01:36:56+00:00,Sensor_B,44.36
2023-10-01T01:36:57+00:00,Sensor_A,32.49
2023-10-01T01:36:58+00:00,Sensor_B,23.74
2023-10-01T01:36:59+00:00,Sensor_B,30.26
2023-10-01T01:37:00+00:00,🔥Sensor,6.65
2023-10-01T01:37:01+00:00,Sensor_D,19.76
2023-10-01T01:37:02+00:00,Sensor_D,91.73
2023-10-01T01:37:03+00:00,Sensor_D,52.13
2023-10-01T01:37:04+00:00,Sensor_A,82.97
2023-10-01T01:37:05+00:00,Sensor_C,2.14
2023-10-01T01:37:06+00:00,Sensor_C,99.27
2023-10-01T01:37:07+00:00,Sensor_A,0.77
2023-10-01T01:37:08+00:00,Sensor_D,28.49
2023-10-01T01:37:09+00:00,🔥Sensor,16.16
2023-10-01T01:37:10+00:00,Sensor_B,95.75
2023-10-01T01:37:11+00:00,Sensor_D,34.18
2023-10-01T01:37:12+00:00,Sensor_A,7.39
2023-10-01T01:37:13+00:00,Sensor_A,3.97
2023-10-01T01:37:14+00:00,Sensor_D,8.54
2023-10-01T01:37:15+00:00,Sensor_D,8.51
2023-10-01T01:37:16+00:00,Sensor_D,66.74
2023-10-01T01:37:17+00:00,Sensor_C,88.92
2023-10-01T01:37:18+00:00,Sensor_A,0.36
2023-10-01T01:37:19+00:00,Sensor_C,80.05
2023-10-01T01:37:20+00:00,Sensor_A,45.33
2023-10-01T01:37:21+00:00,Sensor_D,37.85
2023-10-01T01:37:22+00:00,Sensor_D,58.09
2023-10-01T01:37:23+00:00,Sensor_C,94.22
2023-10-01T01:37:24+00:00,Sensor_C,60.82
2023-10-01T01:37:25+00:00,Sensor_B,10.5.2.1
2023-10-01T01:37:26+00:00,Sensor_D,20.12
2023-10-01T01:37:27+00:00,Sensor_C,33.24
2023-10-01T01:37:28+00:00,Sensor_D,66.81
2023-10-01T01:37:29+00:00,感測器甲,96.96
2023-10-01T01:37:30+00:00,Sensor_D,30.52
2023-10-01T01:37:31+00:00,Sensor_B,96.17
2023-10-01T01:37:32+00:00,Sensor_D,83.32
2023-10-01T01:37:33+00:00,Sensor_C,26.97
2023-10-01T01:37:34+00:00,Sensor_B,59.66
2023-10-01T01:37:35+00:00,Sensor_D,3.33
2023-10-01T01:37:36+00:00,Sensor_D,52.01
2023-10-01T01:37:37+00:00,Sensor_C,not_a_number
2023-10-01T01:37:38+00:00,Sensor_D,95.11
2023-10-01T01:37:39+00:00,Sensor_A,0.45
2023-10-01T01:37:40+00:00,Sensor_C,52.96
2023-10-01T01:37:41+00:00,Sensor_D,39.18
2023-10-01T01:37:42+00:00,Sensor_A,53.45
2023-10-01T01:37:43+00:00,Sensor_A,31.86
2023-10-01T01:37:44+00:00,Sensor_D,85.44
2023-10-01T01:37:45+00:00,Sensor_A,40.05
2023-10-01T01:37:46+00:00,Sensor_B,28.37
2023-10-01T01:37:47+00:00,Sensor_C,63.68
2023-10-01T01:37:48+00:00,Sensor_C,15.18
2023-10-01T01:37:49+00:00,Sensor_B,30.57
2023-10-01T01:37:50+00:00,Sensor_D,56.96
2023-10-01T01:37:51+00:00,Sensor_C,65.55
2023-10-01T01:37:52+00:00,Sensor_A,86.1
2023-10-01T01:37:53+00:00,Sensor_D,2.11
2023-10-01T01:37:54+00:00,Sensor_B,64.11
2023-10-01T01:37:55+00:00,Sensor_C,40.42
2023-10-01T01:37:56+00:00,Sensor_A,63.72
2023-10-01T01:37:57+00:00,Sensor_A,40.77
2023-10-01T01:37:58+00:00,Sensor_D,52.15
2023-10-01T01:37:59+00:00,Sensor_C,42.69
2023-10-01T01:38:00+00:00,Sensor_C,33.46
2023-10-01T01:38:01+00:00,Sensor_D,91.9
2023-10-01T01:38:02+00:00,Sensor_B,21.83
2023-10-01T01:38:03+00:00,Sensor_C,54.29
2023-10-01T01:38:04+00:00,Sensor_A,17.38
2023-10-01T01:38:05+00:00,Sensor_D,29.65
2023-10-01T01:38:06+00:00,センサー_1,32.34
2023-10-01T01:38:07+00:00,Sensor_C,82.88
2023-10-01T01:38:08+00:00,Sensor_A,90.46
2023-10-01T01:38:09+00:00,Sensor_D,96.71
2023-10-01T01:38:10+00:00,Sensor_D,27.09
2023-10-01T01:38:11+00:00,Sensor_B,93.52
2023-10-01T01:38:12+00:00,Sensor_C,31.06
???,Sensor_C,91.56
2023-10-01T01:38:14+00:00,Sensor_D,40.82
2023-10-01T01:38:15+00:00,Sensor_D,80.34
2023-10-01T01:38:16+00:00,Sensor_A,21.69
2023-10-01T01:38:17+00:00,Sensor_D,6.03
2023-10-01T01:38:18+00:00,Sensor_C,84.39
2023-10-01T01:38:19+00:00,Sensor_A,47.97
2023-10-01T01:38:20+00:00,Sensor_A,56.58
2023-10-01T01:38:21+00:00,Sensor_A,98.27
2023-10-01T01:38:22+00:00,Sensor_B,97.4
2023-10-01T01:38:23+00:00,Sensor_C,83.5
2023-10-01T01:38:24+00:00,Sensor_C,13.85
2023-10-01T01:38:25+00:00,Sensor_C,ABC
2023-10-01T01:38:26+00:00,Sensor_A,ABC
2023-10-01T01:38:27+00:00,Sensor_B,37.44
時間錯誤,Sensor_C,95.39
2023-10-01T01:38:29+00:00,Sensor_B,46.88
2023-10-01T01:38:30+00:00,Sensor_D,21.05
2023-10-01T01:38:31+00:00,Sensor_A,99.31
2023-10-01T01:38:32+00:00,Sensor_A,78.3
2023-10-01T01:38:33+00:00,Sensor_A,60.73
2023-10-01T01:38:34+00:00,Sensor_A,90.71
2023-10-01T01:38:35+00:00,Sensor_B,42.82
2023-10-01T01:38:36+00:00,Sensor_A,94.72
2023-10-01T01:38:37+00:00,Sensor_A,2.71
2023-10-01T01:38:38+00:00,Sensor_C,42.42
2023-10-01T01:38:39+00:00,Sensor_D,75.43
2023-10-01T01:38:40+00:00,Sensor_A,94.22
2023-10-01T01:38:41+00:00,Sensor_B,24.9
2023-10-01T01:38:42+00:00,Sensor_A,23.73
2023-10-01T01:38:43+00:00,Sensor_B,92.99
2023-10-01T01:38:44+00:00,Sensor_C,78.94
invalid_time,Sensor_C,35.78
2023-10-01T01:38:46+00:00,Sensor_B,4.99
2023-10-01T01:38:47+00:00,Sensor_C,2.81
2023-10-01T01:38:48+00:00,Sensor_A,41.7
2023-10-01T01:38:49+00:00,Sensor_B,62.06
2023-10-01T01:38:50+00:00,Sensor_C,31.39
2023-10-01T01:38:51+00:00,Sensor_D,63.74
2023-10-01T01:38:52+00:00,Sensor_C,87.79
2023-10-01T01:38:53+00:00,Sensor_A,27.24
2023-10-01T01:38:54+00:00,Sensor_A,53.87
2023-10-01T01:38:55+00:00,Sensor_C,42.17
2023-10-01T01:38:56+00:00,Sensor_B,6.73
2023-10-01T01:38:57+00:00,Sensor_B,9.4
2023-10-01T01:38:58+00:00,Sensor_D,10.5.2.1
2023-10-01T01:38:59+00:00,Sensor_D,75.37
2023-10-01T01:39:00+00:00,Sensor_D,98.33
2023-10-01T01:39:01+00:00,Sensor_D,92.65
2023-10-01T01:39:02+00:00,Sensor_B,34.02
2023-10-01T01:39:03+00:00,Sensor_A,59.89
2023-10-01T01:39:04+00:00,Sensor_B,10.5.2.1
2023-10-01T01:39:05+00:00,Sensor_B,94.7
2023-10-01T01:39:06+00:00,Sensor_D,37.01
2023-10-01T01:39:07+00:00,Sensor_A,10.5.2.1
2023-10-01T01:39:08+00:00,Sensor_B,45.88
2023-10-01T01:39:09+00:00,Sensor_D,3.1415926535897932384
2023-10-01T01:39:10+00:00,Sensor_C,83.22
2023-10-01T01:39:11+00:00,Sensor_B,21.84
???,Sensor_C,96.39
2023-10-01T01:39:13+00:00,Sensor_C,92.68
2023-10-01T01:39:14+00:00,Sensor_B,86.94
2023-10-01T01:39:15+00:00,Sensor_D,79.75
2023-10-01T01:39:16+00:00,Sensor_D,55.08
2023-10-01T01:39:17+00:00,Sensor_A,42.17
2023-10-01T01:39:18+00:00,Sensor_C,12.32
2023-10-01T01:39:19+00:00,Sensor_B,48.45
2023-10-01T01:39:20+00:00,感測器甲,97.42
2023-10-01T01:39:21+00:00,Sensor_D,86.93
2023-10-01T01:39:22+00:00,Sensor_B,74.96
2023-10-01T01:39:23+00:00,Sensor_B,29.17
2023-10-01T01:39:24+00:00,Sensor_C,not_a_number
2023-10-01T01:39:25+00:00,Sensor_C,10.5.2.1
2023-10-01T01:39:26+00:00,Sensor_B,20.2
2023-10-01T01:39:27+00:00,Sensor_B,85.62
2023-10-01T01:39:28+00:00,Sensor_A,10.17
2023-10-01T01:39:29+00:00,Sensor_D,16.14
2023-10-01T01:39:30+00:00,Sensor_A,48.78
2023-10-01T01:39:31+00:00,Sensor_B,20.43
2023-10-01T01:39:32+00:00,Sensor_C,49.26
2023-10-01T01:39:33+00:00,Sensor_B,47.13
2023-10-01T01:39:34+00:00,Sensor_A,12.45
2023-10-01T01:39:35+00:00,Sensor_A,35.21
2023-10-01T01:39:36+00:00,Sensor_B,36.17
2023-10-01T01:39:37+00:00,Sensor_B,56.14
2023-10-01T01:39:38+00:00,Sensor_D,73.93
2023-10-01T01:39:39+00:00,Sensor_D,ABC
2023-10-01T01:39:40+00:00,Sensor_C,11.13
2023-10-01T01:39:41+00:00,Sensor_B,94.7
2023-10-01T01:39:42+00:00,Sensor_D,22.11
2023-10-01T01:39:43+00:00,Sensor_A,10.5.2.1
2023-10-01T01:39:44+00:00,Sensor_A,20.05
2023-10-01T01:39:45+00:00,Sensor_A,65.46
2023-10-01T01:39:46+00:00,Sensor_C,97.25
2023-10-01T01:39:47+00:00,Sensor_A,78.02
2023-10-01T01:39:48+00:00,Sensor_C,80.02
2023-10-01T01:39:49+00:00,Sensor_A,81.23
???,Sensor_B,98.6
2023-10-01T01:39:51+00:00,Sensor_D,73.53
2023-10-01T01:39:52+00:00,Sensor_C,4.89
2023-10-01T01:39:53+00:00,Sensor_D,22.97
2023-10-01T01:39:54+00:00,Sensor_B,77.01
2023-10-01T01:39:55+00:00,Sensor_B,50.8
2023-10-01T01:39:56+00:00,Sensor_B,53.43
2023-10-01T01:39:57+00:00,Sensor_C,64.17
2023-10-01T01:39:58+00:00,Sensor_B,85.61
2023-10-01T01:39:59+00:00,Sensor_B,91.75
2023-10-01T01:40:00+00:00,Sensor_A,數值錯誤
2023-10-01T01:40:01+00:00,Sensor_A,77.32
2023-10-01T01:40:02+00:00,Sensor_D,41.14
2023-10-01T01:40:03+00:00,Sensor_D,80.01
2023-10-01T01:40:04+00:00,Sensor_B,29.89
時間錯誤,Sensor_A,29.95
2023-10-01T01:40:06+00:00,Sensor_D,79.55
2023-10-01T01:40:07+00:00,Sensor_A,數值錯誤
2023-10-01T01:40:08+00:00,Sensor_D,28.46
2023-10-01T01:40:09+00:00,Sensor_C,83.26
2023-10-01T01:40:10+00:00,Sensor_A,60.0
2023-10-01T01:40:11+00:00,Sensor_D,2.54
2023-10-01T01:40:12+00:00,Sensor_C,3.1415926535897932384
2023-10-01T01:40:13+00:00,Sensor_A,71.88
2023-10-01T01:40:14+00:00,Sensor_D,28.43
2023-10-01T01:40:15+00:00,Sensor_A,23.84
2023-10-01T01:40:16+00:00,Sensor_D,46.45
2023-10-01T01:40:17+00:00,Sensor_A,42.07
2023-10-01T01:40:18+00:00,Sensor_C,3.1415926535897932384
2023-10-01T01:40:19+00:00,Sensor_A,62.96
2023-10-01T01:40:20+00:00,Sensor_D,16.95
???,Sensor_A,97.89
2023-10-01T01:40:22+00:00,Sensor_D,46.84
2023-10-01T01:40:23+00:00,Sensor_C,66.84
2023-10-01T01:40:24+00:00,Sensor_A,56.09
2023-10-01T01:40:25+00:00,Sensor_A,10.87
2023-10-01T01:40:26+00:00,Sensor_C,46.79
2023-10-01T01:40:27+00:00,Sensor_D,23.74
2023-10-01T01:40:28+00:00,Sensor_C,74.34
2023-10-01T01:40:29+00:00,Sensor_B,94.12
2023-10-01T01:40:30+00:00,Sensor_C,10.5.2.1
2023-10-01T01:40:31+00:00,Sensor_B,26.56
2023-10-01T01:40:32+00:00,Sensor_A,37.86
2023-10-01T01:40:33+00:00,Sensor_D,71.22
2023-10-01T01:40:34+00:00,Sensor_B,30.74
2023-10-01T01:40:35+00:00,感測器甲,14.9
2023-10-01T01:40:36+00:00,Sensor_C,20.87
2023-10-01T01:40:37+00:00,Sensor_C,41.71
2023-10-01T01:40:38+00:00,Sensor_D,13.17
2023-10-01T01:40:39+00:00,Sensor_D,57.95
2023-10-01T01:40:40+00:00,Sensor_D,81.96
2023-10-01T01:40:41+00:00,Sensor_C,33.74
2023-10-01T01:40:42+00:00,Sensor_A,96.69
2023-10-01T01:40:43+00:00,Sensor_A,60.09
2023-10-01T01:40:44+00:00,Sensor_B,18.55
2023-10-01T01:40:45+00:00,Sensor_C,5.61
2023-10-01T01:40:46+00:00,Sensor_C,98.01
2023-10-01T01:40:47+00:00,Sensor_B,67.62
2023-10-01T01:40:48+00:00,Sensor_A,55.87
2023-10-01T01:40:49+00:00,Sensor_B,60.55
2023-10-01T01:40:50+00:00,Sensor_D,40.54
2023-10-01T01:40:51+00:00,Sensor_C,87.94
2023-10-01T01:40:52+00:00,Sensor_B,41.72
2023-10-01T01:40:53+00:00,Sensor_A,4.08
2023-10-01T01:40:54+00:00,Sensor_C,25.1
2023-10-01T01:40:55+00:00,Sensor_D,90.72
2023-10-01T01:40:56+00:00,Sensor_D,70.35
2023-10-01T01:40:57+00:00,Sensor_D,0.73
2023-10-01T01:40:58+00:00,Sensor_B,18.6
2023-10-01T01:40:59+00:00,Sensor_A,67.33
2023-10-01T01:41:00+00:00,Sensor_A,78.73
2023-10-01T01:41:01+00:00,Sensor_A,37.3
2023-10-01T01:41:02+00:00,Sensor_D,30.24
2023-10-01T01:41:03+00:00,Sensor_D,6.14
2023-10-01T01:41:04+00:00,Sensor_A,44.28
2023-10-01T01:41:05+00:00,Sensor_B,24.61
2023-10-01T01:41:06+00:00,Sensor_D,73.42
2023-10-01T01:41:07+00:00,Sensor_D,54.8
2023-10-01T01:41:08+00:00,Sensor_C,11.49
2023-10-01T01:41:09+00:00,Sensor_A,65.47
2023-10-01T01:41:10+00:00,Sensor_D,17.16
2023-10-01T01:41:11+00:00,Sensor_B,50.77
2023-10-01T01:41:12+00:00,Sensor_B,51.4
2023-10-01T01:41:13+00:00,Sensor_C,83.47
2023-10-01T01:41:14+00:00,Sensor_D,16.8
2023-10-01T01:41:15+00:00,Sensor_B,22.3
2023-10-01T01:41:16+00:00,Sensor_C,39.36
2023-10-01T01:41:17+00:00,Sensor_C,79.99
2023-10-01T01:41:18+00:00,Sensor_A,29.81
2023-10-01T01:41:19+00:00,Sensor_B,45.36
2023-10-01T01:41:20+00:00,Sensor_B,81.32
2023-10-01T01:41:21+00:00,Sensor_D,7.22
時間錯誤,Sensor_D,43.21
2023-10-01T01:41:23+00:00,Sensor_B,10.5.2.1
2023-10-01T01:41:24+00:00,Sensor_D,64.03
2023-10-01T01:41:25+00:00,Sensor_D,48.6
2023-10-01T01:41:26+00:00,Sensor_D,30.56
2023-10-01T01:41:27+00:00,Sensor_B,8.3
2023-10-01T01:41:28+00:00,Sensor_D,35.9
2023-10-01T01:41:29+00:00,Sensor_B,51.82
2023-10-01T01:41:30+00:00,Sensor_D,58.68
2023-10-01T01:41:31+00:00,Sensor_C,75.58
2023-10-01T01:41:32+00:00,Sensor_C,36.83
2023-10-01T01:41:33+00:00,Sensor_C,61.3
2023-10-01T01:41:34+00:00,Sensor_C,96.48
2023-10-01T01:41:35+00:00,Sensor_A,57.42
2023-10-01T01:41:36+00:00,Sensor_D,22.05
2023-10-01T01:41:37+00:00,Sensor_B,82.24
2023-10-01T01:41:38+00:00,Sensor_B,60.06
2023-10-01T01:41:39+00:00,Sensor_C,19.82
2023-10-01T01:41:40+00:00,Sensor_B,17.9
2023-10-01T01:41:41+00:00,Sensor_B,45.0
2023-10-01T01:41:42+00:00,Sensor_D,15.04
2023-10-01T01:41:43+00:00,Sensor_D,2.58
2023-10-01T01:41:44+00:00,Sensor_C,50.05
2023-99-99,Sensor_C,97.83
2023-10-01T01:41:46+00:00,Sensor_D,74.24
2023-10-01T01:41:47+00:00,Sensor_B,57.04
2023-10-01T01:41:48+00:00,🔥Sensor,27.46
2023-10-01T01:41:49+00:00,Sensor_D,42.49
2023-10-01T01:41:50+00:00,Sensor_A,26.71
2023-10-01T01:41:51+00:00,Sensor_D,55.85
2023-10-01T01:41:52+00:00,Sensor_A,26.25
2023-10-01T01:41:53+00:00,Sensor_B,89.3
2023-10-01T01:41:54+00:00,Sensor_A,77.21
2023-10-01T01:41:55+00:00,Sensor_D,84.41
2023-10-01T01:41:56+00:00,Sensor_C,26.63
2023-10-01T01:41:57+00:00,Sensor_C,69.57
2023-10-01T01:41:58+00:00,Sensor_C,82.61
2023-10-01T01:41:59+00:00,Sensor_A,76.26
2023-10-01T01:42:00+00:00,Sensor_B,34.13
2023-10-01T01:42:01+00:00,Sensor_B,29.47
2023-10-01T01:42:02+00:00,Sensor_C,數值錯誤
2023-10-01T01:42:03+00:00,Sensor_B,43.83
2023-10-01T01:42:04+00:00,Sensor_A,59.59
2023-10-01T01:42:05+00:00,Sensor_D,31.73
2023-10-01T01:42:06+00:00,Sensor_D,90.92
2023-10-01T01:42:07+00:00,Sensor_C,33.89
2023-10-01T01:42:08+00:00,Sensor_C,85.72
2023-10-01T01:42:09+00:00,Sensor_B,76.13
2023-10-01T01:42:10+00:00,Sensor_D,0.97
2023-10-01T01:42:11+00:00,Sensor_B,68.17
2023-10-01T01:42:12+00:00,Sensor_A,7.33
2023-10-01T01:42:13+00:00,Sensor_C,70.44
2023-10-01T01:42:14+00:00,Sensor_B,30.56
2023-10-01T01:42:15+00:00,Sensor_A,17.49
2023-10-01T01:42:16+00:00,Sensor_A,70.68
2023-10-01T01:42:17+00:00,Sensor_D,10.5.2.1
2023-10-01T01:42:18+00:00,Sensor_C,90.08
2023-10-01T01:42:19+00:00,Sensor_B,43.32
2023-10-01T01:42:20+00:00,Sensor_C,55.67
2023-10-01T01:42:21+00:00,Sensor_A,41.39
2023-10-01T01:42:22+00:00,センサー_1,65.32
2023-10-01T01:42:23+00:00,Sensor_C,1.74
2023-10-01T01:42:24+00:00,Sensor_B,82.29
2023-10-01T01:42:25+00:00,Sensor_B,56.52
2023-10-01T01:42:26+00:00,Sensor_D,7.03
2023-10-01T01:42:27+00:00,Sensor_B,34.53
2023-10-01T01:42:28+00:00,Sensor_B,99.13
2023-10-01T01:42:29+00:00,感測器甲,70.52
2023-10-01T01:42:30+00:00,Sensor_C,69.68
2023-10-01T01:42:31+00:00,Sensor_D,59.96
2023-10-01T01:42:32+00:00,Sensor_D,35.45
2023-10-01T01:42:33+00:00,Sensor_C,數值錯誤
2023-10-01T01:42:34+00:00,Sensor_C,43.03
2023-10-01T01:42:35+00:00,Sensor_D,99.85
2023-10-01T01:42:36+00:00,Sensor_C,9.99
2023-10-01T01:42:37+00:00,Sensor_A,38.07
2023-10-01T01:42:38+00:00,Sensor_A,72.32
2023-10-01T01:42:39+00:00,Sensor_A,27.95
2023-10-01T01:42:40+00:00,Sensor_A,75.08
2023-10-01T01:42:41+00:00,Sensor_A,14.11
2023-10-01T01:42:42+00:00,Sensor_A,45.0
2023-10-01T01:42:43+00:00,Sensor_D,10.5.2.1
2023-10-01T01:42:44+00:00,Sensor_D,93.35
2023-10-01T01:42:45+00:00,Sensor_B,19.46
2023-10-01T01:42:46+00:00,Sensor_D,8.24
2023-10-01T01:42:47+00:00,Sensor_B,21.03
2023-10-01T01:42:48+00:00,Sensor_C,27.58
2023-10-01T01:42:49+00:00,Sensor_B,75.07
2023-10-01T01:42:50+00:00,Sensor_A,77.75
2023-10-01T01:42:51+00:00,Sensor_B,91.01
2023-10-01T01:42:52+00:00,Sensor_C,87.09
2023-10-01T01:42:53+00:00,Sensor_A,63.38
2023-10-01T01:42:54+00:00,Sensor_A,52.77
2023-10-01T01:42:55+00:00,Sensor_C,85.4
2023-10-01T01:42:56+00:00,Sensor_D,13.09
2023-10-01T01:42:57+00:00,Sensor_D,80.69
2023-10-01T01:42:58+00:00,Sensor_A,10.5.2.1
2023-10-01T01:42:59+00:00,Sensor_D,1.19
2023-10-01T01:43:00+00:00,Sensor_B,29.52
2023-10-01T01:43:01+00:00,Sensor_C,48.23
時間錯誤,Sensor_A,2.17
2023-10-01T01:43:03+00:00,Sensor_D,34.48
2023-10-01T01:43:04+00:00,Sensor_B,42.36
2023-10-01T01:43:05+00:00,Sensor_D,31.67
2023-10-01T01:43:06+00:00,Sensor_C,37.48
2023-10-01T01:43:07+00:00,Sensor_D,60.28
2023-10-01T01:43:08+00:00,Sensor_C,79.12
2023-10-01T01:43:09+00:00,センサー_1,73.61
2023-10-01T01:43:10+00:00,Sensor_B,27.44
2023-10-01T01:43:11+00:00,Sensor_C,94.35
2023-10-01T01:43:12+00:00,Sensor_A,34.87
2023-10-01T01:43:13+00:00,Sensor_B,79.72
2023-10-01T01:43:14+00:00,Sensor_B,80.06
2023-10-01T01:43:15+00:00,Sensor_C,66.01
2023-10-01T01:43:16+00:00,Sensor_D,62.18
2023-10-01T01:43:17+00:00,Sensor_C,48.96
2023-10-01T01:43:18+00:00,Sensor_A,15.48
2023-10-01T01:43:19+00:00,Sensor_D,75.48
2023-10-01T01:43:20+00:00,Sensor_C,37.3
2023-10-01T01:43:21+00:00,Sensor_A,70.97
2023-10-01T01:43:22+00:00,Sensor_D,9.71
2023-10-01T01:43:23+00:00,Sensor_A,2.4
2023-10-01T01:43:24+00:00,Sensor_A,77.5
2023-10-01T01:43:25+00:00,Sensor_B,34.23
2023-10-01T01:43:26+00:00,Sensor_A,52.15
2023-10-01T01:43:27+00:00,Sensor_D,21.79
2023-10-01T01:43:28+00:00,Sensor_D,數值錯誤
2023-10-01T01:43:29+00:00,Sensor_D,52.29
2023-10-01T01:43:30+00:00,Sensor_C,70.98
2023-10-01T01:43:31+00:00,Sensor_C,3.72
2023-10-01T01:43:32+00:00,Sensor_C,50.6
2023-10-01T01:43:33+00:00,Sensor_A,97.05
2023-10-01T01:43:34+00:00,Sensor_C,69.28
2023-10-01T01:43:35+00:00,Sensor_B,20.56
2023-10-01T01:43:36+00:00,Sensor_A,36.19
2023-10-01T01:43:37+00:00,Sensor_B,54.09
2023-10-01T01:43:38+00:00,Sensor_D,44.84
2023-10-01T01:43:39+00:00,Sensor_D,54.95
2023-10-01T01:43:40+00:00,Sensor_A,92.03
2023-10-01T01:43:41+00:00,Sensor_C,3.1415926535897932384
2023-10-01T01:43:42+00:00,Sensor_C,70.1
2023-10-01T01:43:43+00:00,Sensor_B,58.73
2023-10-01T01:43:44+00:00,Sensor_B,97.4
2023-99-99,Sensor_B,21.98
2023-10-01T01:43:46+00:00,Sensor_B,62.88
2023-10-01T01:43:47+00:00,Sensor_A,7.1
2023-10-01T01:43:48+00:00,Sensor_B,79.3
時間錯誤,Sensor_C,81.27
2023-10-01T01:43:50+00:00,Sensor_A,7.16
2023-10-01T01:43:51+00:00,Sensor_C,68.08
2023-10-01T01:43:52+00:00,Sensor_C,78.61
2023-10-01T01:43:53+00:00,🔥Sensor,53.52
2023-10-01T01:43:54+00:00,Sensor_C,59.92
2023-10-01T01:43:55+00:00,Sensor_C,93.97
2023-10-01T01:43:56+00:00,Sensor_C,74.15
2023-10-01T01:43:57+00:00,Sensor_A,35.86
2023-10-01T01:43:58+00:00,Sensor_C,21.63
2023-10-01T01:43:59+00:00,Sensor_A,54.31
2023-10-01T01:44:00+00:00,Sensor_C,95.66
2023-10-01T01:44:01+00:00,Sensor_D,5.38
2023-10-01T01:44:02+00:00,Sensor_B,67.7
2023-10-01T01:44:03+00:00,Sensor_B,79.06
2023-10-01T01:44:04+00:00,Sensor_B,65.03
2023-10-01T01:44:05+00:00,Sensor_C,90.8
2023-10-01T01:44:06+00:00,Sensor_D,11.04
2023-10-01T01:44:07+00:00,Sensor_C,72.99
2023-10-01T01:44:08+00:00,Sensor_B,67.07
2023-10-01T01:44:09+00:00,Sensor_C,24.21
2023-10-01T01:44:10+00:00,Sensor_A,31.28
2023-10-01T01:44:11+00:00,Sensor_A,84.91
2023-10-01T01:44:12+00:00,Sensor_B,62.72
2023-10-01T01:44:13+00:00,Sensor_A,36.12
2023-10-01T01:44:14+00:00,Sensor_C,23.19
2023-10-01T01:44:15+00:00,Sensor_B,77.6
2023-10-01T01:44:16+00:00,Sensor_D,26.71
2023-10-01T01:44:17+00:00,Sensor_D,10.5.2.1
2023-10-01T01:44:18+00:00,Sensor_C,60.99
2023-10-01T01:44:19+00:00,Sensor_D,1.74
2023-10-01T01:44:20+00:00,Sensor_D,49.74
2023-99-99,Sensor_A,60.93
2023-10-01T01:44:22+00:00,Sensor_A,15.05
2023-10-01T01:44:23+00:00,Sensor_D,97.82
2023-10-01T01:44:24+00:00,Sensor_D,38.12
2023-10-01T01:44:25+00:00,Sensor_B,10.5.2.1
2023-10-01T01:44:26+00:00,Sensor_D,58.15
2023-10-01T01:44:27+00:00,Sensor_C,96.32
2023-10-01T01:44:28+00:00,Sensor_D,76.34
2023-10-01T01:44:29+00:00,Sensor_C,10.5.2.1
2023-10-01T01:44:30+00:00,Sensor_B,43.26
2023-10-01T01:44:31+00:00,Sensor_B,3.73
2023-10-01T01:44:32+00:00,Sensor_B,3.73
2023-10-01T01:44:33+00:00,Sensor_C,73.41
2023-10-01T01:44:34+00:00,Sensor_D,85.25
2023-10-01T01:44:35+00:00,Sensor_D,3.1415926535897932384
2023-10-01T01:44:36+00:00,Sensor_D,14.19
2023-10-01T01:44:37+00:00,Sensor_A,63.31
2023-10-01T01:44:38+00:00,Sensor_C,40.61
2023-10-01T01:44:39+00:00,Sensor_C,82.79
2023-10-01T01:44:40+00:00,Sensor_C,5.3
2023-10-01T01:44:41+00:00,Sensor_A,51.57
2023-10-01T01:44:42+00:00,Sensor_A,10.5.2.1
2023-10-01T01:44:43+00:00,Sensor_C,74.71
2023-10-01T01:44:44+00:00,Sensor_B,22.58
2023-10-01T01:44:45+00:00,Sensor_B,61.09
2023-10-01T01:44:46+00:00,Sensor_D,67.68
2023-10-01T01:44:47+00:00,Sensor_A,78.95
2023-10-01T01:44:48+00:00,Sensor_C,61.72
2023-10-01T01:44:49+00:00,Sensor_D,10.5.2.1
2023-10-01T01:44:50+00:00,Sensor_D,47.06
2023-10-01T01:44:51+00:00,Sensor_A,32.6
2023-10-01T01:44:52+00:00,Sensor_D,60.4
2023-10-01T01:44:53+00:00,Sensor_C,91.21
2023-10-01T01:44:54+00:00,Sensor_A,1.69
2023-10-01T01:44:55+00:00,Sensor_C,10.5.2.1
2023-10-01T01:44:56+00:00,Sensor_A,18.15
2023-10-01T01:44:57+00:00,Sensor_B,88.97
2023-10-01T01:44:58+00:00,Sensor_C,96.7
2023-10-01T01:44:59+00:00,Sensor_C,98.94
2023-10-01T01:45:00+00:00,Sensor_B,87.46
2023-10-01T01:45:01+00:00,Sensor_C,39.14
2023-10-01T01:45:02+00:00,Sensor_C,68.66
2023-10-01T01:45:03+00:00,Sensor_B,74.28
2023-10-01T01:45:04+00:00,Sensor_A,11.63
2023-10-01T01:45:05+00:00,Sensor_C,88.44
2023-10-01T01:45:06+00:00,Sensor_B,94.33
2023-10-01T01:45:07+00:00,Sensor_A,17.36
2023-10-01T01:45:08+00:00,Sensor_B,4.68
???,Sensor_C,55.99
2023-10-01T01:45:10+00:00,Sensor_B,81.23
2023-10-01T01:45:11+00:00,Sensor_B,36.88
2023-10-01T01:45:12+00:00,Sensor_D,98.11
2023-10-01T01:45:13+00:00,Sensor_A,39.43
2023-10-01T01:45:14+00:00,Sensor_D,24.97
2023-10-01T01:45:15+00:00,Sensor_C,31.12
2023-10-01T01:45:16+00:00,Sensor_C,10.5.2.1
2023-10-01T01:45:17+00:00,Sensor_B,52.31
2023-10-01T01:45:18+00:00,Sensor_D,41.35
2023-10-01T01:45:19+00:00,Sensor_B,61.37
2023-10-01T01:45:20+00:00,Sensor_D,69.24
2023-10-01T01:45:21+00:00,Sensor_C,72.26
2023-10-01T01:45:22+00:00,Sensor_C,81.54
2023-10-01T01:45:23+00:00,Sensor_C,60.96
2023-10-01T01:45:24+00:00,Sensor_B,95.45
2023-10-01T01:45:25+00:00,Sensor_A,99.78
2023-10-01T01:45:26+00:00,Sensor_D,51.67
2023-10-01T01:45:27+00:00,Sensor_A,ABC
2023-10-01T01:45:28+00:00,Sensor_C,15.71
2023-10-01T01:45:29+00:00,Sensor_B,85.63
2023-10-01T01:45:30+00:00,Sensor_C,16.0
2023-10-01T01:45:31+00:00,Sensor_A,51.53
2023-10-01T01:45:32+00:00,Sensor_A,43.42
時間錯誤,Sensor_C,37.2
2023-10-01T01:45:34+00:00,Sensor_A,57.99
2023-10-01T01:45:35+00:00,Sensor_C,3.1415926535897932384
2023-10-01T01:45:36+00:00,Sensor_B,28.33
2023-10-01T01:45:37+00:00,Sensor_C,0.28
2023-10-01T01:45:38+00:00,Sensor_A,60.63
2023-10-01T01:45:39+00:00,Sensor_B,24.53
2023-10-01T01:45:40+00:00,Sensor_C,19.19
2023-10-01T01:45:41+00:00,Sensor_C,14.24
2023-10-01T01:45:42+00:00,Sensor_A,11.59
2023-10-01T01:45:43+00:00,Sensor_C,22.89
2023-10-01T01:45:44+00:00,Sensor_D,35.69
2023-10-01T01:45:45+00:00,Sensor_B,9.61
2023-10-01T01:45:46+00:00,Sensor_B,37.31
2023-99-99,Sensor_C,38.88
2023-10-01T01:45:48+00:00,Sensor_C,3.1415926535897932384
2023-10-01T01:45:49+00:00,Sensor_B,28.48
2023-10-01T01:45:50+00:00,Sensor_A,91.36
2023-10-01T01:45:51+00:00,Sensor_C,57.12
2023-10-01T01:45:52+00:00,🔥Sensor,23.11
2023-10-01T01:45:53+00:00,Sensor_C,64.92
2023-10-01T01:45:54+00:00,Sensor_A,14.86
2023-10-01T01:45:55+00:00,Sensor_B,14.21
2023-10-01T01:45:56+00:00,Sensor_B,72.5
2023-10-01T01:45:57+00:00,Sensor_D,17.62
2023-10-01T01:45:58+00:00,Sensor_B,30.83
2023-10-01T01:45:59+00:00,Sensor_D,7.0
2023-10-01T01:46:00+00:00,Sensor_A,35.96
2023-10-01T01:46:01+00:00,Sensor_B,22.03
2023-10-01T01:46:02+00:00,Sensor_B,75.67
2023-10-01T01:46:03+00:00,Sensor_A,10.07
2023-10-01T01:46:04+00:00,Sensor_B,83.4
2023-10-01T01:46:05+00:00,Sensor_C,8.61
2023-10-01T01:46:06+00:00,Sensor_D,13.31
2023-10-01T01:46:07+00:00,Sensor_C,59.57
2023-10-01T01:46:08+00:00,Sensor_B,13.98
2023-10-01T01:46:09+00:00,Sensor_C,25.56
2023-10-01T01:46:10+00:00,Sensor_C,72.08
2023-10-01T01:46:11+00:00,Sensor_A,74.05
2023-10-01T01:46:12+00:00,Sensor_B,72.88
2023-10-01T01:46:13+00:00,센서_A,49.25
2023-10-01T01:46:14+00:00,Sensor_C,80.27
2023-10-01T01:46:15+00:00,Sensor_C,13.8
2023-10-01T01:46:16+00:00,Sensor_A,94.62
2023-10-01T01:46:17+00:00,Sensor_D,3.1415926535897932384
2023-10-01T01:46:18+00:00,Sensor_A,57.88
2023-10-01T01:46:19+00:00,Sensor_C,2.8
2023-10-01T01:46:20+00:00,🔥Sensor,42.53
2023-10-01T01:46:21+00:00,Sensor_C,11.18
2023-10-01T01:46:22+00:00,Sensor_C,46.15
2023-10-01T01:46:23+00:00,Sensor_A,39.17
2023-10-01T01:46:24+00:00,Sensor_C,20.96
2023-10-01T01:46:25+00:00,Sensor_B,50.5
2023-10-01T01:46:26+00:00,Sensor_D,25.9
2023-10-01T01:46:27+00:00,Sensor_B,17.26
2023-10-01T01:46:28+00:00,Sensor_A,27.49
時間錯誤,Sensor_D,87.23
2023-10-01T01:46:30+00:00,Sensor_C,88.53
2023-10-01T01:46:31+00:00,Sensor_B,60.46
2023-10-01T01:46:32+00:00,Sensor_A,89.68
2023-10-01T01:46:33+00:00,Sensor_C,95.9
2023-10-01T01:46:34+00:00,Sensor_D,36.69
2023-10-01T01:46:35+00:00,Sensor_D,42.92
2023-10-01T01:46:36+00:00,Sensor_B,0.65
2023-10-01T01:46:37+00:00,Sensor_B,39.78
2023-10-01T01:46:38+00:00,Sensor_B,46.81
2023-10-01T01:46:39+00:00,Sensor_D,62.37
2023-10-01T01:46:40+00:00,Sensor_A,64.22
2023-10-01T01:46:41+00:00,Sensor_C,10.89
2023-10-01T01:46:42+00:00,Sensor_C,4.22
2023-10-01T01:46:43+00:00,Sensor_D,14.18
2023-10-01T01:46:44+00:00,Sensor_B,50.91
2023-10-01T01:46:45+00:00,Sensor_D,99.28
2023-10-01T01:46:46+00:00,Sensor_D,22.9
2023-10-01T01:46:47+00:00,Sensor_C,63.81
2023-10-01T01:46:48+00:00,Sensor_A,3.1415926535897932384
2023-10-01T01:46:49+00:00,Sensor_A,78.89
2023-10-01T01:46:50+00:00,Sensor_D,32.97
2023-10-01T01:46:51+00:00,Sensor_C,86.63
2023-10-01T01:46:52+00:00,Sensor_C,63.8
2023-10-01T01:46:53+00:00,Sensor_A,73.76
2023-10-01T01:46:54+00:00,Sensor_A,3.1415926535897932384
2023-10-01T01:46:55+00:00,Sensor_A,44.44
2023-10-01T01:46:56+00:00,Sensor_A,86.89
2023-10-01T01:46:57+00:00,Sensor_C,81.85
2023-10-01T01:46:58+00:00,Sensor_B,73.5
2023-10-01T01:46:59+00:00,Sensor_A,89.77
2023-10-01T01:47:00+00:00,Sensor_A,70.3
2023-10-01T01:47:01+00:00,Sensor_A,98.48
2023-10-01T01:47:02+00:00,Sensor_D,65.34
2023-10-01T01:47:03+00:00,Sensor_C,19.85
2023-10-01T01:47:04+00:00,Sensor_C,89.64
2023-10-01T01:47:05+00:00,Sensor_C,32.67
2023-10-01T01:47:06+00:00,Sensor_D,20.75
2023-10-01T01:47:07+00:00,Sensor_B,96.91
2023-10-01T01:47:08+00:00,Sensor_C,93.22
2023-10-01T01:47:09+00:00,Sensor_C,8.69
2023-10-01T01:47:10+00:00,Sensor_B,24.7
2023-10-01T01:47:11+00:00,Sensor_B,54.27
2023-10-01T01:47:12+00:00,Sensor_D,59.06
2023-10-01T01:47:13+00:00,Sensor_A,12.9
2023-10-01T01:47:14+00:00,Sensor_A,93.41
2023-10-01T01:47:15+00:00,Sensor_A,10.5.2.1
2023-10-01T01:47:16+00:00,Sensor_D,64.77
2023-10-01T01:47:17+00:00,Sensor_A,85.76
2023-10-01T01:47:18+00:00,Sensor_A,32.56
2023-10-01T01:47:19+00:00,Sensor_B,數值錯誤
2023-10-01T01:47:20+00:00,Sensor_B,17.76
2023-10-01T01:47:21+00:00,Sensor_C,58.03
2023-10-01T01:47:22+00:00,Sensor_D,96.93
2023-10-01T01:47:23+00:00,Sensor_B,50.83
2023-10-01T01:47:24+00:00,Sensor_B,73.2
2023-10-01T01:47:25+00:00,Sensor_C,28.62
2023-10-01T01:47:26+00:00,Sensor_B,13.91
2023-10-01T01:47:27+00:00,Sensor_B,3.1415926535897932384
2023-10-01T01:47:28+00:00,sénsor#@!,86.42
2023-10-01T01:47:29+00:00,Sensor_D,23.62
2023-10-01T01:47:30+00:00,Sensor_A,34.13
2023-10-01T01:47:31+00:00,Sensor_A,6.6
2023-10-01T01:47:32+00:00,Sensor_A,15.81
2023-10-01T01:47:33+00:00,Sensor_A,52.16
2023-10-01T01:47:34+00:00,Sensor_C,78.79
2023-10-01T01:47:35+00:00,Sensor_B,12.51
2023-10-01T01:47:36+00:00,Sensor_B,46.0
2023-10-01T01:47:37+00:00,Sensor_B,81.3
2023-10-01T01:47:38+00:00,Sensor_B,61.64
2023-10-01T01:47:39+00:00,Sensor_D,62.21
2023-10-01T01:47:40+00:00,Sensor_C,50.91
2023-10-01T01:47:41+00:00,Sensor_A,83.44
2023-10-01T01:47:42+00:00,Sensor_A,67.05
2023-10-01T01:47:43+00:00,Sensor_C,78.24
2023-10-01T01:47:44+00:00,Sensor_B,24.89
2023-10-01T01:47:45+00:00,Sensor_C,75.29
2023-10-01T01:47:46+00:00,Sensor_A,69.01
2023-10-01T01:47:47+00:00,Sensor_B,6.04
2023-10-01T01:47:48+00:00,Sensor_A,54.82
2023-10-01T01:47:49+00:00,Sensor_B,10.5.2.1
2023-10-01T01:47:50+00:00,Sensor_B,66.46
2023-10-01T01:47:51+00:00,Sensor_A,96.97
2023-10-01T01:47:52+00:00,Sensor_A,3.1415926535897932384
2023-10-01T01:47:53+00:00,Sensor_C,48.26
2023-10-01T01:47:54+00:00,Sensor_D,97.52
2023-10-01T01:47:55+00:00,Sensor_A,23.85
2023-10-01T01:47:56+00:00,Sensor_A,8.3
2023-10-01T01:47:57+00:00,Sensor_B,64.73
2023-10-01T01:47:58+00:00,Sensor_D,9.98
2023-10-01T01:47:59+00:00,Sensor_C,64.6
2023-10-01T01:48:00+00:00,Sensor_C,29.68
2023-10-01T01:48:01+00:00,Sensor_A,60.3
2023-10-01T01:48:02+00:00,Sensor_D,47.98
2023-10-01T01:48:03+00:00,Sensor_C,24.39
2023-10-01T01:48:04+00:00,Sensor_D,25.23
2023-10-01T01:48:05+00:00,Sensor_C,10.5.2.1
2023-10-01T01:48:06+00:00,Sensor_D,46.08
2023-10-01T01:48:07+00:00,Sensor_B,35.54
2023-10-01T01:48:08+00:00,Sensor_A,71.67
2023-10-01T01:48:09+00:00,Sensor_A,17.38
2023-10-01T01:48:10+00:00,Sensor_C,83.13
2023-10-01T01:48:11+00:00,Sensor_B,92.26
2023-10-01T01:48:12+00:00,Sensor_B,91.19
2023-10-01T01:48:13+00:00,Sensor_C,60.84
2023-10-01T01:48:14+00:00,Sensor_A,76.39
2023-10-01T01:48:15+00:00,Sensor_D,18.36
2023-10-01T01:48:16+00:00,Sensor_D,74.11
2023-10-01T01:48:17+00:00,Sensor_B,90.25
2023-10-01T01:48:18+00:00,Sensor_A,3.1415926535897932384
2023-10-01T01:48:19+00:00,Sensor_B,16.63
2023-10-01T01:48:20+00:00,Sensor_C,0.68
2023-10-01T01:48:21+00:00,Sensor_D,0.06
2023-10-01T01:48:22+00:00,Sensor_D,44.28
2023-10-01T01:48:23+00:00,Sensor_A,41.13
2023-10-01T01:48:24+00:00,Sensor_A,11.07
2023-10-01T01:48:25+00:00,Sensor_C,51.91
2023-10-01T01:48:26+00:00,Sensor_D,87.43
2023-10-01T01:48:27+00:00,Sensor_B,3.1415926535897932384
2023-10-01T01:48:28+00:00,Sensor_C,12.76
2023-10-01T01:48:29+00:00,Sensor_D,35.01
2023-10-01T01:48:30+00:00,Sensor_A,29.52
2023-10-01T01:48:31+00:00,Sensor_A,96.29
2023-10-01T01:48:32+00:00,Sensor_D,66.48
2023-10-01T01:48:33+00:00,Sensor_B,38.23
2023-10-01T01:48:34+00:00,Sensor_D,12.69
2023-10-01T01:48:35+00:00,Sensor_D,19.6
2023-10-01T01:48:36+00:00,Sensor_A,99.46
2023-10-01T01:48:37+00:00,Sensor_C,98.46
2023-10-01T01:48:38+00:00,Sensor_B,79.11
2023-10-01T01:48:39+00:00,Sensor_C,15.07
2023-10-01T01:48:40+00:00,Sensor_D,45.27
2023-10-01T01:48:41+00:00,Sensor_B,26.93
2023-10-01T01:48:42+00:00,Sensor_B,71.19
2023-10-01T01:48:43+00:00,Sensor_D,75.0
2023-10-01T01:48:44+00:00,Sensor_C,52.91
2023-10-01T01:48:45+00:00,Sensor_C,85.8
2023-10-01T01:48:46+00:00,Sensor_C,90.26
2023-10-01T01:48:47+00:00,Sensor_D,18.73
2023-10-01T01:48:48+00:00,Sensor_D,9.83
2023-10-01T01:48:49+00:00,Sensor_B,79.85
2023-10-01T01:48:50+00:00,Sensor_B,47.81
2023-10-01T01:48:51+00:00,Sensor_D,33.46
2023-10-01T01:48:52+00:00,Sensor_D,62.63
2023-10-01T01:48:53+00:00,Sensor_B,31.89
2023-10-01T01:48:54+00:00,Sensor_B,51.64
2023-10-01T01:48:55+00:00,Sensor_A,92.96
2023-10-01T01:48:56+00:00,Sensor_D,44.73
2023-10-01T01:48:57+00:00,Sensor_C,44.43
2023-10-01T01:48:58+00:00,Sensor_B,46.83
2023-10-01T01:48:59+00:00,Sensor_B,22.26
2023-10-01T01:49:00+00:00,Sensor_C,12.72
2023-10-01T01:49:01+00:00,Sensor_C,26.05
2023-10-01T01:49:02+00:00,Sensor_C,21.03
2023-10-01T01:49:03+00:00,Sensor_C,14.42
2023-10-01T01:49:04+00:00,Sensor_A,32.81
2023-10-01T01:49:05+00:00,Sensor_D,21.77
2023-10-01T01:49:06+00:00,Sensor_D,0.82
2023-10-01T01:49:07+00:00,Sensor_A,3.1415926535897932384
2023-10-01T01:49:08+00:00,Sensor_C,17.67
2023-10-01T01:49:09+00:00,Sensor_C,13.98
2023-10-01T01:49:10+00:00,Sensor_A,24.16
2023-10-01T01:49:11+00:00,Sensor_C,56.65
2023-10-01T01:49:12+00:00,Sensor_D,3.11
2023-10-01T01:49:13+00:00,Sensor_D,38.79
2023-10-01T01:49:14+00:00,Sensor_A,91.78
2023-10-01T01:49:15+00:00,Sensor_D,93.14
2023-10-01T01:49:16+00:00,Sensor_B,63.11
2023-10-01T01:49:17+00:00,Sensor_A,26.52
2023-10-01T01:49:18+00:00,Sensor_A,not_a_number
2023-10-01T01:49:19+00:00,Sensor_D,46.47
2023-10-01T01:49:20+00:00,Sensor_C,74.8
2023-10-01T01:49:21+00:00,Sensor_A,28.26
2023-10-01T01:49:22+00:00,Sensor_C,45.54
2023-10-01T01:49:23+00:00,Sensor_A,3.1415926535897932384
2023-10-01T01:49:24+00:00,Sensor_C,30.4
2023-10-01T01:49:25+00:00,Sensor_C,62.35
2023-10-01T01:49:26+00:00,Sensor_A,20.64
2023-10-01T01:49:27+00:00,Sensor_C,61.43
2023-10-01T01:49:28+00:00,Sensor_D,29.23
2023-10-01T01:49:29+00:00,sénsor#@!,4.56
2023-10-01T01:49:30+00:00,Sensor_C,49.03
2023-10-01T01:49:31+00:00,Sensor_A,20.88
2023-10-01T01:49:32+00:00,Sensor_C,79.03
2023-10-01T01:49:33+00:00,Sensor_C,27.04
2023-10-01T01:49:34+00:00,Sensor_B,30.74
2023-10-01T01:49:35+00:00,Sensor_A,1.63
2023-10-01T01:49:36+00:00,Sensor_B,1.29
???,Sensor_D,60.76
2023-10-01T01:49:38+00:00,Sensor_B,25.67
2023-10-01T01:49:39+00:00,Sensor_D,5.77
2023-10-01T01:49:40+00:00,Sensor_A,68.86
2023-10-01T01:49:41+00:00,Sensor_B,16.98
2023-10-01T01:49:42+00:00,Sensor_A,5.5
2023-10-01T01:49:43+00:00,Sensor_B,0.91
2023-10-01T01:49:44+00:00,Sensor_A,77.11
2023-10-01T01:49:45+00:00,Sensor_A,88.43
2023-10-01T01:49:46+00:00,Sensor_B,2.89
2023-10-01T01:49:47+00:00,Sensor_B,96.5
2023-10-01T01:49:48+00:00,Sensor_B,89.01
2023-10-01T01:49:49+00:00,Sensor_D,52.76
2023-10-01T01:49:50+00:00,Sensor_A,10.5.2.1
2023-10-01T01:49:51+00:00,Sensor_C,57.32
2023-10-01T01:49:52+00:00,Sensor_C,29.65
2023-10-01T01:49:53+00:00,Sensor_A,23.96
2023-10-01T01:49:54+00:00,Sensor_D,40.44
2023-10-01T01:49:55+00:00,Sensor_A,77.18
2023-10-01T01:49:56+00:00,Sensor_B,97.76
2023-10-01T01:49:57+00:00,Sensor_D,54.8
2023-10-01T01:49:58+00:00,Sensor_C,38.19
2023-10-01T01:49:59+00:00,Sensor_D,64.03
2023-10-01T01:50:00+00:00,Sensor_A,31.08
2023-10-01T01:50:01+00:00,Sensor_D,60.32
2023-10-01T01:50:02+00:00,Sensor_D,13.23
2023-10-01T01:50:03+00:00,Sensor_A,0.58
2023-10-01T01:50:04+00:00,Sensor_B,38.14
2023-10-01T01:50:05+00:00,Sensor_A,57.62
2023-10-01T01:50:06+00:00,Sensor_D,44.77
2023-10-01T01:50:07+00:00,Sensor_C,72.66
2023-10-01T01:50:08+00:00,Sensor_C,31.41
2023-10-01T01:50:09+00:00,Sensor_D,15.18
2023-10-01T01:50:10+00:00,Sensor_C,95.95
2023-10-01T01:50:11+00:00,Sensor_C,70.96
2023-10-01T01:50:12+00:00,Sensor_A,64.7
2023-10-01T01:50:13+00:00,Sensor_B,12.37
2023-10-01T01:50:14+00:00,Sensor_C,25.34
2023-10-01T01:50:15+00:00,Sensor_D,60.91
2023-10-01T01:50:16+00:00,Sensor_B,33.37
2023-10-01T01:50:17+00:00,Sensor_B,64.57
2023-10-01T01:50:18+00:00,Sensor_C,57.22
2023-10-01T01:50:19+00:00,Sensor_C,92.97
2023-10-01T01:50:20+00:00,Sensor_C,20.44
2023-10-01T01:50:21+00:00,Sensor_D,40.18
2023-10-01T01:50:22+00:00,Sensor_C,39.97
2023-10-01T01:50:23+00:00,Sensor_D,28.49
2023-10-01T01:50:24+00:00,Sensor_C,87.31
2023-10-01T01:50:25+00:00,Sensor_B,35.35
2023-10-01T01:50:26+00:00,Sensor_A,79.42
2023-10-01T01:50:27+00:00,Sensor_A,64.06
2023-10-01T01:50:28+00:00,Sensor_D,27.54
2023-10-01T01:50:29+00:00,Sensor_A,68.32
2023-10-01T01:50:30+00:00,Sensor_A,24.5
2023-10-01T01:50:31+00:00,Sensor_D,93.08
2023-10-01T01:50:32+00:00,Sensor_D,71.33
2023-10-01T01:50:33+00:00,Sensor_C,40.2
2023-10-01T01:50:34+00:00,Sensor_D,94.71
2023-10-01T01:50:35+00:00,Sensor_D,26.4
2023-10-01T01:50:36+00:00,Sensor_D,77.19
2023-10-01T01:50:37+00:00,Sensor_C,10.82
2023-10-01T01:50:38+00:00,Sensor_B,80.81
2023-10-01T01:50:39+00:00,Sensor_B,12.8
2023-10-01T01:50:40+00:00,Sensor_D,90.36
2023-10-01T01:50:41+00:00,Sensor_A,59.39
2023-10-01T01:50:42+00:00,Sensor_B,36.97
2023-10-01T01:50:43+00:00,Sensor_A,16.82
2023-10-01T01:50:44+00:00,Sensor_B,9.63
2023-10-01T01:50:45+00:00,Sensor_D,67.09
2023-10-01T01:50:46+00:00,Sensor_D,91.17
2023-10-01T01:50:47+00:00,Sensor_C,10.5.2.1
2023-10-01T01:50:48+00:00,Sensor_A,79.19
2023-10-01T01:50:49+00:00,Sensor_B,32.03
2023-10-01T01:50:50+00:00,Sensor_A,72.12
2023-10-01T01:50:51+00:00,Sensor_D,31.15
2023-10-01T01:50:52+00:00,Sensor_A,81.29
2023-10-01T01:50:53+00:00,Sensor_A,97.08
2023-10-01T01:50:54+00:00,Sensor_A,27.11
2023-10-01T01:50:55+00:00,Sensor_C,1.71
2023-10-01T01:50:56+00:00,Sensor_D,36.9
2023-10-01T01:50:57+00:00,Sensor_A,7.91
2023-10-01T01:50:58+00:00,Sensor_A,17.52
2023-10-01T01:50:59+00:00,Sensor_C,33.94
2023-10-01T01:51:00+00:00,Sensor_B,5.72
2023-10-01T01:51:01+00:00,Sensor_B,ABC
2023-10-01T01:51:02+00:00,Sensor_A,27.12
2023-10-01T01:51:03+00:00,Sensor_B,77.03
2023-10-01T01:51:04+00:00,Sensor_C,31.53
2023-10-01T01:51:05+00:00,Sensor_B,95.71
2023-10-01T01:51:06+00:00,Sensor_D,ABC
2023-10-01T01:51:07+00:00,Sensor_B,48.21
2023-10-01T01:51:08+00:00,Sensor_B,24.8
時間錯誤,Sensor_C,48.33
2023-10-01T01:51:10+00:00,Sensor_B,15.71
2023-10-01T01:51:11+00:00,Sensor_C,58.47
2023-10-01T01:51:12+00:00,Sensor_C,1.95
2023-10-01T01:51:13+00:00,Sensor_A,74.88
2023-10-01T01:51:14+00:00,Sensor_B,57.22
2023-10-01T01:51:15+00:00,Sensor_C,47.67
2023-10-01T01:51:16+00:00,Sensor_B,13.4
2023-10-01T01:51:17+00:00,Sensor_D,98.79
2023-10-01T01:51:18+00:00,Sensor_C,76.88
2023-10-01T01:51:19+00:00,Sensor_C,5.92
2023-10-01T01:51:20+00:00,센서_A,56.37
2023-10-01T01:51:21+00:00,Sensor_D,88.43
2023-10-01T01:51:22+00:00,Sensor_C,14.1
2023-10-01T01:51:23+00:00,Sensor_A,29.98
2023-10-01T01:51:24+00:00,Sensor_D,23.21
2023-10-01T01:51:25+00:00,Sensor_A,38.6
2023-10-01T01:51:26+00:00,Sensor_B,76.01
2023-10-01T01:51:27+00:00,Sensor_C,86.57
2023-10-01T01:51:28+00:00,Sensor_A,71.9
2023-10-01T01:51:29+00:00,Sensor_D,58.23
2023-10-01T01:51:30+00:00,Sensor_A,92.2
2023-10-01T01:51:31+00:00,Sensor_C,93.43
2023-10-01T01:51:32+00:00,Sensor_B,28.59
2023-10-01T01:51:33+00:00,Sensor_A,87.16
2023-10-01T01:51:34+00:00,Sensor_D,40.77
2023-10-01T01:51:35+00:00,Sensor_D,81.09
2023-10-01T01:51:36+00:00,Sensor_A,18.63
2023-10-01T01:51:37+00:00,Sensor_A,40.34
2023-10-01T01:51:38+00:00,Sensor_D,9.64
2023-10-01T01:51:39+00:00,Sensor_C,40.7
2023-10-01T01:51:40+00:00,Sensor_A,17.89
2023-10-01T01:51:41+00:00,Sensor_C,64.77
2023-10-01T01:51:42+00:00,Sensor_A,30.54
2023-10-01T01:51:43+00:00,Sensor_C,4.71
2023-10-01T01:51:44+00:00,Sensor_D,37.68
2023-99-99,Sensor_A,87.0
2023-10-01T01:51:46+00:00,Sensor_A,94.47
2023-10-01T01:51:47+00:00,Sensor_A,3.1415926535897932384
2023-10-01T01:51:48+00:00,Sensor_C,66.45
2023-10-01T01:51:49+00:00,Sensor_A,33.31
2023-10-01T01:51:50+00:00,Sensor_D,75.88
2023-10-01T01:51:51+00:00,Sensor_C,36.87
2023-10-01T01:51:52+00:00,Sensor_D,26.04
2023-10-01T01:51:53+00:00,Sensor_D,98.95
2023-10-01T01:51:54+00:00,Sensor_D,79.54
2023-10-01T01:51:55+00:00,Sensor_B,10.81
2023-10-01T01:51:56+00:00,Sensor_A,44.78
2023-10-01T01:51:57+00:00,Sensor_D,25.47
2023-10-01T01:51:58+00:00,Sensor_D,76.72
2023-10-01T01:51:59+00:00,センサー_1,96.38
2023-10-01T01:52:00+00:00,Sensor_A,89.95
2023-10-01T01:52:01+00:00,Sensor_C,53.8
2023-10-01T01:52:02+00:00,Sensor_D,21.64
2023-10-01T01:52:03+00:00,Sensor_A,7.59
2023-10-01T01:52:04+00:00,Sensor_C,84.02
2023-10-01T01:52:05+00:00,Sensor_D,10.5.2.1
2023-10-01T01:52:06+00:00,Sensor_C,44.24
2023-10-01T01:52:07+00:00,Sensor_C,87.66
2023-10-01T01:52:08+00:00,Sensor_C,22.47
2023-10-01T01:52:09+00:00,Sensor_C,4.68
2023-10-01T01:52:10+00:00,Sensor_A,2.05
2023-10-01T01:52:11+00:00,Sensor_C,72.73
2023-10-01T01:52:12+00:00,Sensor_A,29.75
2023-10-01T01:52:13+00:00,Sensor_B,26.42
2023-10-01T01:52:14+00:00,Sensor_D,95.55
2023-10-01T01:52:15+00:00,Sensor_B,54.14
2023-10-01T01:52:16+00:00,Sensor_B,48.61
2023-10-01T01:52:17+00:00,Sensor_A,5.15
2023-10-01T01:52:18+00:00,感測器甲,71.39
2023-10-01T01:52:19+00:00,感測器甲,41.34
2023-10-01T01:52:20+00:00,Sensor_A,88.87
2023-10-01T01:52:21+00:00,Sensor_C,74.54
invalid_time,Sensor_D,60.05
2023-10-01T01:52:23+00:00,Sensor_C,14.97
2023-10-01T01:52:24+00:00,Sensor_C,34.17
2023-10-01T01:52:25+00:00,Sensor_C,15.2
2023-10-01T01:52:26+00:00,Sensor_D,35.15
2023-10-01T01:52:27+00:00,Sensor_B,90.75
2023-10-01T01:52:28+00:00,Sensor_A,41.67
2023-10-01T01:52:29+00:00,Sensor_A,84.84
2023-10-01T01:52:30+00:00,Sensor_A,84.85
2023-10-01T01:52:31+00:00,Sensor_A,55.23
2023-10-01T01:52:32+00:00,Sensor_B,12.28
2023-10-01T01:52:33+00:00,Sensor_D,91.28
2023-10-01T01:52:34+00:00,Sensor_A,47.87
2023-10-01T01:52:35+00:00,Sensor_C,91.43
2023-10-01T01:52:36+00:00,Sensor_A,36.75
2023-10-01T01:52:37+00:00,Sensor_C,57.55
2023-10-01T01:52:38+00:00,Sensor_C,58.62
2023-10-01T01:52:39+00:00,Sensor_D,71.17
2023-10-01T01:52:40+00:00,Sensor_D,8.87
2023-10-01T01:52:41+00:00,Sensor_C,13.49
時間錯誤,Sensor_C,48.7
2023-10-01T01:52:43+00:00,Sensor_D,68.39
2023-10-01T01:52:44+00:00,Sensor_B,數值錯誤
2023-10-01T01:52:45+00:00,Sensor_C,85.72
2023-10-01T01:52:46+00:00,Sensor_D,44.73
2023-10-01T01:52:47+00:00,Sensor_B,39.75
2023-10-01T01:52:48+00:00,Sensor_B,75.06
時間錯誤,Sensor_A,19.51
2023-10-01T01:52:50+00:00,Sensor_A,62.56
2023-10-01T01:52:51+00:00,Sensor_A,74.74
2023-10-01T01:52:52+00:00,Sensor_C,14.26
2023-10-01T01:52:53+00:00,Sensor_D,69.1
2023-10-01T01:52:54+00:00,Sensor_A,7.78
2023-10-01T01:52:55+00:00,Sensor_A,3.1415926535897932384
2023-10-01T01:52:56+00:00,Sensor_C,50.21
2023-10-01T01:52:57+00:00,Sensor_A,38.8
2023-10-01T01:52:58+00:00,Sensor_D,82.16
2023-10-01T01:52:59+00:00,Sensor_A,23.02
2023-10-01T01:53:00+00:00,Sensor_A,41.19
2023-10-01T01:53:01+00:00,Sensor_A,65.79
2023-10-01T01:53:02+00:00,Sensor_B,5.52
2023-10-01T01:53:03+00:00,Sensor_B,47.21
2023-10-01T01:53:04+00:00,Sensor_C,48.16
2023-10-01T01:53:05+00:00,Sensor_A,26.09
2023-10-01T01:53:06+00:00,Sensor_A,11.54
2023-10-01T01:53:07+00:00,Sensor_C,47.96
2023-10-01T01:53:08+00:00,Sensor_C,36.78
invalid_time,Sensor_B,59.01
2023-10-01T01:53:10+00:00,Sensor_A,34.73
2023-10-01T01:53:11+00:00,Sensor_D,70.97
2023-10-01T01:53:12+00:00,Sensor_C,56.99
2023-10-01T01:53:13+00:00,Sensor_D,14.04
2023-10-01T01:53:14+00:00,Sensor_C,3.1415926535897932384
2023-10-01T01:53:15+00:00,Sensor_A,64.91
2023-10-01T01:53:16+00:00,Sensor_B,72.69
2023-10-01T01:53:17+00:00,Sensor_A,94.63
2023-10-01T01:53:18+00:00,Sensor_A,95.06
2023-10-01T01:53:19+00:00,Sensor_A,9.75
2023-10-01T01:53:20+00:00,Sensor_A,69.61
2023-10-01T01:53:21+00:00,Sensor_C,20.18
2023-10-01T01:53:22+00:00,Sensor_A,85.23
2023-10-01T01:53:23+00:00,Sensor_B,57.34
2023-10-01T01:53:24+00:00,Sensor_C,13.01
2023-10-01T01:53:25+00:00,센서_A,6.06
2023-10-01T01:53:26+00:00,Sensor_A,68.99
2023-10-01T01:53:27+00:00,Sensor_A,28.83
2023-10-01T01:53:28+00:00,Sensor_D,95.61
2023-10-01T01:53:29+00:00,Sensor_D,30.71
2023-10-01T01:53:30+00:00,Sensor_D,89.58
2023-10-01T01:53:31+00:00,Sensor_C,51.71
2023-10-01T01:53:32+00:00,Sensor_C,59.57
2023-10-01T01:53:33+00:00,Sensor_C,30.12
2023-10-01T01:53:34+00:00,Sensor_D,82.17
2023-10-01T01:53:35+00:00,Sensor_C,71.33
2023-10-01T01:53:36+00:00,Sensor_C,7.98
???,Sensor_B,81.42
2023-10-01T01:53:38+00:00,Sensor_D,25.85
2023-10-01T01:53:39+00:00,Sensor_C,6.82
2023-10-01T01:53:40+00:00,Sensor_D,28.63
2023-10-01T01:53:41+00:00,Sensor_D,ABC
2023-10-01T01:53:42+00:00,Sensor_A,54.94
2023-10-01T01:53:43+00:00,Sensor_C,77.52
2023-10-01T01:53:44+00:00,Sensor_B,ABC
2023-10-01T01:53:45+00:00,Sensor_A,70.03
2023-10-01T01:53:46+00:00,Sensor_B,37.6
2023-10-01T01:53:47+00:00,Sensor_A,29.96
2023-10-01T01:53:48+00:00,Sensor_C,60.07
2023-10-01T01:53:49+00:00,Sensor_D,48.2
2023-10-01T01:53:50+00:00,Sensor_B,19.36
2023-10-01T01:53:51+00:00,Sensor_B,61.58
2023-10-01T01:53:52+00:00,Sensor_A,58.33
2023-10-01T01:53:53+00:00,Sensor_C,34.1
2023-10-01T01:53:54+00:00,Sensor_B,97.67
2023-10-01T01:53:55+00:00,Sensor_C,73.18
2023-10-01T01:53:56+00:00,Sensor_A,69.69
2023-10-01T01:53:57+00:00,Sensor_A,6.17
2023-10-01T01:53:58+00:00,센서_A,52.68
2023-10-01T01:53:59+00:00,Sensor_C,23.58
2023-10-01T01:54:00+00:00,Sensor_B,27.44
???,Sensor_A,82.73
2023-10-01T01:54:02+00:00,Sensor_D,45.89
2023-10-01T01:54:03+00:00,Sensor_C,13.08
2023-10-01T01:54:04+00:00,Sensor_C,3.1415926535897932384
2023-10-01T01:54:05+00:00,Sensor_B,75.49
2023-10-01T01:54:06+00:00,Sensor_D,36.3
2023-10-01T01:54:07+00:00,Sensor_C,26.63
2023-10-01T01:54:08+00:00,Sensor_B,59.7
2023-10-01T01:54:09+00:00,Sensor_D,49.59
2023-10-01T01:54:10+00:00,Sensor_A,52.29
2023-10-01T01:54:11+00:00,Sensor_A,36.69
2023-10-01T01:54:12+00:00,Sensor_C,99.55
2023-10-01T01:54:13+00:00,Sensor_D,88.57
2023-10-01T01:54:14+00:00,Sensor_A,62.98
2023-10-01T01:54:15+00:00,Sensor_C,27.0
2023-10-01T01:54:16+00:00,Sensor_A,96.62
2023-10-01T01:54:17+00:00,Sensor_A,25.83
2023-10-01T01:54:18+00:00,Sensor_C,15.01
2023-10-01T01:54:19+00:00,Sensor_A,13.29
invalid_time,Sensor_A,1.66
2023-10-01T01:54:21+00:00,Sensor_A,13.33
2023-10-01T01:54:22+00:00,Sensor_D,46.94
2023-10-01T01:54:23+00:00,Sensor_B,31.59
2023-10-01T01:54:24+00:00,Sensor_D,56.75
2023-10-01T01:54:25+00:00,Sensor_C,30.33
2023-10-01T01:54:26+00:00,Sensor_A,37.05
2023-10-01T01:54:27+00:00,感測器甲,85.53
2023-10-01T01:54:28+00:00,Sensor_D,59.61
2023-10-01T01:54:29+00:00,Sensor_D,18.18
2023-10-01T01:54:30+00:00,Sensor_A,81.44
2023-10-01T01:54:31+00:00,Sensor_A,31.0
2023-10-01T01:54:32+00:00,Sensor_C,72.72
2023-10-01T01:54:33+00:00,Sensor_D,80.0
2023-10-01T01:54:34+00:00,Sensor_B,3.1415926535897932384
2023-10-01T01:54:35+00:00,Sensor_B,1.26
2023-10-01T01:54:36+00:00,Sensor_B,7.6
2023-10-01T01:54:37+00:00,Sensor_B,20.24
2023-10-01T01:54:38+00:00,Sensor_A,20.51
2023-10-01T01:54:39+00:00,Sensor_A,57.69
2023-99-99,Sensor_D,11.22
2023-10-01T01:54:41+00:00,Sensor_A,80.4
2023-10-01T01:54:42+00:00,Sensor_C,61.99
2023-10-01T01:54:43+00:00,Sensor_D,65.88
2023-10-01T01:54:44+00:00,Sensor_B,81.46
2023-10-01T01:54:45+00:00,Sensor_A,92.2
2023-10-01T01:54:46+00:00,Sensor_C,44.62
2023-10-01T01:54:47+00:00,Sensor_A,65.4
2023-10-01T01:54:48+00:00,Sensor_A,85.24
2023-10-01T01:54:49+00:00,Sensor_B,43.75
2023-10-01T01:54:50+00:00,Sensor_A,3.1415926535897932384
2023-10-01T01:54:51+00:00,Sensor_B,19.86
2023-10-01T01:54:52+00:00,Sensor_B,52.57
時間錯誤,Sensor_A,88.45
2023-10-01T01:54:54+00:00,Sensor_B,72.43
2023-10-01T01:54:55+00:00,Sensor_D,22.68
2023-10-01T01:54:56+00:00,Sensor_C,15.63
2023-10-01T01:54:57+00:00,Sensor_B,13.25
2023-10-01T01:54:58+00:00,Sensor_D,10.48
2023-10-01T01:54:59+00:00,Sensor_B,16.26
2023-10-01T01:55:00+00:00,Sensor_D,88.62
2023-10-01T01:55:01+00:00,Sensor_A,59.01
2023-10-01T01:55:02+00:00,Sensor_A,10.5.2.1
2023-10-01T01:55:03+00:00,Sensor_B,74.27
2023-10-01T01:55:04+00:00,Sensor_D,4.94
2023-10-01T01:55:05+00:00,Sensor_D,92.71
2023-10-01T01:55:06+00:00,Sensor_B,54.24
2023-10-01T01:55:07+00:00,Sensor_D,8.0
2023-10-01T01:55:08+00:00,Sensor_B,38.26
2023-10-01T01:55:09+00:00,Sensor_B,81.85
2023-10-01T01:55:10+00:00,Sensor_B,39.17
2023-10-01T01:55:11+00:00,Sensor_B,79.54
2023-10-01T01:55:12+00:00,Sensor_D,61.42
2023-10-01T01:55:13+00:00,Sensor_D,34.57
2023-10-01T01:55:14+00:00,Sensor_D,69.78
2023-10-01T01:55:15+00:00,Sensor_B,數值錯誤
2023-10-01T01:55:16+00:00,Sensor_A,4.11
2023-10-01T01:55:17+00:00,Sensor_C,45.45
2023-10-01T01:55:18+00:00,Sensor_A,65.13
2023-10-01T01:55:19+00:00,Sensor_D,56.85
2023-10-01T01:55:20+00:00,Sensor_C,79.71
2023-10-01T01:55:21+00:00,Sensor_C,97.71
2023-10-01T01:55:22+00:00,Sensor_B,3.1415926535897932384
2023-10-01T01:55:23+00:00,Sensor_D,70.07
2023-10-01T01:55:24+00:00,Sensor_A,20.4
2023-10-01T01:55:25+00:00,Sensor_B,79.38
2023-10-01T01:55:26+00:00,Sensor_A,10.5.2.1
2023-10-01T01:55:27+00:00,Sensor_D,17.5
2023-10-01T01:55:28+00:00,Sensor_A,55.11
2023-10-01T01:55:29+00:00,Sensor_B,87.5
2023-10-01T01:55:30+00:00,Sensor_B,91.43
2023-10-01T01:55:31+00:00,Sensor_A,58.39
2023-10-01T01:55:32+00:00,Sensor_D,39.13
2023-10-01T01:55:33+00:00,Sensor_C,96.28
2023-10-01T01:55:34+00:00,Sensor_C,7.65
2023-99-99,Sensor_A,14.98
2023-10-01T01:55:36+00:00,Sensor_A,51.2
2023-10-01T01:55:37+00:00,Sensor_C,51.9
2023-10-01T01:55:38+00:00,Sensor_B,88.94
???,Sensor_B,25.07
2023-10-01T01:55:40+00:00,Sensor_A,33.91
2023-10-01T01:55:41+00:00,Sensor_D,72.07
2023-10-01T01:55:42+00:00,Sensor_D,89.79
2023-10-01T01:55:43+00:00,Sensor_D,55.58
2023-10-01T01:55:44+00:00,Sensor_A,87.39
2023-10-01T01:55:45+00:00,Sensor_D,44.7
2023-10-01T01:55:46+00:00,Sensor_C,9.12
2023-10-01T01:55:47+00:00,Sensor_C,22.85
2023-10-01T01:55:48+00:00,Sensor_D,62.92
2023-10-01T01:55:49+00:00,Sensor_A,ABC
2023-10-01T01:55:50+00:00,Sensor_C,3.1415926535897932384
2023-10-01T01:55:51+00:00,Sensor_B,12.7
2023-10-01T01:55:52+00:00,Sensor_A,34.21
2023-10-01T01:55:53+00:00,Sensor_B,83.35
2023-10-01T01:55:54+00:00,Sensor_A,57.77
2023-10-01T01:55:55+00:00,Sensor_C,53.6
2023-10-01T01:55:56+00:00,Sensor_C,50.27
2023-10-01T01:55:57+00:00,Sensor_D,21.82
2023-10-01T01:55:58+00:00,Sensor_D,91.26
2023-10-01T01:55:59+00:00,Sensor_D,93.12
2023-10-01T01:56:00+00:00,Sensor_A,13.43
2023-10-01T01:56:01+00:00,Sensor_D,75.24
2023-10-01T01:56:02+00:00,Sensor_B,83.43
2023-10-01T01:56:03+00:00,🔥Sensor,39.5
2023-10-01T01:56:04+00:00,Sensor_B,88.35
2023-10-01T01:56:05+00:00,Sensor_B,1.63
2023-10-01T01:56:06+00:00,Sensor_A,13.71
2023-10-01T01:56:07+00:00,Sensor_D,79.87
2023-10-01T01:56:08+00:00,Sensor_D,3.1415926535897932384
2023-10-01T01:56:09+00:00,Sensor_A,2.11
2023-10-01T01:56:10+00:00,Sensor_A,3.1415926535897932384
2023-10-01T01:56:11+00:00,Sensor_C,10.5.2.1
2023-10-01T01:56:12+00:00,Sensor_C,79.91
2023-10-01T01:56:13+00:00,Sensor_B,51.95
2023-10-01T01:56:14+00:00,센서_A,63.05
2023-10-01T01:56:15+00:00,Sensor_A,41.94
2023-10-01T01:56:16+00:00,Sensor_D,44.86
2023-10-01T01:56:17+00:00,Sensor_B,54.84
2023-10-01T01:56:18+00:00,Sensor_D,53.35
2023-10-01T01:56:19+00:00,Sensor_A,35.73
2023-10-01T01:56:20+00:00,Sensor_C,97.9
2023-10-01T01:56:21+00:00,Sensor_C,69.96
2023-10-01T01:56:22+00:00,Sensor_D,99.62
2023-10-01T01:56:23+00:00,Sensor_D,54.68
2023-10-01T01:56:24+00:00,Sensor_D,85.19
2023-10-01T01:56:25+00:00,Sensor_B,91.52
2023-10-01T01:56:26+00:00,Sensor_A,4.62
2023-10-01T01:56:27+00:00,Sensor_C,60.17
2023-10-01T01:56:28+00:00,Sensor_A,39.62
2023-10-01T01:56:29+00:00,Sensor_D,31.03
2023-10-01T01:56:30+00:00,Sensor_B,75.65
2023-10-01T01:56:31+00:00,Sensor_B,55.72
2023-10-01T01:56:32+00:00,Sensor_C,32.99
2023-10-01T01:56:33+00:00,Sensor_B,90.41
2023-10-01T01:56:34+00:00,Sensor_A,34.22
2023-10-01T01:56:35+00:00,Sensor_D,32.9
2023-10-01T01:56:36+00:00,Sensor_A,71.92
2023-10-01T01:56:37+00:00,Sensor_B,19.11
2023-10-01T01:56:38+00:00,Sensor_C,10.46
2023-10-01T01:56:39+00:00,Sensor_A,87.74
2023-10-01T01:56:40+00:00,Sensor_A,72.77
2023-10-01T01:56:41+00:00,Sensor_A,62.9
2023-10-01T01:56:42+00:00,Sensor_C,81.79
2023-10-01T01:56:43+00:00,Sensor_A,40.13
2023-10-01T01:56:44+00:00,Sensor_C,3.34
2023-10-01T01:56:45+00:00,Sensor_C,89.42
2023-10-01T01:56:46+00:00,Sensor_A,52.31
2023-10-01T01:56:47+00:00,Sensor_D,51.58
2023-10-01T01:56:48+00:00,Sensor_C,65.78
2023-10-01T01:56:49+00:00,Sensor_D,55.47
2023-10-01T01:56:50+00:00,Sensor_C,59.93
2023-10-01T01:56:51+00:00,Sensor_C,81.48
2023-10-01T01:56:52+00:00,Sensor_C,59.34
2023-10-01T01:56:53+00:00,Sensor_A,39.36
2023-10-01T01:56:54+00:00,Sensor_C,42.55
2023-10-01T01:56:55+00:00,Sensor_D,74.95
2023-10-01T01:56:56+00:00,Sensor_B,57.45
2023-10-01T01:56:57+00:00,Sensor_C,49.42
2023-10-01T01:56:58+00:00,Sensor_C,76.56
2023-10-01T01:56:59+00:00,Sensor_B,66.15
2023-10-01T01:57:00+00:00,Sensor_A,8.07
2023-10-01T01:57:01+00:00,Sensor_D,36.04
2023-10-01T01:57:02+00:00,Sensor_A,25.05
2023-10-01T01:57:03+00:00,Sensor_D,87.92
invalid_time,Sensor_B,1.26
2023-10-01T01:57:05+00:00,Sensor_C,65.94
2023-10-01T01:57:06+00:00,Sensor_C,34.82
2023-10-01T01:57:07+00:00,Sensor_D,5.28
2023-10-01T01:57:08+00:00,Sensor_A,43.17
2023-10-01T01:57:09+00:00,Sensor_D,9.27
2023-10-01T01:57:10+00:00,Sensor_C,33.05
2023-10-01T01:57:11+00:00,Sensor_C,42.22
2023-10-01T01:57:12+00:00,Sensor_C,69.04
2023-10-01T01:57:13+00:00,Sensor_A,86.15
2023-10-01T01:57:14+00:00,Sensor_B,82.07
2023-10-01T01:57:15+00:00,Sensor_A,31.82
2023-10-01T01:57:16+00:00,Sensor_C,55.53
2023-10-01T01:57:17+00:00,感測器甲,21.39
2023-10-01T01:57:18+00:00,Sensor_B,73.49
2023-10-01T01:57:19+00:00,Sensor_D,38.18
2023-10-01T01:57:20+00:00,Sensor_B,32.92
2023-10-01T01:57:21+00:00,Sensor_C,31.47
invalid_time,Sensor_D,3.1
2023-10-01T01:57:23+00:00,Sensor_C,42.78
2023-10-01T01:57:24+00:00,Sensor_D,6.26
2023-10-01T01:57:25+00:00,Sensor_B,0.03
2023-10-01T01:57:26+00:00,Sensor_D,71.24
???,Sensor_D,3.8
2023-10-01T01:57:28+00:00,Sensor_A,12.18
時間錯誤,Sensor_D,31.09
2023-10-01T01:57:30+00:00,Sensor_D,55.5
2023-10-01T01:57:31+00:00,Sensor_C,44.77
2023-10-01T01:57:32+00:00,Sensor_C,10.52
2023-10-01T01:57:33+00:00,Sensor_A,66.26
2023-10-01T01:57:34+00:00,Sensor_D,0.55
2023-10-01T01:57:35+00:00,Sensor_C,27.67
2023-10-01T01:57:36+00:00,Sensor_C,73.86
2023-10-01T01:57:37+00:00,Sensor_D,4.99
2023-10-01T01:57:38+00:00,Sensor_B,6.43
2023-10-01T01:57:39+00:00,Sensor_C,96.45
2023-10-01T01:57:40+00:00,Sensor_D,30.61
2023-10-01T01:57:41+00:00,Sensor_A,30.33
時間錯誤,Sensor_C,25.7
2023-10-01T01:57:43+00:00,Sensor_C,52.98
2023-10-01T01:57:44+00:00,Sensor_C,35.37
2023-10-01T01:57:45+00:00,Sensor_A,41.58
2023-10-01T01:57:46+00:00,Sensor_A,79.82
2023-10-01T01:57:47+00:00,Sensor_B,44.2
2023-10-01T01:57:48+00:00,Sensor_B,31.15
2023-10-01T01:57:49+00:00,Sensor_C,62.84
2023-10-01T01:57:50+00:00,Sensor_A,36.39
2023-10-01T01:57:51+00:00,Sensor_B,79.24
2023-10-01T01:57:52+00:00,Sensor_C,2.27
2023-10-01T01:57:53+00:00,Sensor_A,12.79
2023-10-01T01:57:54+00:00,Sensor_A,31.56
2023-10-01T01:57:55+00:00,Sensor_C,79.3
2023-10-01T01:57:56+00:00,Sensor_C,74.85
2023-10-01T01:57:57+00:00,Sensor_D,72.47
2023-10-01T01:57:58+00:00,Sensor_B,10.98
2023-10-01T01:57:59+00:00,Sensor_B,30.96
2023-10-01T01:58:00+00:00,Sensor_B,20.5
2023-10-01T01:58:01+00:00,Sensor_A,52.37
2023-10-01T01:58:02+00:00,Sensor_B,44.43
2023-10-01T01:58:03+00:00,Sensor_C,19.82
2023-10-01T01:58:04+00:00,Sensor_C,49.41
2023-10-01T01:58:05+00:00,Sensor_D,20.21
2023-10-01T01:58:06+00:00,Sensor_A,18.73
2023-10-01T01:58:07+00:00,Sensor_D,66.66
2023-10-01T01:58:08+00:00,Sensor_A,21.92
2023-10-01T01:58:09+00:00,Sensor_C,37.09
2023-10-01T01:58:10+00:00,Sensor_B,81.8
2023-10-01T01:58:11+00:00,Sensor_C,49.98
2023-10-01T01:58:12+00:00,Sensor_B,63.29
2023-10-01T01:58:13+00:00,Sensor_C,92.83
2023-10-01T01:58:14+00:00,🔥Sensor,96.87
2023-10-01T01:58:15+00:00,Sensor_C,85.81
2023-10-01T01:58:16+00:00,Sensor_D,ABC
2023-10-01T01:58:17+00:00,Sensor_D,75.79
2023-10-01T01:58:18+00:00,Sensor_A,83.63
2023-10-01T01:58:19+00:00,Sensor_A,ABC
2023-10-01T01:58:20+00:00,Sensor_D,7.38
2023-10-01T01:58:21+00:00,Sensor_A,57.07
2023-10-01T01:58:22+00:00,Sensor_D,32.34
2023-10-01T01:58:23+00:00,Sensor_C,80.91
2023-10-01T01:58:24+00:00,Sensor_C,24.23
2023-10-01T01:58:25+00:00,Sensor_A,64.64
2023-10-01T01:58:26+00:00,Sensor_D,54.47
2023-10-01T01:58:27+00:00,Sensor_A,87.52
2023-10-01T01:58:28+00:00,Sensor_C,56.43
2023-10-01T01:58:29+00:00,Sensor_A,86.48
2023-10-01T01:58:30+00:00,Sensor_A,9.67
2023-10-01T01:58:31+00:00,Sensor_A,72.67
2023-10-01T01:58:32+00:00,Sensor_A,90.49
2023-10-01T01:58:33+00:00,Sensor_D,82.47
2023-10-01T01:58:34+00:00,Sensor_B,5.88
2023-10-01T01:58:35+00:00,Sensor_B,10.5.2.1
2023-10-01T01:58:36+00:00,Sensor_C,54.53
2023-10-01T01:58:37+00:00,Sensor_C,71.0
2023-10-01T01:58:38+00:00,Sensor_D,41.98
2023-10-01T01:58:39+00:00,Sensor_C,10.5.2.1
2023-10-01T01:58:40+00:00,Sensor_D,84.88
2023-10-01T01:58:41+00:00,Sensor_A,35.08
2023-10-01T01:58:42+00:00,感測器甲,94.28
2023-10-01T01:58:43+00:00,Sensor_A,73.05
2023-10-01T01:58:44+00:00,Sensor_D,13.24
2023-10-01T01:58:45+00:00,Sensor_D,21.33
invalid_time,Sensor_C,69.27
2023-10-01T01:58:47+00:00,Sensor_C,83.63
2023-10-01T01:58:48+00:00,Sensor_C,50.06
2023-10-01T01:58:49+00:00,Sensor_A,數值錯誤
2023-10-01T01:58:50+00:00,Sensor_A,31.28
2023-10-01T01:58:51+00:00,Sensor_A,20.61
2023-10-01T01:58:52+00:00,Sensor_B,63.19
2023-10-01T01:58:53+00:00,Sensor_A,48.38
2023-10-01T01:58:54+00:00,Sensor_A,34.66
2023-10-01T01:58:55+00:00,Sensor_C,30.11
2023-10-01T01:58:56+00:00,Sensor_B,2.43
2023-10-01T01:58:57+00:00,Sensor_C,99.42
2023-10-01T01:58:58+00:00,Sensor_C,90.58
2023-10-01T01:58:59+00:00,Sensor_B,73.05
2023-10-01T01:59:00+00:00,Sensor_C,18.94
2023-10-01T01:59:01+00:00,Sensor_A,81.32
2023-10-01T01:59:02+00:00,Sensor_B,8.87
2023-10-01T01:59:03+00:00,Sensor_A,14.72
2023-10-01T01:59:04+00:00,Sensor_B,46.77
2023-10-01T01:59:05+00:00,Sensor_B,60.04
2023-10-01T01:59:06+00:00,Sensor_C,86.0
2023-10-01T01:59:07+00:00,Sensor_B,70.95
2023-10-01T01:59:08+00:00,Sensor_A,64.54
2023-10-01T01:59:09+00:00,Sensor_C,10.5.2.1
2023-10-01T01:59:10+00:00,Sensor_B,53.7
2023-10-01T01:59:11+00:00,Sensor_A,94.13
2023-10-01T01:59:12+00:00,Sensor_A,75.85
2023-10-01T01:59:13+00:00,Sensor_B,71.49
2023-10-01T01:59:14+00:00,Sensor_A,53.53
2023-10-01T01:59:15+00:00,Sensor_C,53.82
2023-10-01T01:59:16+00:00,Sensor_D,45.42
2023-10-01T01:59:17+00:00,Sensor_A,51.2
2023-10-01T01:59:18+00:00,Sensor_A,96.21
2023-10-01T01:59:19+00:00,Sensor_C,3.1415926535897932384
2023-10-01T01:59:20+00:00,Sensor_D,87.23
2023-10-01T01:59:21+00:00,Sensor_D,0.11
2023-10-01T01:59:22+00:00,Sensor_A,99.07
2023-10-01T01:59:23+00:00,Sensor_A,80.41
2023-10-01T01:59:24+00:00,Sensor_A,數值錯誤
invalid_time,Sensor_A,90.6
2023-10-01T01:59:26+00:00,Sensor_A,44.33
2023-10-01T01:59:27+00:00,Sensor_B,20.45
2023-10-01T01:59:28+00:00,Sensor_D,99.94
2023-10-01T01:59:29+00:00,Sensor_C,27.13
2023-10-01T01:59:30+00:00,Sensor_D,73.27
2023-10-01T01:59:31+00:00,Sensor_B,30.18
2023-10-01T01:59:32+00:00,Sensor_B,29.4
2023-10-01T01:59:33+00:00,Sensor_A,53.74
2023-10-01T01:59:34+00:00,Sensor_B,18.43
2023-10-01T01:59:35+00:00,Sensor_C,29.59
2023-10-01T01:59:36+00:00,Sensor_C,66.62
2023-10-01T01:59:37+00:00,Sensor_C,32.74
2023-10-01T01:59:38+00:00,Sensor_C,5.0
2023-10-01T01:59:39+00:00,Sensor_D,88.05
2023-10-01T01:59:40+00:00,Sensor_C,54.61
2023-10-01T01:59:41+00:00,Sensor_D,25.44
2023-10-01T01:59:42+00:00,Sensor_B,97.09
2023-10-01T01:59:43+00:00,Sensor_A,11.4
2023-10-01T01:59:44+00:00,Sensor_A,3.1415926535897932384
2023-10-01T01:59:45+00:00,Sensor_C,84.29
2023-10-01T01:59:46+00:00,Sensor_B,63.46
2023-10-01T01:59:47+00:00,Sensor_A,16.63
2023-10-01T01:59:48+00:00,Sensor_B,16.03
2023-10-01T01:59:49+00:00,Sensor_A,3.1415926535897932384
2023-10-01T01:59:50+00:00,Sensor_B,34.02
2023-10-01T01:59:51+00:00,Sensor_A,23.57
2023-10-01T01:59:52+00:00,Sensor_A,59.09
2023-10-01T01:59:53+00:00,Sensor_B,85.0
2023-10-01T01:59:54+00:00,Sensor_B,24.0
2023-10-01T01:59:55+00:00,感測器甲,49.92
2023-10-01T01:59:56+00:00,Sensor_C,73.91
2023-10-01T01:59:57+00:00,Sensor_C,not_a_number
2023-10-01T01:59:58+00:00,Sensor_C,99.57
2023-10-01T01:59:59+00:00,Sensor_C,51.27
2023-10-01T02:00:00+00:00,Sensor_C,28.12
2023-10-01T02:00:01+00:00,🔥Sensor,54.87
2023-10-01T02:00:02+00:00,Sensor_C,42.86
2023-10-01T02:00:03+00:00,Sensor_B,99.39
2023-10-01T02:00:04+00:00,Sensor_B,41.92
2023-10-01T02:00:05+00:00,Sensor_D,ABC
2023-10-01T02:00:06+00:00,Sensor_B,91.78
2023-10-01T02:00:07+00:00,Sensor_A,60.82
2023-10-01T02:00:08+00:00,Sensor_C,49.11
2023-10-01T02:00:09+00:00,센서_A,7.36
2023-10-01T02:00:10+00:00,Sensor_B,68.38
2023-10-01T02:00:11+00:00,Sensor_D,79.75
2023-10-01T02:00:12+00:00,Sensor_B,5.43
2023-10-01T02:00:13+00:00,Sensor_C,93.25
2023-10-01T02:00:14+00:00,Sensor_B,3.1415926535897932384
2023-10-01T02:00:15+00:00,Sensor_A,18.73
2023-10-01T02:00:16+00:00,Sensor_A,92.29
2023-10-01T02:00:17+00:00,Sensor_A,83.43
2023-10-01T02:00:18+00:00,Sensor_B,30.44
2023-10-01T02:00:19+00:00,Sensor_D,18.59
2023-10-01T02:00:20+00:00,Sensor_C,95.99
2023-10-01T02:00:21+00:00,Sensor_B,84.86
2023-10-01T02:00:22+00:00,Sensor_A,36.77
2023-10-01T02:00:23+00:00,Sensor_A,1.52
2023-10-01T02:00:24+00:00,Sensor_C,7.53
2023-10-01T02:00:25+00:00,Sensor_B,83.84
2023-10-01T02:00:26+00:00,Sensor_A,49.91
2023-10-01T02:00:27+00:00,Sensor_C,54.37
2023-10-01T02:00:28+00:00,Sensor_B,60.44
2023-10-01T02:00:29+00:00,Sensor_D,50.12
2023-10-01T02:00:30+00:00,Sensor_A,91.19
2023-10-01T02:00:31+00:00,Sensor_B,72.13
2023-10-01T02:00:32+00:00,Sensor_D,51.5
2023-10-01T02:00:33+00:00,Sensor_B,6.18
2023-10-01T02:00:34+00:00,Sensor_D,24.22
2023-10-01T02:00:35+00:00,Sensor_B,47.83
2023-10-01T02:00:36+00:00,Sensor_D,1.07
2023-10-01T02:00:37+00:00,Sensor_C,17.79
2023-10-01T02:00:38+00:00,Sensor_D,40.89
2023-10-01T02:00:39+00:00,Sensor_B,55.84
2023-10-01T02:00:40+00:00,Sensor_B,36.14
2023-10-01T02:00:41+00:00,Sensor_C,18.09
時間錯誤,Sensor_C,18.66
2023-10-01T02:00:43+00:00,Sensor_A,48.75
2023-10-01T02:00:44+00:00,Sensor_C,96.83
2023-10-01T02:00:45+00:00,Sensor_D,24.15
2023-10-01T02:00:46+00:00,Sensor_C,98.46
2023-10-01T02:00:47+00:00,Sensor_C,79.69
???,Sensor_A,33.59
2023-99-99,Sensor_A,71.85
2023-10-01T02:00:50+00:00,Sensor_D,95.14
2023-10-01T02:00:51+00:00,Sensor_B,20.17
2023-10-01T02:00:52+00:00,Sensor_D,81.94
2023-10-01T02:00:53+00:00,Sensor_C,22.1
2023-10-01T02:00:54+00:00,Sensor_A,80.9
2023-10-01T02:00:55+00:00,Sensor_D,not_a_number
時間錯誤,Sensor_A,52.46
2023-10-01T02:00:57+00:00,Sensor_B,52.95
2023-10-01T02:00:58+00:00,Sensor_D,32.86
2023-10-01T02:00:59+00:00,Sensor_D,39.4
2023-10-01T02:01:00+00:00,Sensor_D,68.47
2023-10-01T02:01:01+00:00,Sensor_D,60.66
2023-10-01T02:01:02+00:00,Sensor_C,82.97
2023-10-01T02:01:03+00:00,Sensor_C,66.48
2023-10-01T02:01:04+00:00,Sensor_C,19.84
2023-10-01T02:01:05+00:00,Sensor_D,51.55
invalid_time,Sensor_C,87.4
2023-10-01T02:01:07+00:00,Sensor_A,38.74
2023-10-01T02:01:08+00:00,Sensor_A,24.24
2023-10-01T02:01:09+00:00,Sensor_B,47.37
2023-10-01T02:01:10+00:00,Sensor_D,96.01
2023-10-01T02:01:11+00:00,Sensor_A,69.2
2023-10-01T02:01:12+00:00,Sensor_A,8.05
2023-10-01T02:01:13+00:00,Sensor_A,65.52
2023-10-01T02:01:14+00:00,Sensor_C,53.61
2023-10-01T02:01:15+00:00,Sensor_A,49.08
2023-10-01T02:01:16+00:00,Sensor_A,37.21
2023-10-01T02:01:17+00:00,Sensor_B,79.91
2023-10-01T02:01:18+00:00,Sensor_C,48.46
2023-10-01T02:01:19+00:00,Sensor_A,84.91
2023-10-01T02:01:20+00:00,Sensor_A,99.92
2023-10-01T02:01:21+00:00,感測器甲,29.56
2023-10-01T02:01:22+00:00,Sensor_A,35.22
2023-10-01T02:01:23+00:00,Sensor_C,88.92
2023-10-01T02:01:24+00:00,Sensor_C,19.62
2023-10-01T02:01:25+00:00,Sensor_A,60.27
2023-10-01T02:01:26+00:00,Sensor_D,28.41
時間錯誤,Sensor_A,84.47
2023-10-01T02:01:28+00:00,Sensor_A,92.47
2023-10-01T02:01:29+00:00,Sensor_B,3.1415926535897932384
2023-10-01T02:01:30+00:00,Sensor_B,24.0
2023-10-01T02:01:31+00:00,Sensor_B,8.36
2023-10-01T02:01:32+00:00,Sensor_A,20.94
2023-10-01T02:01:33+00:00,Sensor_D,65.56
2023-10-01T02:01:34+00:00,Sensor_D,15.91
2023-10-01T02:01:35+00:00,Sensor_A,41.15
2023-10-01T02:01:36+00:00,Sensor_D,47.95
2023-10-01T02:01:37+00:00,Sensor_C,8.83
2023-10-01T02:01:38+00:00,Sensor_D,23.3
2023-10-01T02:01:39+00:00,sénsor#@!,9.34
2023-10-01T02:01:40+00:00,Sensor_B,32.14
2023-10-01T02:01:41+00:00,Sensor_B,7.0
2023-10-01T02:01:42+00:00,Sensor_B,3.62
2023-10-01T02:01:43+00:00,Sensor_C,16.24
2023-10-01T02:01:44+00:00,Sensor_C,57.03
2023-10-01T02:01:45+00:00,Sensor_D,17.5
2023-10-01T02:01:46+00:00,Sensor_D,89.01
2023-10-01T02:01:47+00:00,Sensor_B,89.57
2023-10-01T02:01:48+00:00,Sensor_C,6.37
2023-10-01T02:01:49+00:00,Sensor_B,43.46
2023-10-01T02:01:50+00:00,Sensor_C,33.23
2023-10-01T02:01:51+00:00,Sensor_D,52.83
2023-10-01T02:01:52+00:00,Sensor_B,94.17
2023-10-01T02:01:53+00:00,Sensor_B,14.19
2023-10-01T02:01:54+00:00,Sensor_A,ABC
2023-10-01T02:01:55+00:00,Sensor_C,3.1415926535897932384
2023-10-01T02:01:56+00:00,Sensor_D,45.77
2023-10-01T02:01:57+00:00,Sensor_C,3.1415926535897932384
2023-10-01T02:01:58+00:00,Sensor_C,3.1415926535897932384
2023-10-01T02:01:59+00:00,Sensor_B,56.17
2023-10-01T02:02:00+00:00,Sensor_A,18.6
???,Sensor_B,48.41
2023-10-01T02:02:02+00:00,Sensor_C,56.14
2023-10-01T02:02:03+00:00,Sensor_A,0.09
2023-10-01T02:02:04+00:00,Sensor_B,10.5.2.1
2023-10-01T02:02:05+00:00,Sensor_C,25.08
2023-10-01T02:02:06+00:00,Sensor_D,4.02
2023-10-01T02:02:07+00:00,Sensor_B,60.37
2023-10-01T02:02:08+00:00,Sensor_A,25.24
2023-10-01T02:02:09+00:00,Sensor_A,10.02
2023-10-01T02:02:10+00:00,Sensor_A,83.36
2023-10-01T02:02:11+00:00,Sensor_D,64.18
2023-10-01T02:02:12+00:00,Sensor_D,53.67
2023-10-01T02:02:13+00:00,Sensor_D,21.7
2023-10-01T02:02:14+00:00,sénsor#@!,83.31
2023-10-01T02:02:15+00:00,Sensor_A,5.05
2023-10-01T02:02:16+00:00,Sensor_B,89.75
2023-10-01T02:02:17+00:00,Sensor_A,3.1415926535897932384
2023-10-01T02:02:18+00:00,Sensor_D,49.52
2023-10-01T02:02:19+00:00,Sensor_C,57.27
2023-10-01T02:02:20+00:00,Sensor_C,0.03
2023-10-01T02:02:21+00:00,Sensor_D,41.56
2023-10-01T02:02:22+00:00,Sensor_C,73.37
2023-10-01T02:02:23+00:00,Sensor_B,33.18
2023-10-01T02:02:24+00:00,Sensor_C,78.9
時間錯誤,Sensor_D,57.94
2023-10-01T02:02:26+00:00,Sensor_C,37.38
2023-10-01T02:02:27+00:00,Sensor_C,50.13
2023-10-01T02:02:28+00:00,センサー_1,94.41
2023-10-01T02:02:29+00:00,Sensor_B,95.47
2023-10-01T02:02:30+00:00,Sensor_D,37.85
2023-10-01T02:02:31+00:00,Sensor_C,74.82
2023-10-01T02:02:32+00:00,Sensor_D,55.39
2023-10-01T02:02:33+00:00,Sensor_D,35.21
2023-10-01T02:02:34+00:00,Sensor_D,25.89
2023-10-01T02:02:35+00:00,Sensor_D,48.38
2023-10-01T02:02:36+00:00,Sensor_D,6.57
2023-10-01T02:02:37+00:00,Sensor_B,74.55
2023-10-01T02:02:38+00:00,Sensor_C,85.53
2023-10-01T02:02:39+00:00,Sensor_D,not_a_number
2023-10-01T02:02:40+00:00,Sensor_B,42.9
2023-10-01T02:02:41+00:00,Sensor_B,63.95
2023-10-01T02:02:42+00:00,Sensor_B,76.45
2023-10-01T02:02:43+00:00,Sensor_A,21.79
2023-10-01T02:02:44+00:00,Sensor_A,6.4
2023-10-01T02:02:45+00:00,Sensor_D,65.91
2023-10-01T02:02:46+00:00,Sensor_A,61.55
2023-10-01T02:02:47+00:00,Sensor_D,68.03
2023-10-01T02:02:48+00:00,Sensor_C,38.71
2023-10-01T02:02:49+00:00,Sensor_B,6.58
2023-10-01T02:02:50+00:00,Sensor_D,46.73
2023-10-01T02:02:51+00:00,Sensor_C,10.88
2023-10-01T02:02:52+00:00,Sensor_A,4.23
2023-10-01T02:02:53+00:00,Sensor_B,84.53
2023-10-01T02:02:54+00:00,Sensor_D,75.17
時間錯誤,Sensor_A,65.61
2023-10-01T02:02:56+00:00,Sensor_A,72.02
2023-10-01T02:02:57+00:00,Sensor_C,6.92
2023-10-01T02:02:58+00:00,Sensor_B,10.5.2.1
2023-10-01T02:02:59+00:00,Sensor_B,12.76
2023-10-01T02:03:00+00:00,Sensor_D,27.55
2023-10-01T02:03:01+00:00,Sensor_C,89.15
2023-10-01T02:03:02+00:00,Sensor_B,46.91
2023-10-01T02:03:03+00:00,Sensor_C,98.23
2023-10-01T02:03:04+00:00,Sensor_B,40.25
2023-10-01T02:03:05+00:00,Sensor_C,28.47
2023-10-01T02:03:06+00:00,Sensor_D,76.43
2023-10-01T02:03:07+00:00,Sensor_C,69.57
2023-10-01T02:03:08+00:00,Sensor_A,95.72
2023-10-01T02:03:09+00:00,센서_A,45.69
2023-10-01T02:03:10+00:00,Sensor_A,95.75
2023-10-01T02:03:11+00:00,Sensor_D,43.28
2023-10-01T02:03:12+00:00,Sensor_C,76.5
2023-10-01T02:03:13+00:00,Sensor_D,65.81
2023-10-01T02:03:14+00:00,Sensor_A,55.85
2023-10-01T02:03:15+00:00,Sensor_D,82.9
2023-10-01T02:03:16+00:00,Sensor_B,55.61
2023-10-01T02:03:17+00:00,Sensor_B,99.05
2023-10-01T02:03:18+00:00,Sensor_A,23.47
2023-10-01T02:03:19+00:00,Sensor_C,98.34
2023-10-01T02:03:20+00:00,Sensor_C,22.58
2023-10-01T02:03:21+00:00,Sensor_C,28.44
2023-10-01T02:03:22+00:00,Sensor_D,58.84
2023-10-01T02:03:23+00:00,Sensor_D,21.05
2023-10-01T02:03:24+00:00,Sensor_B,54.68
2023-10-01T02:03:25+00:00,Sensor_A,33.1
2023-10-01T02:03:26+00:00,Sensor_A,27.23
2023-10-01T02:03:27+00:00,Sensor_A,68.96
???,Sensor_C,86.35
2023-10-01T02:03:29+00:00,Sensor_A,60.02
2023-10-01T02:03:30+00:00,Sensor_A,76.17
2023-10-01T02:03:31+00:00,Sensor_D,78.77
2023-10-01T02:03:32+00:00,Sensor_B,11.12
2023-10-01T02:03:33+00:00,Sensor_D,4.85
2023-10-01T02:03:34+00:00,Sensor_C,58.25
2023-10-01T02:03:35+00:00,Sensor_A,4.79
2023-10-01T02:03:36+00:00,Sensor_C,61.67
2023-10-01T02:03:37+00:00,Sensor_D,26.75
2023-10-01T02:03:38+00:00,Sensor_B,3.1415926535897932384
2023-10-01T02:03:39+00:00,Sensor_A,46.43
2023-10-01T02:03:40+00:00,Sensor_A,9.36
2023-10-01T02:03:41+00:00,Sensor_D,25.34
2023-10-01T02:03:42+00:00,Sensor_B,71.82
2023-10-01T02:03:43+00:00,Sensor_D,25.04
2023-10-01T02:03:44+00:00,Sensor_C,32.08
2023-10-01T02:03:45+00:00,Sensor_B,63.99
2023-10-01T02:03:46+00:00,Sensor_C,1.47
2023-10-01T02:03:47+00:00,Sensor_B,66.31
2023-10-01T02:03:48+00:00,Sensor_C,64.75
2023-10-01T02:03:49+00:00,Sensor_A,10.26
2023-10-01T02:03:50+00:00,Sensor_C,31.42
2023-10-01T02:03:51+00:00,Sensor_A,46.58
2023-10-01T02:03:52+00:00,Sensor_C,10.5.2.1
2023-10-01T02:03:53+00:00,Sensor_C,12.54
2023-10-01T02:03:54+00:00,Sensor_A,90.24
2023-10-01T02:03:55+00:00,Sensor_D,50.84
2023-10-01T02:03:56+00:00,Sensor_A,21.04
2023-10-01T02:03:57+00:00,Sensor_C,96.86
2023-10-01T02:03:58+00:00,Sensor_B,53.69
2023-10-01T02:03:59+00:00,Sensor_A,38.86
2023-10-01T02:04:00+00:00,Sensor_A,16.2
2023-10-01T02:04:01+00:00,Sensor_D,39.49
2023-10-01T02:04:02+00:00,Sensor_C,15.55
2023-10-01T02:04:03+00:00,Sensor_C,44.27
2023-10-01T02:04:04+00:00,Sensor_C,50.11
2023-10-01T02:04:05+00:00,Sensor_B,94.28
2023-10-01T02:04:06+00:00,Sensor_C,18.04
2023-10-01T02:04:07+00:00,Sensor_D,35.42
2023-10-01T02:04:08+00:00,Sensor_D,51.93
2023-10-01T02:04:09+00:00,Sensor_B,90.74
2023-10-01T02:04:10+00:00,Sensor_C,24.07
2023-10-01T02:04:11+00:00,Sensor_A,92.31
2023-10-01T02:04:12+00:00,Sensor_B,44.03
2023-10-01T02:04:13+00:00,Sensor_D,7.38
2023-10-01T02:04:14+00:00,Sensor_C,43.44
2023-10-01T02:04:15+00:00,Sensor_A,1.72
2023-10-01T02:04:16+00:00,Sensor_C,82.91
2023-10-01T02:04:17+00:00,Sensor_A,5.23
2023-10-01T02:04:18+00:00,Sensor_C,83.89
2023-10-01T02:04:19+00:00,Sensor_B,ABC
2023-10-01T02:04:20+00:00,Sensor_B,5.34
2023-10-01T02:04:21+00:00,Sensor_B,79.7
2023-10-01T02:04:22+00:00,Sensor_B,0.04
2023-10-01T02:04:23+00:00,Sensor_D,75.57
2023-10-01T02:04:24+00:00,Sensor_B,2.04
2023-10-01T02:04:25+00:00,Sensor_B,65.05
2023-10-01T02:04:26+00:00,Sensor_C,3.1415926535897932384
2023-10-01T02:04:27+00:00,Sensor_D,64.38
2023-10-01T02:04:28+00:00,Sensor_A,40.64
2023-10-01T02:04:29+00:00,Sensor_A,66.96
2023-10-01T02:04:30+00:00,Sensor_A,58.59
2023-10-01T02:04:31+00:00,Sensor_A,18.9
2023-10-01T02:04:32+00:00,Sensor_A,10.5.2.1
2023-10-01T02:04:33+00:00,Sensor_D,3.1415926535897932384
2023-10-01T02:04:34+00:00,Sensor_A,8.95
2023-10-01T02:04:35+00:00,Sensor_A,23.48
2023-10-01T02:04:36+00:00,Sensor_A,57.46
2023-10-01T02:04:37+00:00,Sensor_C,13.23
2023-10-01T02:04:38+00:00,Sensor_B,22.07
2023-10-01T02:04:39+00:00,Sensor_B,53.71
2023-10-01T02:04:40+00:00,Sensor_B,38.25
2023-10-01T02:04:41+00:00,Sensor_C,61.87
2023-10-01T02:04:42+00:00,Sensor_A,49.32
2023-10-01T02:04:43+00:00,Sensor_C,11.9
2023-10-01T02:04:44+00:00,Sensor_D,92.89
2023-10-01T02:04:45+00:00,Sensor_C,12.99
2023-10-01T02:04:46+00:00,Sensor_D,50.88
2023-10-01T02:04:47+00:00,Sensor_A,14.98
2023-10-01T02:04:48+00:00,Sensor_D,98.7
2023-10-01T02:04:49+00:00,Sensor_A,65.11
2023-10-01T02:04:50+00:00,Sensor_C,83.35
2023-10-01T02:04:51+00:00,Sensor_D,91.16
2023-10-01T02:04:52+00:00,Sensor_A,18.81
2023-10-01T02:04:53+00:00,Sensor_D,not_a_number
2023-10-01T02:04:54+00:00,Sensor_C,59.52
2023-10-01T02:04:55+00:00,Sensor_D,9.84
2023-10-01T02:04:56+00:00,Sensor_C,92.5
2023-10-01T02:04:57+00:00,Sensor_D,1.08
2023-10-01T02:04:58+00:00,Sensor_A,20.32
2023-10-01T02:04:59+00:00,Sensor_B,95.15
2023-10-01T02:05:00+00:00,Sensor_C,42.95
2023-10-01T02:05:01+00:00,Sensor_B,63.22
2023-10-01T02:05:02+00:00,Sensor_C,64.48
2023-10-01T02:05:03+00:00,Sensor_C,52.38
2023-10-01T02:05:04+00:00,Sensor_A,37.19
2023-10-01T02:05:05+00:00,Sensor_A,3.1415926535897932384
2023-10-01T02:05:06+00:00,Sensor_D,26.49
2023-10-01T02:05:07+00:00,Sensor_D,31.07
2023-10-01T02:05:08+00:00,Sensor_D,75.3
2023-10-01T02:05:09+00:00,Sensor_B,21.84
2023-10-01T02:05:10+00:00,Sensor_B,37.94
2023-10-01T02:05:11+00:00,Sensor_C,21.63
2023-10-01T02:05:12+00:00,Sensor_D,2.94
2023-10-01T02:05:13+00:00,Sensor_B,54.89
2023-10-01T02:05:14+00:00,Sensor_A,95.29
2023-10-01T02:05:15+00:00,Sensor_D,29.03
2023-10-01T02:05:16+00:00,Sensor_D,64.63
2023-10-01T02:05:17+00:00,Sensor_C,84.48
2023-10-01T02:05:18+00:00,Sensor_B,0.86
2023-10-01T02:05:19+00:00,Sensor_D,28.26
2023-10-01T02:05:20+00:00,Sensor_A,48.52
2023-10-01T02:05:21+00:00,Sensor_D,42.72
2023-10-01T02:05:22+00:00,Sensor_B,77.19
2023-10-01T02:05:23+00:00,Sensor_B,4.15
2023-10-01T02:05:24+00:00,Sensor_A,40.53
2023-10-01T02:05:25+00:00,Sensor_D,27.15
2023-10-01T02:05:26+00:00,Sensor_C,ABC
2023-10-01T02:05:27+00:00,Sensor_B,87.35
2023-10-01T02:05:28+00:00,Sensor_D,91.32
2023-10-01T02:05:29+00:00,Sensor_D,18.36
2023-10-01T02:05:30+00:00,Sensor_A,72.1
2023-10-01T02:05:31+00:00,Sensor_B,2.72
2023-10-01T02:05:32+00:00,Sensor_D,ABC
2023-10-01T02:05:33+00:00,Sensor_D,63.82
2023-10-01T02:05:34+00:00,Sensor_B,50.85
2023-10-01T02:05:35+00:00,Sensor_D,49.5
2023-10-01T02:05:36+00:00,Sensor_B,62.02
2023-10-01T02:05:37+00:00,Sensor_D,56.31
2023-10-01T02:05:38+00:00,Sensor_A,13.3
2023-10-01T02:05:39+00:00,Sensor_A,69.66
2023-10-01T02:05:40+00:00,Sensor_D,4.58
2023-10-01T02:05:41+00:00,Sensor_A,38.45
2023-10-01T02:05:42+00:00,Sensor_B,12.8
2023-10-01T02:05:43+00:00,Sensor_B,7.1
2023-10-01T02:05:44+00:00,Sensor_D,75.1
2023-10-01T02:05:45+00:00,Sensor_D,49.04
2023-10-01T02:05:46+00:00,Sensor_C,25.01
2023-10-01T02:05:47+00:00,Sensor_C,33.24
2023-10-01T02:05:48+00:00,Sensor_D,53.1
2023-10-01T02:05:49+00:00,Sensor_C,84.29
2023-10-01T02:05:50+00:00,Sensor_B,20.82
2023-10-01T02:05:51+00:00,Sensor_A,28.44
2023-10-01T02:05:52+00:00,Sensor_D,64.73
2023-10-01T02:05:53+00:00,Sensor_B,57.68
2023-10-01T02:05:54+00:00,Sensor_A,45.5
2023-10-01T02:05:55+00:00,Sensor_D,17.86
2023-10-01T02:05:56+00:00,Sensor_D,22.02
2023-10-01T02:05:57+00:00,Sensor_A,94.68
2023-10-01T02:05:58+00:00,Sensor_B,67.64
2023-10-01T02:05:59+00:00,Sensor_A,46.46
2023-10-01T02:06:00+00:00,Sensor_C,15.09
2023-10-01T02:06:01+00:00,Sensor_C,0.62
2023-10-01T02:06:02+00:00,Sensor_D,3.1415926535897932384
2023-10-01T02:06:03+00:00,Sensor_D,99.55
2023-10-01T02:06:04+00:00,Sensor_B,3.1415926535897932384
2023-10-01T02:06:05+00:00,Sensor_B,22.99
2023-10-01T02:06:06+00:00,Sensor_B,60.6
2023-10-01T02:06:07+00:00,Sensor_A,10.8
2023-10-01T02:06:08+00:00,Sensor_C,70.96
2023-10-01T02:06:09+00:00,Sensor_C,88.28
2023-10-01T02:06:10+00:00,Sensor_A,30.26
2023-10-01T02:06:11+00:00,Sensor_B,66.17
2023-10-01T02:06:12+00:00,Sensor_C,39.44
2023-10-01T02:06:13+00:00,Sensor_B,33.19
2023-10-01T02:06:14+00:00,Sensor_A,71.29
2023-10-01T02:06:15+00:00,Sensor_C,10.5.2.1
2023-10-01T02:06:16+00:00,Sensor_A,81.75
2023-10-01T02:06:17+00:00,Sensor_A,11.85
2023-10-01T02:06:18+00:00,Sensor_A,80.74
2023-10-01T02:06:19+00:00,Sensor_D,22.97
2023-10-01T02:06:20+00:00,Sensor_D,91.34
2023-10-01T02:06:21+00:00,Sensor_B,58.04
2023-10-01T02:06:22+00:00,Sensor_A,56.69
2023-10-01T02:06:23+00:00,Sensor_C,30.5
2023-10-01T02:06:24+00:00,Sensor_A,3.1415926535897932384
2023-10-01T02:06:25+00:00,Sensor_C,52.85
2023-10-01T02:06:26+00:00,Sensor_C,99.15
2023-10-01T02:06:27+00:00,Sensor_A,78.77
2023-10-01T02:06:28+00:00,Sensor_A,25.59
2023-10-01T02:06:29+00:00,Sensor_A,61.72
2023-10-01T02:06:30+00:00,Sensor_B,9.7
2023-10-01T02:06:31+00:00,Sensor_B,29.97
2023-10-01T02:06:32+00:00,Sensor_A,55.89
2023-10-01T02:06:33+00:00,Sensor_B,77.48
2023-10-01T02:06:34+00:00,Sensor_C,87.0
2023-10-01T02:06:35+00:00,Sensor_D,8.82
2023-10-01T02:06:36+00:00,Sensor_A,9.39
2023-10-01T02:06:37+00:00,Sensor_C,1.58
2023-10-01T02:06:38+00:00,Sensor_B,21.61
2023-10-01T02:06:39+00:00,Sensor_B,27.97
2023-10-01T02:06:40+00:00,Sensor_C,48.2
2023-10-01T02:06:41+00:00,Sensor_D,58.99
2023-10-01T02:06:42+00:00,Sensor_A,75.29
2023-10-01T02:06:43+00:00,Sensor_B,33.57
2023-10-01T02:06:44+00:00,Sensor_B,48.92
2023-10-01T02:06:45+00:00,Sensor_B,27.39
2023-10-01T02:06:46+00:00,Sensor_A,38.69
2023-99-99,Sensor_B,65.4
2023-10-01T02:06:48+00:00,Sensor_D,51.28
時間錯誤,Sensor_B,15.75
2023-10-01T02:06:50+00:00,Sensor_C,76.81
2023-10-01T02:06:51+00:00,Sensor_A,23.17
2023-10-01T02:06:52+00:00,Sensor_C,21.42
2023-10-01T02:06:53+00:00,Sensor_D,81.37
2023-10-01T02:06:54+00:00,Sensor_B,32.94
2023-10-01T02:06:55+00:00,Sensor_D,10.5.2.1
2023-10-01T02:06:56+00:00,Sensor_C,10.5.2.1
2023-10-01T02:06:57+00:00,Sensor_B,10.5.2.1
2023-10-01T02:06:58+00:00,Sensor_B,70.05
2023-10-01T02:06:59+00:00,Sensor_B,84.14
2023-10-01T02:07:00+00:00,Sensor_A,82.32
2023-10-01T02:07:01+00:00,Sensor_C,46.73
2023-10-01T02:07:02+00:00,Sensor_B,10.5.2.1
2023-10-01T02:07:03+00:00,Sensor_B,not_a_number
2023-10-01T02:07:04+00:00,Sensor_D,76.6
2023-10-01T02:07:05+00:00,Sensor_A,25.02
2023-10-01T02:07:06+00:00,Sensor_A,ABC
2023-10-01T02:07:07+00:00,Sensor_B,28.32
2023-10-01T02:07:08+00:00,Sensor_D,85.09
2023-10-01T02:07:09+00:00,Sensor_C,66.19
2023-10-01T02:07:10+00:00,Sensor_D,35.58
2023-10-01T02:07:11+00:00,Sensor_A,20.8
2023-10-01T02:07:12+00:00,Sensor_B,84.07
2023-10-01T02:07:13+00:00,Sensor_B,79.55
2023-10-01T02:07:14+00:00,Sensor_A,63.09
2023-10-01T02:07:15+00:00,Sensor_C,80.38
2023-10-01T02:07:16+00:00,Sensor_D,2.55
2023-10-01T02:07:17+00:00,Sensor_C,84.68
2023-10-01T02:07:18+00:00,Sensor_B,80.55
2023-10-01T02:07:19+00:00,感測器甲,33.56
2023-10-01T02:07:20+00:00,Sensor_B,11.56
2023-10-01T02:07:21+00:00,Sensor_B,24.91
2023-10-01T02:07:22+00:00,Sensor_B,31.71
2023-10-01T02:07:23+00:00,Sensor_A,91.61
2023-10-01T02:07:24+00:00,Sensor_D,65.13
2023-10-01T02:07:25+00:00,Sensor_A,26.49
2023-10-01T02:07:26+00:00,Sensor_B,11.55
2023-10-01T02:07:27+00:00,Sensor_A,10.5.2.1
2023-10-01T02:07:28+00:00,Sensor_B,45.89
2023-10-01T02:07:29+00:00,Sensor_C,47.28
2023-10-01T02:07:30+00:00,Sensor_B,19.02
2023-10-01T02:07:31+00:00,Sensor_B,55.35
2023-10-01T02:07:32+00:00,Sensor_D,73.16
2023-10-01T02:07:33+00:00,Sensor_A,56.09
2023-10-01T02:07:34+00:00,Sensor_D,96.73
2023-10-01T02:07:35+00:00,Sensor_A,59.06
2023-10-01T02:07:36+00:00,Sensor_B,65.12
2023-10-01T02:07:37+00:00,Sensor_B,10.5.2.1
2023-10-01T02:07:38+00:00,Sensor_B,37.83
2023-10-01T02:07:39+00:00,Sensor_C,79.18
2023-10-01T02:07:40+00:00,Sensor_A,58.16
invalid_time,Sensor_C,5.88
2023-10-01T02:07:42+00:00,Sensor_C,62.73
2023-10-01T02:07:43+00:00,Sensor_D,94.47
時間錯誤,Sensor_C,40.08
2023-10-01T02:07:45+00:00,Sensor_B,3.1415926535897932384
2023-10-01T02:07:46+00:00,Sensor_B,7.44
2023-10-01T02:07:47+00:00,Sensor_A,95.42
2023-10-01T02:07:48+00:00,Sensor_B,95.68
2023-10-01T02:07:49+00:00,Sensor_A,65.55
2023-10-01T02:07:50+00:00,Sensor_A,4.89
2023-10-01T02:07:51+00:00,센서_A,0.79
2023-10-01T02:07:52+00:00,Sensor_B,45.11
2023-10-01T02:07:53+00:00,Sensor_B,52.25
2023-10-01T02:07:54+00:00,Sensor_B,60.73
2023-10-01T02:07:55+00:00,Sensor_D,70.24
2023-10-01T02:07:56+00:00,Sensor_A,4.08
2023-10-01T02:07:57+00:00,Sensor_A,26.76
2023-10-01T02:07:58+00:00,Sensor_A,17.87
2023-10-01T02:07:59+00:00,Sensor_C,14.46
2023-10-01T02:08:00+00:00,Sensor_B,38.94
2023-10-01T02:08:01+00:00,Sensor_B,75.3
2023-10-01T02:08:02+00:00,Sensor_A,77.87
2023-10-01T02:08:03+00:00,Sensor_B,99.12
2023-10-01T02:08:04+00:00,Sensor_B,96.12
2023-10-01T02:08:05+00:00,Sensor_A,15.45
2023-10-01T02:08:06+00:00,Sensor_C,10.5.2.1
2023-10-01T02:08:07+00:00,Sensor_C,47.82
2023-10-01T02:08:08+00:00,Sensor_A,67.99
2023-10-01T02:08:09+00:00,Sensor_C,96.19
2023-10-01T02:08:10+00:00,Sensor_C,42.86
2023-10-01T02:08:11+00:00,Sensor_C,19.48
2023-10-01T02:08:12+00:00,Sensor_B,57.27
2023-10-01T02:08:13+00:00,Sensor_D,11.3
2023-10-01T02:08:14+00:00,Sensor_D,25.9
2023-10-01T02:08:15+00:00,感測器甲,82.61
2023-10-01T02:08:16+00:00,Sensor_B,43.35
2023-10-01T02:08:17+00:00,Sensor_D,57.32
2023-10-01T02:08:18+00:00,Sensor_A,8.51
2023-10-01T02:08:19+00:00,Sensor_B,9.94
2023-10-01T02:08:20+00:00,Sensor_B,62.43
2023-10-01T02:08:21+00:00,Sensor_C,29.96
2023-10-01T02:08:22+00:00,Sensor_D,44.2
2023-10-01T02:08:23+00:00,Sensor_A,24.11
2023-10-01T02:08:24+00:00,Sensor_C,36.1
2023-10-01T02:08:25+00:00,Sensor_B,25.11
2023-10-01T02:08:26+00:00,Sensor_D,80.69
2023-10-01T02:08:27+00:00,Sensor_D,56.21
2023-10-01T02:08:28+00:00,Sensor_B,99.02
2023-10-01T02:08:29+00:00,Sensor_C,54.58
2023-10-01T02:08:30+00:00,Sensor_A,95.79
2023-10-01T02:08:31+00:00,Sensor_B,96.16
2023-10-01T02:08:32+00:00,Sensor_D,9.88
2023-10-01T02:08:33+00:00,Sensor_C,25.71
2023-10-01T02:08:34+00:00,sénsor#@!,34.65
2023-10-01T02:08:35+00:00,Sensor_A,2.95
2023-10-01T02:08:36+00:00,Sensor_C,35.7
2023-10-01T02:08:37+00:00,Sensor_C,89.4
2023-10-01T02:08:38+00:00,Sensor_A,84.47
2023-10-01T02:08:39+00:00,Sensor_C,54.66
2023-10-01T02:08:40+00:00,感測器甲,11.06
2023-10-01T02:08:41+00:00,Sensor_D,5.75
2023-10-01T02:08:42+00:00,Sensor_A,54.39
2023-10-01T02:08:43+00:00,Sensor_A,46.43
2023-10-01T02:08:44+00:00,Sensor_C,22.59
2023-10-01T02:08:45+00:00,Sensor_C,74.73
2023-10-01T02:08:46+00:00,Sensor_D,64.74
2023-10-01T02:08:47+00:00,Sensor_C,95.93
2023-10-01T02:08:48+00:00,Sensor_A,24.46
2023-10-01T02:08:49+00:00,Sensor_B,37.03
2023-10-01T02:08:50+00:00,Sensor_A,55.41
2023-10-01T02:08:51+00:00,Sensor_D,7.78
2023-10-01T02:08:52+00:00,Sensor_A,63.65
2023-10-01T02:08:53+00:00,Sensor_B,43.99
2023-10-01T02:08:54+00:00,Sensor_A,69.24
2023-10-01T02:08:55+00:00,Sensor_C,17.88
2023-10-01T02:08:56+00:00,Sensor_C,30.6
2023-10-01T02:08:57+00:00,Sensor_A,22.96
2023-10-01T02:08:58+00:00,Sensor_D,98.68
2023-10-01T02:08:59+00:00,Sensor_A,70.14
2023-10-01T02:09:00+00:00,Sensor_B,33.18
2023-10-01T02:09:01+00:00,Sensor_A,31.14
2023-10-01T02:09:02+00:00,Sensor_A,10.5.2.1
2023-10-01T02:09:03+00:00,Sensor_B,81.2
2023-10-01T02:09:04+00:00,Sensor_B,95.59
2023-10-01T02:09:05+00:00,Sensor_A,32.77
2023-10-01T02:09:06+00:00,Sensor_C,85.4
2023-10-01T02:09:07+00:00,Sensor_A,25.37
2023-10-01T02:09:08+00:00,Sensor_A,6.44
2023-10-01T02:09:09+00:00,Sensor_A,81.46
2023-10-01T02:09:10+00:00,Sensor_D,69.93
2023-10-01T02:09:11+00:00,Sensor_A,50.42
2023-10-01T02:09:12+00:00,Sensor_D,3.1415926535897932384
2023-10-01T02:09:13+00:00,Sensor_D,66.56
2023-10-01T02:09:14+00:00,Sensor_B,70.01
2023-10-01T02:09:15+00:00,Sensor_A,53.71
2023-10-01T02:09:16+00:00,Sensor_C,76.42
2023-10-01T02:09:17+00:00,Sensor_C,7.78
2023-10-01T02:09:18+00:00,Sensor_A,1.65
2023-10-01T02:09:19+00:00,Sensor_C,99.43
2023-10-01T02:09:20+00:00,Sensor_C,57.17
2023-10-01T02:09:21+00:00,Sensor_D,82.22
2023-10-01T02:09:22+00:00,Sensor_C,82.26
2023-10-01T02:09:23+00:00,Sensor_C,not_a_number
2023-10-01T02:09:24+00:00,Sensor_D,87.82
2023-10-01T02:09:25+00:00,Sensor_A,58.66
2023-10-01T02:09:26+00:00,Sensor_B,49.36
2023-10-01T02:09:27+00:00,Sensor_A,68.03
2023-10-01T02:09:28+00:00,Sensor_D,93.38
2023-10-01T02:09:29+00:00,Sensor_A,58.51
2023-10-01T02:09:30+00:00,Sensor_A,10.5.2.1
時間錯誤,Sensor_D,90.28
2023-10-01T02:09:32+00:00,Sensor_C,14.03
2023-10-01T02:09:33+00:00,Sensor_D,56.79
2023-10-01T02:09:34+00:00,Sensor_C,7.13
2023-10-01T02:09:35+00:00,Sensor_B,45.39
2023-10-01T02:09:36+00:00,Sensor_B,76.76
2023-10-01T02:09:37+00:00,Sensor_B,31.05
2023-10-01T02:09:38+00:00,Sensor_C,47.43
2023-10-01T02:09:39+00:00,Sensor_A,30.99
2023-10-01T02:09:40+00:00,Sensor_C,34.35
2023-10-01T02:09:41+00:00,Sensor_C,48.86
2023-10-01T02:09:42+00:00,Sensor_C,62.74
2023-10-01T02:09:43+00:00,Sensor_C,36.85
2023-10-01T02:09:44+00:00,Sensor_D,95.14
2023-10-01T02:09:45+00:00,Sensor_C,22.46
2023-10-01T02:09:46+00:00,Sensor_B,44.38
???,Sensor_A,50.38
2023-10-01T02:09:48+00:00,Sensor_C,ABC
2023-10-01T02:09:49+00:00,Sensor_A,3.74
2023-10-01T02:09:50+00:00,Sensor_D,55.62
2023-10-01T02:09:51+00:00,Sensor_C,27.13
2023-10-01T02:09:52+00:00,Sensor_A,29.18
2023-10-01T02:09:53+00:00,Sensor_D,30.89
2023-99-99,Sensor_D,50.15
2023-10-01T02:09:55+00:00,Sensor_A,33.5
2023-10-01T02:09:56+00:00,Sensor_A,43.92
2023-10-01T02:09:57+00:00,Sensor_A,56.59
2023-10-01T02:09:58+00:00,Sensor_B,8.67
2023-10-01T02:09:59+00:00,Sensor_B,64.07
2023-10-01T02:10:00+00:00,Sensor_A,25.67
2023-10-01T02:10:01+00:00,Sensor_C,40.15
2023-10-01T02:10:02+00:00,Sensor_A,8.0
2023-10-01T02:10:03+00:00,Sensor_A,34.1
2023-10-01T02:10:04+00:00,Sensor_B,33.79
2023-10-01T02:10:05+00:00,Sensor_A,97.39
2023-10-01T02:10:06+00:00,Sensor_D,12.45
2023-10-01T02:10:07+00:00,Sensor_B,61.61
2023-10-01T02:10:08+00:00,Sensor_D,19.46
2023-10-01T02:10:09+00:00,Sensor_A,32.76
2023-10-01T02:10:10+00:00,Sensor_A,14.53
2023-10-01T02:10:11+00:00,Sensor_B,11.68
2023-10-01T02:10:12+00:00,Sensor_A,99.77
2023-10-01T02:10:13+00:00,Sensor_D,10.5.2.1
2023-10-01T02:10:14+00:00,Sensor_B,78.7
2023-10-01T02:10:15+00:00,Sensor_B,73.83
2023-10-01T02:10:16+00:00,Sensor_C,27.12
2023-10-01T02:10:17+00:00,Sensor_A,83.09
???,Sensor_A,73.6
2023-10-01T02:10:19+00:00,Sensor_D,80.73
2023-10-01T02:10:20+00:00,Sensor_A,35.03
2023-10-01T02:10:21+00:00,Sensor_C,49.43
2023-10-01T02:10:22+00:00,Sensor_C,0.19
2023-10-01T02:10:23+00:00,Sensor_B,41.46
2023-10-01T02:10:24+00:00,Sensor_D,54.0
2023-10-01T02:10:25+00:00,Sensor_B,37.57
2023-10-01T02:10:26+00:00,Sensor_C,94.59
2023-10-01T02:10:27+00:00,Sensor_B,3.1415926535897932384
2023-10-01T02:10:28+00:00,Sensor_C,89.68
2023-10-01T02:10:29+00:00,Sensor_D,51.86
2023-10-01T02:10:30+00:00,Sensor_A,10.5.2.1
2023-10-01T02:10:31+00:00,Sensor_B,65.02
2023-10-01T02:10:32+00:00,Sensor_A,3.1415926535897932384
2023-10-01T02:10:33+00:00,Sensor_C,22.67
2023-10-01T02:10:34+00:00,Sensor_A,41.53
2023-10-01T02:10:35+00:00,Sensor_D,2.05
2023-10-01T02:10:36+00:00,Sensor_D,50.15
2023-10-01T02:10:37+00:00,Sensor_B,75.98
2023-10-01T02:10:38+00:00,Sensor_D,16.44
2023-10-01T02:10:39+00:00,Sensor_B,99.35
2023-10-01T02:10:40+00:00,Sensor_D,12.38
2023-10-01T02:10:41+00:00,Sensor_A,3.96
2023-10-01T02:10:42+00:00,Sensor_C,48.6
2023-10-01T02:10:43+00:00,Sensor_B,73.11
時間錯誤,Sensor_C,73.75
2023-10-01T02:10:45+00:00,Sensor_B,60.37
2023-10-01T02:10:46+00:00,Sensor_D,77.15
2023-10-01T02:10:47+00:00,Sensor_B,3.1415926535897932384
2023-10-01T02:10:48+00:00,Sensor_B,73.48
2023-10-01T02:10:49+00:00,Sensor_B,73.26
2023-10-01T02:10:50+00:00,Sensor_A,55.68
2023-10-01T02:10:51+00:00,Sensor_D,3.1415926535897932384
2023-10-01T02:10:52+00:00,Sensor_A,99.9
2023-10-01T02:10:53+00:00,Sensor_C,23.45
2023-10-01T02:10:54+00:00,Sensor_C,98.14
2023-10-01T02:10:55+00:00,Sensor_C,46.74
2023-10-01T02:10:56+00:00,Sensor_C,81.84
2023-10-01T02:10:57+00:00,Sensor_B,68.24
2023-10-01T02:10:58+00:00,Sensor_B,9.95
2023-10-01T02:10:59+00:00,Sensor_D,9.12
2023-10-01T02:11:00+00:00,Sensor_B,92.67
2023-10-01T02:11:01+00:00,Sensor_C,44.46
2023-10-01T02:11:02+00:00,Sensor_B,9.44
2023-10-01T02:11:03+00:00,Sensor_A,67.32
2023-10-01T02:11:04+00:00,Sensor_B,49.02
2023-99-99,Sensor_A,20.5
2023-10-01T02:11:06+00:00,Sensor_C,36.59
2023-10-01T02:11:07+00:00,Sensor_C,84.08
2023-10-01T02:11:08+00:00,Sensor_A,39.51
2023-10-01T02:11:09+00:00,Sensor_C,80.87
2023-10-01T02:11:10+00:00,Sensor_C,67.58
2023-10-01T02:11:11+00:00,Sensor_A,87.53
2023-10-01T02:11:12+00:00,Sensor_C,82.25
2023-10-01T02:11:13+00:00,Sensor_B,84.63
2023-10-01T02:11:14+00:00,Sensor_C,46.79
???,Sensor_A,31.88
2023-10-01T02:11:16+00:00,Sensor_A,70.95
2023-10-01T02:11:17+00:00,Sensor_B,78.44
2023-10-01T02:11:18+00:00,Sensor_D,89.14
2023-10-01T02:11:19+00:00,Sensor_D,41.18
2023-10-01T02:11:20+00:00,Sensor_A,93.35
2023-10-01T02:11:21+00:00,Sensor_B,80.29
2023-10-01T02:11:22+00:00,Sensor_C,86.37
2023-10-01T02:11:23+00:00,Sensor_C,60.94
2023-10-01T02:11:24+00:00,Sensor_C,34.34
2023-10-01T02:11:25+00:00,Sensor_A,5.87
2023-10-01T02:11:26+00:00,Sensor_C,20.2
2023-10-01T02:11:27+00:00,Sensor_A,16.61
2023-10-01T02:11:28+00:00,Sensor_D,64.01
2023-10-01T02:11:29+00:00,Sensor_B,32.76
2023-10-01T02:11:30+00:00,Sensor_D,35.24
2023-10-01T02:11:31+00:00,Sensor_A,88.64
2023-10-01T02:11:32+00:00,Sensor_B,57.26
2023-10-01T02:11:33+00:00,Sensor_C,18.93
2023-10-01T02:11:34+00:00,Sensor_A,67.14
2023-10-01T02:11:35+00:00,Sensor_A,40.22
2023-10-01T02:11:36+00:00,Sensor_A,55.41
2023-10-01T02:11:37+00:00,Sensor_D,90.78
2023-10-01T02:11:38+00:00,Sensor_B,46.98
2023-10-01T02:11:39+00:00,Sensor_C,90.57
2023-10-01T02:11:40+00:00,Sensor_D,15.75
invalid_time,Sensor_D,79.06
2023-10-01T02:11:42+00:00,Sensor_C,62.54
2023-10-01T02:11:43+00:00,Sensor_D,28.58
2023-10-01T02:11:44+00:00,Sensor_A,13.09
2023-10-01T02:11:45+00:00,Sensor_B,10.5.2.1
2023-10-01T02:11:46+00:00,Sensor_D,24.87
2023-10-01T02:11:47+00:00,Sensor_C,46.57
2023-10-01T02:11:48+00:00,Sensor_C,28.79
2023-10-01T02:11:49+00:00,Sensor_C,72.71
2023-10-01T02:11:50+00:00,Sensor_B,68.41
2023-10-01T02:11:51+00:00,Sensor_B,46.7
2023-10-01T02:11:52+00:00,Sensor_D,9.3
2023-10-01T02:11:53+00:00,Sensor_D,45.06
2023-10-01T02:11:54+00:00,Sensor_C,25.17
2023-10-01T02:11:55+00:00,Sensor_C,22.08
2023-10-01T02:11:56+00:00,Sensor_B,45.76
2023-10-01T02:11:57+00:00,Sensor_A,82.16
2023-10-01T02:11:58+00:00,Sensor_A,6.2
2023-10-01T02:11:59+00:00,Sensor_B,ABC
2023-10-01T02:12:00+00:00,Sensor_B,60.91
2023-10-01T02:12:01+00:00,Sensor_B,60.1
2023-10-01T02:12:02+00:00,Sensor_D,29.98
2023-10-01T02:12:03+00:00,Sensor_B,1.61
2023-10-01T02:12:04+00:00,Sensor_C,41.22
2023-10-01T02:12:05+00:00,Sensor_D,93.48
2023-10-01T02:12:06+00:00,Sensor_A,49.27
2023-10-01T02:12:07+00:00,Sensor_C,71.48
2023-10-01T02:12:08+00:00,Sensor_D,55.57
2023-10-01T02:12:09+00:00,Sensor_A,3.1415926535897932384
2023-10-01T02:12:10+00:00,Sensor_D,54.46
2023-10-01T02:12:11+00:00,Sensor_B,61.89
2023-10-01T02:12:12+00:00,Sensor_C,30.69
2023-10-01T02:12:13+00:00,Sensor_A,22.9
2023-10-01T02:12:14+00:00,Sensor_B,0.57
2023-10-01T02:12:15+00:00,Sensor_B,25.08
2023-10-01T02:12:16+00:00,Sensor_B,15.02
2023-10-01T02:12:17+00:00,Sensor_C,6.48
2023-10-01T02:12:18+00:00,Sensor_A,45.94
2023-10-01T02:12:19+00:00,Sensor_D,28.22
2023-10-01T02:12:20+00:00,Sensor_D,ABC
2023-10-01T02:12:21+00:00,Sensor_C,58.59
2023-10-01T02:12:22+00:00,Sensor_C,63.39
2023-10-01T02:12:23+00:00,Sensor_B,99.16
2023-10-01T02:12:24+00:00,Sensor_B,62.24
2023-10-01T02:12:25+00:00,Sensor_B,49.69
2023-10-01T02:12:26+00:00,感測器甲,86.5
2023-10-01T02:12:27+00:00,Sensor_D,22.53
2023-10-01T02:12:28+00:00,Sensor_D,71.96
2023-10-01T02:12:29+00:00,Sensor_B,65.48
2023-10-01T02:12:30+00:00,Sensor_C,60.96
2023-10-01T02:12:31+00:00,Sensor_A,49.49
2023-10-01T02:12:32+00:00,Sensor_B,60.93
2023-10-01T02:12:33+00:00,Sensor_B,40.87
2023-10-01T02:12:34+00:00,Sensor_D,21.22
2023-10-01T02:12:35+00:00,Sensor_A,46.84
2023-10-01T02:12:36+00:00,Sensor_A,94.94
2023-10-01T02:12:37+00:00,Sensor_A,10.5.2.1
2023-10-01T02:12:38+00:00,Sensor_C,3.26
2023-10-01T02:12:39+00:00,Sensor_B,33.25
2023-10-01T02:12:40+00:00,Sensor_C,52.61
2023-10-01T02:12:41+00:00,Sensor_A,43.18
2023-10-01T02:12:42+00:00,Sensor_D,85.22
2023-10-01T02:12:43+00:00,Sensor_C,59.76
2023-10-01T02:12:44+00:00,Sensor_D,57.44
2023-10-01T02:12:45+00:00,Sensor_B,66.32
2023-10-01T02:12:46+00:00,Sensor_A,16.4
2023-10-01T02:12:47+00:00,Sensor_A,75.7
2023-10-01T02:12:48+00:00,Sensor_B,19.79
2023-10-01T02:12:49+00:00,Sensor_D,56.26
2023-10-01T02:12:50+00:00,Sensor_D,29.75
2023-10-01T02:12:51+00:00,Sensor_D,67.96
2023-10-01T02:12:52+00:00,Sensor_A,40.57
2023-10-01T02:12:53+00:00,Sensor_D,70.12
2023-10-01T02:12:54+00:00,Sensor_C,39.41
2023-10-01T02:12:55+00:00,Sensor_A,51.35
2023-10-01T02:12:56+00:00,Sensor_A,91.0
2023-10-01T02:12:57+00:00,Sensor_A,74.75
2023-10-01T02:12:58+00:00,Sensor_A,69.7
2023-10-01T02:12:59+00:00,Sensor_D,10.5.2.1
2023-10-01T02:13:00+00:00,Sensor_A,86.18
2023-10-01T02:13:01+00:00,Sensor_B,56.67
2023-10-01T02:13:02+00:00,Sensor_A,18.87
2023-10-01T02:13:03+00:00,Sensor_A,24.92
2023-10-01T02:13:04+00:00,Sensor_B,36.91
2023-10-01T02:13:05+00:00,Sensor_C,76.88
invalid_time,Sensor_A,37.8
2023-10-01T02:13:07+00:00,Sensor_D,37.68
2023-10-01T02:13:08+00:00,Sensor_A,39.61
2023-10-01T02:13:09+00:00,Sensor_A,24.53
2023-10-01T02:13:10+00:00,Sensor_B,66.67
2023-10-01T02:13:11+00:00,Sensor_D,13.76
2023-10-01T02:13:12+00:00,Sensor_D,74.3
2023-10-01T02:13:13+00:00,Sensor_D,3.1415926535897932384
2023-10-01T02:13:14+00:00,Sensor_D,18.51
2023-10-01T02:13:15+00:00,Sensor_A,1.45
2023-10-01T02:13:16+00:00,Sensor_B,66.83
2023-10-01T02:13:17+00:00,Sensor_B,74.04
2023-10-01T02:13:18+00:00,Sensor_D,54.43
2023-10-01T02:13:19+00:00,Sensor_C,5.47
2023-10-01T02:13:20+00:00,Sensor_C,ABC
2023-10-01T02:13:21+00:00,Sensor_D,93.54
2023-10-01T02:13:22+00:00,Sensor_C,14.56
2023-10-01T02:13:23+00:00,Sensor_D,56.34
2023-10-01T02:13:24+00:00,Sensor_A,87.47
2023-10-01T02:13:25+00:00,Sensor_D,46.91
2023-10-01T02:13:26+00:00,Sensor_C,94.18
2023-10-01T02:13:27+00:00,Sensor_D,64.88
2023-10-01T02:13:28+00:00,Sensor_B,ABC
2023-10-01T02:13:29+00:00,Sensor_A,83.69
2023-10-01T02:13:30+00:00,Sensor_D,3.1415926535897932384
2023-10-01T02:13:31+00:00,センサー_1,58.2
2023-10-01T02:13:32+00:00,Sensor_A,75.32
2023-10-01T02:13:33+00:00,Sensor_B,69.11
2023-10-01T02:13:34+00:00,Sensor_B,32.49
2023-10-01T02:13:35+00:00,Sensor_C,92.09
2023-10-01T02:13:36+00:00,Sensor_B,76.21
2023-10-01T02:13:37+00:00,Sensor_B,80.05
2023-10-01T02:13:38+00:00,Sensor_D,3.1415926535897932384
2023-10-01T02:13:39+00:00,Sensor_C,83.55
2023-10-01T02:13:40+00:00,センサー_1,38.03
2023-10-01T02:13:41+00:00,Sensor_B,82.96
2023-10-01T02:13:42+00:00,Sensor_D,93.13
2023-10-01T02:13:43+00:00,Sensor_A,45.39
2023-10-01T02:13:44+00:00,Sensor_C,數值錯誤
2023-10-01T02:13:45+00:00,Sensor_B,10.5.2.1
2023-10-01T02:13:46+00:00,Sensor_A,3.1415926535897932384
2023-10-01T02:13:47+00:00,Sensor_B,26.11
2023-10-01T02:13:48+00:00,Sensor_C,13.14
2023-10-01T02:13:49+00:00,Sensor_D,25.66
2023-10-01T02:13:50+00:00,Sensor_A,55.44
2023-10-01T02:13:51+00:00,Sensor_A,19.74
2023-10-01T02:13:52+00:00,Sensor_C,63.39
2023-10-01T02:13:53+00:00,Sensor_B,96.19
2023-10-01T02:13:54+00:00,Sensor_B,7.98
2023-10-01T02:13:55+00:00,Sensor_C,57.2
2023-10-01T02:13:56+00:00,Sensor_B,60.0
2023-10-01T02:13:57+00:00,Sensor_D,54.81
2023-10-01T02:13:58+00:00,Sensor_D,34.32
2023-10-01T02:13:59+00:00,Sensor_C,3.1415926535897932384
2023-10-01T02:14:00+00:00,Sensor_D,29.78
2023-10-01T02:14:01+00:00,Sensor_C,75.73
2023-10-01T02:14:02+00:00,Sensor_C,10.3
2023-10-01T02:14:03+00:00,Sensor_C,99.69
2023-10-01T02:14:04+00:00,Sensor_D,4.3
2023-10-01T02:14:05+00:00,Sensor_C,46.41
2023-10-01T02:14:06+00:00,Sensor_C,38.7
2023-10-01T02:14:07+00:00,Sensor_C,74.33
2023-10-01T02:14:08+00:00,Sensor_A,55.94
2023-10-01T02:14:09+00:00,Sensor_B,5.1
2023-10-01T02:14:10+00:00,Sensor_C,59.84
2023-10-01T02:14:11+00:00,Sensor_C,26.02
2023-10-01T02:14:12+00:00,Sensor_D,97.75
2023-10-01T02:14:13+00:00,Sensor_B,95.14
2023-10-01T02:14:14+00:00,Sensor_C,4.66
2023-10-01T02:14:15+00:00,Sensor_C,18.15
2023-10-01T02:14:16+00:00,Sensor_B,13.37
invalid_time,Sensor_A,78.81
2023-10-01T02:14:18+00:00,Sensor_D,22.67
2023-10-01T02:14:19+00:00,Sensor_B,10.5.2.1
2023-10-01T02:14:20+00:00,Sensor_D,22.49
???,Sensor_B,58.46
2023-10-01T02:14:22+00:00,Sensor_B,58.54
2023-10-01T02:14:23+00:00,Sensor_B,94.64
2023-10-01T02:14:24+00:00,Sensor_B,85.55
2023-10-01T02:14:25+00:00,Sensor_C,84.79
invalid_time,Sensor_A,56.58
2023-10-01T02:14:27+00:00,Sensor_C,29.08
2023-10-01T02:14:28+00:00,Sensor_C,66.78
2023-10-01T02:14:29+00:00,Sensor_D,60.79
2023-10-01T02:14:30+00:00,Sensor_B,89.5
2023-10-01T02:14:31+00:00,Sensor_C,32.46
2023-10-01T02:14:32+00:00,センサー_1,35.73
2023-10-01T02:14:33+00:00,Sensor_B,16.33
2023-10-01T02:14:34+00:00,Sensor_A,62.62
2023-10-01T02:14:35+00:00,感測器甲,80.09
2023-10-01T02:14:36+00:00,Sensor_D,95.54
2023-10-01T02:14:37+00:00,Sensor_D,53.21
2023-10-01T02:14:38+00:00,Sensor_C,92.92
2023-10-01T02:14:39+00:00,Sensor_B,25.88
2023-10-01T02:14:40+00:00,Sensor_C,79.71
2023-10-01T02:14:41+00:00,Sensor_B,20.12
2023-10-01T02:14:42+00:00,Sensor_C,3.71
2023-10-01T02:14:43+00:00,Sensor_C,18.87
2023-10-01T02:14:44+00:00,Sensor_A,27.14
2023-10-01T02:14:45+00:00,Sensor_C,34.29
2023-10-01T02:14:46+00:00,Sensor_D,34.97
2023-10-01T02:14:47+00:00,Sensor_D,18.39
2023-10-01T02:14:48+00:00,Sensor_A,31.86
2023-10-01T02:14:49+00:00,Sensor_C,40.68
2023-10-01T02:14:50+00:00,Sensor_B,36.0
2023-10-01T02:14:51+00:00,Sensor_A,7.35
2023-10-01T02:14:52+00:00,Sensor_B,30.85
2023-10-01T02:14:53+00:00,Sensor_B,94.41
2023-10-01T02:14:54+00:00,Sensor_B,57.87
2023-10-01T02:14:55+00:00,Sensor_A,9.93
2023-10-01T02:14:56+00:00,Sensor_C,45.4
2023-10-01T02:14:57+00:00,Sensor_A,54.3
2023-10-01T02:14:58+00:00,Sensor_D,24.89
2023-10-01T02:14:59+00:00,Sensor_D,36.27
時間錯誤,Sensor_A,60.06
2023-10-01T02:15:01+00:00,Sensor_A,43.57
2023-10-01T02:15:02+00:00,Sensor_C,68.03
2023-10-01T02:15:03+00:00,Sensor_D,99.92
2023-10-01T02:15:04+00:00,Sensor_D,60.16
2023-10-01T02:15:05+00:00,Sensor_C,80.17
2023-10-01T02:15:06+00:00,Sensor_D,53.32
2023-10-01T02:15:07+00:00,Sensor_D,56.83
2023-10-01T02:15:08+00:00,Sensor_A,66.3
2023-10-01T02:15:09+00:00,Sensor_D,50.12
2023-10-01T02:15:10+00:00,Sensor_D,82.36
2023-10-01T02:15:11+00:00,Sensor_B,74.19
2023-10-01T02:15:12+00:00,Sensor_D,73.71
2023-10-01T02:15:13+00:00,Sensor_B,89.26
2023-10-01T02:15:14+00:00,Sensor_D,68.53
2023-10-01T02:15:15+00:00,Sensor_C,32.96
2023-10-01T02:15:16+00:00,Sensor_B,97.33
2023-10-01T02:15:17+00:00,Sensor_B,2.27
2023-10-01T02:15:18+00:00,Sensor_A,83.95
2023-10-01T02:15:19+00:00,Sensor_D,36.8
2023-10-01T02:15:20+00:00,Sensor_A,96.46
2023-10-01T02:15:21+00:00,Sensor_A,84.94
2023-10-01T02:15:22+00:00,Sensor_D,57.88
2023-10-01T02:15:23+00:00,Sensor_C,95.65
2023-10-01T02:15:24+00:00,sénsor#@!,48.92
2023-10-01T02:15:25+00:00,Sensor_A,27.71
2023-10-01T02:15:26+00:00,Sensor_D,84.74
2023-10-01T02:15:27+00:00,Sensor_B,18.16
2023-10-01T02:15:28+00:00,Sensor_A,90.08
2023-10-01T02:15:29+00:00,Sensor_D,52.48
2023-10-01T02:15:30+00:00,Sensor_C,47.22
2023-10-01T02:15:31+00:00,Sensor_B,47.88
2023-10-01T02:15:32+00:00,Sensor_D,20.49
2023-10-01T02:15:33+00:00,Sensor_D,54.42
2023-10-01T02:15:34+00:00,Sensor_A,82.33
2023-10-01T02:15:35+00:00,Sensor_C,67.52
2023-10-01T02:15:36+00:00,Sensor_D,23.94
2023-10-01T02:15:37+00:00,Sensor_C,90.95
2023-10-01T02:15:38+00:00,Sensor_D,15.95
2023-10-01T02:15:39+00:00,Sensor_D,40.23
2023-10-01T02:15:40+00:00,Sensor_C,50.96
2023-10-01T02:15:41+00:00,Sensor_A,71.34
2023-10-01T02:15:42+00:00,Sensor_A,78.63
2023-10-01T02:15:43+00:00,Sensor_A,10.5.2.1
2023-10-01T02:15:44+00:00,Sensor_A,81.47
2023-10-01T02:15:45+00:00,Sensor_B,80.35
2023-10-01T02:15:46+00:00,Sensor_A,5.12
2023-10-01T02:15:47+00:00,Sensor_C,11.27
2023-10-01T02:15:48+00:00,Sensor_D,46.01
2023-10-01T02:15:49+00:00,Sensor_B,8.23
2023-10-01T02:15:50+00:00,Sensor_A,26.52
2023-10-01T02:15:51+00:00,Sensor_A,63.69
2023-10-01T02:15:52+00:00,Sensor_D,76.46
2023-10-01T02:15:53+00:00,Sensor_B,2.07
2023-10-01T02:15:54+00:00,Sensor_C,17.73
2023-10-01T02:15:55+00:00,Sensor_B,3.1415926535897932384
2023-10-01T02:15:56+00:00,Sensor_D,15.76
2023-10-01T02:15:57+00:00,Sensor_B,1.12
2023-10-01T02:15:58+00:00,Sensor_B,3.1415926535897932384
2023-10-01T02:15:59+00:00,Sensor_B,86.43
2023-10-01T02:16:00+00:00,Sensor_A,3.1415926535897932384
2023-10-01T02:16:01+00:00,Sensor_D,80.65
2023-10-01T02:16:02+00:00,Sensor_D,92.36
2023-10-01T02:16:03+00:00,Sensor_B,4.89
2023-10-01T02:16:04+00:00,Sensor_D,10.5.2.1
2023-10-01T02:16:05+00:00,Sensor_B,23.14
2023-10-01T02:16:06+00:00,Sensor_C,61.91
2023-10-01T02:16:07+00:00,Sensor_C,24.88
2023-10-01T02:16:08+00:00,Sensor_D,75.69
2023-10-01T02:16:09+00:00,Sensor_C,17.66
2023-10-01T02:16:10+00:00,Sensor_A,20.43
2023-10-01T02:16:11+00:00,sénsor#@!,72.94
2023-10-01T02:16:12+00:00,Sensor_C,65.55
2023-10-01T02:16:13+00:00,Sensor_D,73.38
2023-10-01T02:16:14+00:00,Sensor_A,48.22
2023-10-01T02:16:15+00:00,Sensor_D,29.3
2023-10-01T02:16:16+00:00,Sensor_A,57.43
2023-10-01T02:16:17+00:00,Sensor_B,51.67
2023-10-01T02:16:18+00:00,Sensor_A,65.21
2023-10-01T02:16:19+00:00,Sensor_C,92.83
2023-10-01T02:16:20+00:00,Sensor_D,52.69
2023-10-01T02:16:21+00:00,Sensor_D,69.81
2023-10-01T02:16:22+00:00,Sensor_B,7.23
2023-10-01T02:16:23+00:00,Sensor_D,43.08
2023-10-01T02:16:24+00:00,Sensor_B,93.6
2023-10-01T02:16:25+00:00,Sensor_B,75.42
2023-10-01T02:16:26+00:00,Sensor_A,54.11
2023-10-01T02:16:27+00:00,Sensor_C,10.5.2.1
2023-10-01T02:16:28+00:00,Sensor_D,not_a_number
2023-10-01T02:16:29+00:00,Sensor_B,34.53
2023-10-01T02:16:30+00:00,Sensor_D,42.97
2023-10-01T02:16:31+00:00,Sensor_C,22.13
2023-10-01T02:16:32+00:00,Sensor_C,32.57
2023-10-01T02:16:33+00:00,Sensor_C,15.14
2023-10-01T02:16:34+00:00,Sensor_B,82.69
???,Sensor_C,32.94
2023-10-01T02:16:36+00:00,Sensor_D,33.42
2023-10-01T02:16:37+00:00,Sensor_D,26.42
2023-10-01T02:16:38+00:00,Sensor_B,85.52
2023-10-01T02:16:39+00:00,Sensor_A,55.48
2023-10-01T02:16:40+00:00,Sensor_D,8.76
2023-10-01T02:16:41+00:00,Sensor_C,45.91
2023-10-01T02:16:42+00:00,Sensor_A,69.93
2023-10-01T02:16:43+00:00,Sensor_D,2.77
2023-10-01T02:16:44+00:00,Sensor_D,85.38
2023-10-01T02:16:45+00:00,Sensor_D,3.1415926535897932384
2023-10-01T02:16:46+00:00,Sensor_B,96.69
2023-10-01T02:16:47+00:00,Sensor_B,96.18
2023-10-01T02:16:48+00:00,Sensor_B,44.52
2023-10-01T02:16:49+00:00,Sensor_A,97.46
2023-10-01T02:16:50+00:00,Sensor_A,48.1
2023-10-01T02:16:51+00:00,Sensor_B,96.67
2023-10-01T02:16:52+00:00,Sensor_C,23.84
2023-10-01T02:16:53+00:00,Sensor_B,33.76
2023-10-01T02:16:54+00:00,Sensor_C,53.96
2023-10-01T02:16:55+00:00,Sensor_C,5.22
2023-10-01T02:16:56+00:00,Sensor_D,67.78
2023-10-01T02:16:57+00:00,Sensor_A,20.75
2023-10-01T02:16:58+00:00,Sensor_D,28.96
2023-10-01T02:16:59+00:00,Sensor_C,21.83
2023-10-01T02:17:00+00:00,Sensor_B,63.27
2023-10-01T02:17:01+00:00,Sensor_C,15.71
2023-10-01T02:17:02+00:00,Sensor_B,35.65
2023-10-01T02:17:03+00:00,Sensor_A,75.86
2023-10-01T02:17:04+00:00,Sensor_B,75.87
2023-10-01T02:17:05+00:00,Sensor_A,9.9
2023-10-01T02:17:06+00:00,Sensor_D,50.57
2023-10-01T02:17:07+00:00,Sensor_A,85.32
2023-10-01T02:17:08+00:00,Sensor_B,52.51
2023-10-01T02:17:09+00:00,Sensor_C,14.54
2023-10-01T02:17:10+00:00,Sensor_A,90.58
2023-10-01T02:17:11+00:00,Sensor_D,70.8
2023-10-01T02:17:12+00:00,Sensor_D,61.78
2023-10-01T02:17:13+00:00,Sensor_C,97.56
2023-10-01T02:17:14+00:00,Sensor_B,38.94
2023-10-01T02:17:15+00:00,Sensor_D,36.24
2023-10-01T02:17:16+00:00,Sensor_B,53.66
2023-10-01T02:17:17+00:00,Sensor_D,15.03
2023-10-01T02:17:18+00:00,Sensor_C,10.5.2.1
2023-10-01T02:17:19+00:00,Sensor_C,12.78
2023-10-01T02:17:20+00:00,Sensor_B,7.37
2023-10-01T02:17:21+00:00,Sensor_B,68.99
2023-10-01T02:17:22+00:00,Sensor_C,33.17
2023-10-01T02:17:23+00:00,Sensor_B,7.36
2023-10-01T02:17:24+00:00,Sensor_A,72.84
invalid_time,Sensor_B,99.18
2023-10-01T02:17:26+00:00,Sensor_D,46.49
2023-10-01T02:17:27+00:00,Sensor_B,47.56
2023-10-01T02:17:28+00:00,Sensor_D,33.59
2023-10-01T02:17:29+00:00,Sensor_D,14.59
2023-10-01T02:17:30+00:00,Sensor_C,67.24
2023-10-01T02:17:31+00:00,Sensor_B,55.27
2023-10-01T02:17:32+00:00,Sensor_C,21.4
2023-10-01T02:17:33+00:00,Sensor_A,63.61
2023-10-01T02:17:34+00:00,Sensor_B,89.17
2023-10-01T02:17:35+00:00,Sensor_A,71.97
2023-10-01T02:17:36+00:00,Sensor_C,3.1415926535897932384
2023-10-01T02:17:37+00:00,Sensor_D,64.16
2023-10-01T02:17:38+00:00,Sensor_D,63.09
2023-10-01T02:17:39+00:00,Sensor_B,38.1
invalid_time,Sensor_D,91.97
2023-10-01T02:17:41+00:00,Sensor_A,28.16
2023-10-01T02:17:42+00:00,Sensor_B,80.72
2023-10-01T02:17:43+00:00,Sensor_C,51.2
2023-10-01T02:17:44+00:00,Sensor_B,83.98
2023-10-01T02:17:45+00:00,Sensor_A,95.94
2023-10-01T02:17:46+00:00,Sensor_D,93.92
2023-10-01T02:17:47+00:00,Sensor_C,31.22
2023-10-01T02:17:48+00:00,Sensor_D,33.83
2023-10-01T02:17:49+00:00,Sensor_D,30.06
2023-10-01T02:17:50+00:00,Sensor_A,3.1415926535897932384
2023-10-01T02:17:51+00:00,Sensor_A,80.66
2023-10-01T02:17:52+00:00,Sensor_C,50.23
2023-10-01T02:17:53+00:00,Sensor_A,99.2
2023-10-01T02:17:54+00:00,Sensor_B,24.73
2023-10-01T02:17:55+00:00,Sensor_C,84.54
2023-10-01T02:17:56+00:00,Sensor_C,93.72
2023-10-01T02:17:57+00:00,Sensor_D,38.26
2023-10-01T02:17:58+00:00,Sensor_D,87.63
2023-10-01T02:17:59+00:00,Sensor_B,87.02
2023-10-01T02:18:00+00:00,Sensor_C,95.46
2023-10-01T02:18:01+00:00,Sensor_B,81.75
2023-10-01T02:18:02+00:00,Sensor_C,22.64
2023-10-01T02:18:03+00:00,Sensor_D,12.42
2023-10-01T02:18:04+00:00,Sensor_C,40.69
2023-10-01T02:18:05+00:00,Sensor_D,30.21
2023-10-01T02:18:06+00:00,Sensor_B,2.67
2023-10-01T02:18:07+00:00,Sensor_C,9.25
2023-10-01T02:18:08+00:00,Sensor_B,3.1415926535897932384
2023-10-01T02:18:09+00:00,Sensor_D,80.77
2023-10-01T02:18:10+00:00,Sensor_B,83.81
2023-10-01T02:18:11+00:00,Sensor_C,49.99
2023-10-01T02:18:12+00:00,Sensor_C,99.3
2023-10-01T02:18:13+00:00,Sensor_D,71.73
2023-10-01T02:18:14+00:00,Sensor_C,95.32
2023-10-01T02:18:15+00:00,Sensor_B,28.11
2023-10-01T02:18:16+00:00,sénsor#@!,67.68
2023-10-01T02:18:17+00:00,Sensor_A,33.1
2023-10-01T02:18:18+00:00,Sensor_B,79.3
2023-10-01T02:18:19+00:00,Sensor_A,61.32
2023-10-01T02:18:20+00:00,Sensor_C,93.28
2023-10-01T02:18:21+00:00,Sensor_D,95.11
2023-10-01T02:18:22+00:00,Sensor_A,76.1
2023-10-01T02:18:23+00:00,Sensor_B,72.2
2023-10-01T02:18:24+00:00,Sensor_B,40.44
2023-10-01T02:18:25+00:00,Sensor_B,31.22
2023-10-01T02:18:26+00:00,Sensor_C,43.52
2023-10-01T02:18:27+00:00,Sensor_A,30.76
2023-10-01T02:18:28+00:00,Sensor_C,33.62
2023-10-01T02:18:29+00:00,Sensor_D,11.49
2023-10-01T02:18:30+00:00,Sensor_B,4.31
2023-10-01T02:18:31+00:00,Sensor_D,3.1415926535897932384
2023-10-01T02:18:32+00:00,Sensor_C,97.76
2023-10-01T02:18:33+00:00,Sensor_D,30.21
2023-10-01T02:18:34+00:00,Sensor_D,98.88
2023-10-01T02:18:35+00:00,Sensor_D,66.87
2023-10-01T02:18:36+00:00,Sensor_B,62.42
2023-10-01T02:18:37+00:00,Sensor_C,92.07
2023-10-01T02:18:38+00:00,Sensor_C,83.23
2023-10-01T02:18:39+00:00,Sensor_D,27.48
2023-10-01T02:18:40+00:00,Sensor_A,58.25
2023-10-01T02:18:41+00:00,Sensor_B,69.54
2023-10-01T02:18:42+00:00,Sensor_C,3.24
2023-10-01T02:18:43+00:00,Sensor_C,58.59
2023-10-01T02:18:44+00:00,Sensor_C,62.06
2023-10-01T02:18:45+00:00,Sensor_A,41.38
2023-10-01T02:18:46+00:00,Sensor_B,76.26
2023-10-01T02:18:47+00:00,Sensor_B,74.6
2023-10-01T02:18:48+00:00,Sensor_C,6.63
2023-10-01T02:18:49+00:00,Sensor_D,5.08
2023-10-01T02:18:50+00:00,Sensor_D,79.93
2023-10-01T02:18:51+00:00,Sensor_D,77.61
2023-10-01T02:18:52+00:00,Sensor_D,66.04
2023-10-01T02:18:53+00:00,Sensor_C,60.24
2023-10-01T02:18:54+00:00,Sensor_C,45.91
2023-10-01T02:18:55+00:00,Sensor_C,33.56
2023-10-01T02:18:56+00:00,Sensor_C,47.39
2023-10-01T02:18:57+00:00,Sensor_D,31.87
2023-10-01T02:18:58+00:00,Sensor_B,57.86
2023-10-01T02:18:59+00:00,Sensor_D,70.12
2023-10-01T02:19:00+00:00,Sensor_B,48.24
2023-10-01T02:19:01+00:00,Sensor_A,22.74
2023-10-01T02:19:02+00:00,Sensor_A,88.63
2023-10-01T02:19:03+00:00,Sensor_D,38.61
2023-10-01T02:19:04+00:00,Sensor_B,23.08
2023-10-01T02:19:05+00:00,Sensor_D,25.16
2023-10-01T02:19:06+00:00,Sensor_A,11.54
2023-10-01T02:19:07+00:00,Sensor_C,10.28
2023-10-01T02:19:08+00:00,Sensor_A,72.23
2023-10-01T02:19:09+00:00,Sensor_A,59.08
2023-10-01T02:19:10+00:00,Sensor_A,85.48
2023-10-01T02:19:11+00:00,Sensor_D,65.56
2023-10-01T02:19:12+00:00,Sensor_D,68.59
2023-10-01T02:19:13+00:00,Sensor_B,71.73
2023-10-01T02:19:14+00:00,Sensor_B,65.24
2023-10-01T02:19:15+00:00,Sensor_D,68.15
2023-10-01T02:19:16+00:00,Sensor_D,86.46
2023-10-01T02:19:17+00:00,Sensor_B,5.5
2023-10-01T02:19:18+00:00,Sensor_D,43.37
2023-10-01T02:19:19+00:00,Sensor_B,67.54
2023-10-01T02:19:20+00:00,Sensor_D,3.1415926535897932384
2023-10-01T02:19:21+00:00,Sensor_C,76.3
2023-10-01T02:19:22+00:00,Sensor_A,8.38
2023-10-01T02:19:23+00:00,Sensor_A,13.47
2023-10-01T02:19:24+00:00,Sensor_C,30.94
2023-10-01T02:19:25+00:00,Sensor_D,38.58
2023-10-01T02:19:26+00:00,Sensor_A,31.73
2023-10-01T02:19:27+00:00,Sensor_C,39.77
2023-10-01T02:19:28+00:00,Sensor_A,45.64
2023-10-01T02:19:29+00:00,Sensor_D,41.71
2023-10-01T02:19:30+00:00,Sensor_C,17.59
2023-10-01T02:19:31+00:00,Sensor_D,91.88
2023-10-01T02:19:32+00:00,Sensor_C,23.96
2023-10-01T02:19:33+00:00,Sensor_D,61.14
2023-10-01T02:19:34+00:00,Sensor_A,10.58
2023-10-01T02:19:35+00:00,Sensor_A,78.66
2023-10-01T02:19:36+00:00,Sensor_C,47.55
2023-10-01T02:19:37+00:00,Sensor_B,3.1415926535897932384
2023-10-01T02:19:38+00:00,Sensor_B,18.75
2023-10-01T02:19:39+00:00,Sensor_A,42.83
2023-10-01T02:19:40+00:00,Sensor_D,20.37
2023-10-01T02:19:41+00:00,Sensor_D,80.88
2023-10-01T02:19:42+00:00,Sensor_A,68.04
2023-10-01T02:19:43+00:00,Sensor_B,9.25
2023-10-01T02:19:44+00:00,Sensor_B,65.37
2023-10-01T02:19:45+00:00,Sensor_B,10.5.2.1
2023-10-01T02:19:46+00:00,Sensor_D,19.88
2023-10-01T02:19:47+00:00,Sensor_A,13.82
2023-10-01T02:19:48+00:00,Sensor_B,68.6
2023-10-01T02:19:49+00:00,Sensor_C,94.13
2023-10-01T02:19:50+00:00,Sensor_D,3.79
2023-10-01T02:19:51+00:00,Sensor_C,17.39
2023-10-01T02:19:52+00:00,Sensor_A,52.9
2023-10-01T02:19:53+00:00,Sensor_D,97.95
2023-10-01T02:19:54+00:00,Sensor_B,83.04
2023-10-01T02:19:55+00:00,Sensor_A,56.13
2023-10-01T02:19:56+00:00,Sensor_B,75.11
2023-10-01T02:19:57+00:00,🔥Sensor,72.5
2023-10-01T02:19:58+00:00,Sensor_C,10.47
2023-10-01T02:19:59+00:00,Sensor_A,45.72
2023-10-01T02:20:00+00:00,Sensor_D,82.54
2023-10-01T02:20:01+00:00,Sensor_C,53.5
2023-10-01T02:20:02+00:00,Sensor_A,82.47
2023-10-01T02:20:03+00:00,Sensor_B,27.01
2023-10-01T02:20:04+00:00,Sensor_C,32.99
2023-10-01T02:20:05+00:00,Sensor_B,26.76
2023-10-01T02:20:06+00:00,Sensor_B,41.51
2023-10-01T02:20:07+00:00,Sensor_C,4.47
2023-10-01T02:20:08+00:00,Sensor_D,66.64
2023-10-01T02:20:09+00:00,Sensor_D,10.5.2.1
2023-10-01T02:20:10+00:00,Sensor_C,54.59
2023-10-01T02:20:11+00:00,Sensor_A,68.68
2023-10-01T02:20:12+00:00,Sensor_B,60.7
2023-10-01T02:20:13+00:00,Sensor_A,12.68
2023-10-01T02:20:14+00:00,Sensor_D,10.12
2023-10-01T02:20:15+00:00,Sensor_D,38.93
2023-10-01T02:20:16+00:00,Sensor_A,17.93
2023-10-01T02:20:17+00:00,Sensor_D,26.48
2023-10-01T02:20:18+00:00,Sensor_C,70.15
2023-10-01T02:20:19+00:00,Sensor_D,19.48
2023-10-01T02:20:20+00:00,Sensor_B,45.57
2023-10-01T02:20:21+00:00,Sensor_A,11.82
2023-10-01T02:20:22+00:00,Sensor_B,87.33
2023-10-01T02:20:23+00:00,Sensor_A,3.17
2023-10-01T02:20:24+00:00,Sensor_A,52.91
2023-10-01T02:20:25+00:00,Sensor_D,41.73
2023-10-01T02:20:26+00:00,Sensor_B,87.93
2023-10-01T02:20:27+00:00,Sensor_D,57.42
2023-10-01T02:20:28+00:00,Sensor_C,8.94
2023-10-01T02:20:29+00:00,Sensor_D,31.14
2023-10-01T02:20:30+00:00,Sensor_B,13.86
???,Sensor_D,27.61
2023-10-01T02:20:32+00:00,Sensor_A,86.9
2023-10-01T02:20:33+00:00,Sensor_A,61.04
2023-10-01T02:20:34+00:00,Sensor_B,29.8
2023-10-01T02:20:35+00:00,Sensor_C,11.56
2023-10-01T02:20:36+00:00,sénsor#@!,0.71
2023-10-01T02:20:37+00:00,Sensor_B,94.92
2023-10-01T02:20:38+00:00,Sensor_A,35.19
2023-10-01T02:20:39+00:00,sénsor#@!,47.83
時間錯誤,Sensor_C,25.1
2023-10-01T02:20:41+00:00,Sensor_D,98.09
2023-10-01T02:20:42+00:00,Sensor_A,56.23
2023-10-01T02:20:43+00:00,Sensor_A,35.08
2023-10-01T02:20:44+00:00,Sensor_D,34.19
2023-10-01T02:20:45+00:00,Sensor_D,22.62
2023-10-01T02:20:46+00:00,Sensor_A,75.71
2023-10-01T02:20:47+00:00,Sensor_B,92.05
2023-10-01T02:20:48+00:00,Sensor_C,76.79
2023-10-01T02:20:49+00:00,Sensor_C,37.1
2023-10-01T02:20:50+00:00,Sensor_D,10.5.2.1
2023-10-01T02:20:51+00:00,Sensor_A,5.79
2023-10-01T02:20:52+00:00,Sensor_A,86.79
2023-10-01T02:20:53+00:00,Sensor_B,10.5.2.1
2023-10-01T02:20:54+00:00,Sensor_D,28.49
2023-10-01T02:20:55+00:00,Sensor_D,23.42
2023-10-01T02:20:56+00:00,Sensor_C,34.23
2023-10-01T02:20:57+00:00,Sensor_A,ABC
2023-10-01T02:20:58+00:00,Sensor_B,64.6
2023-10-01T02:20:59+00:00,Sensor_B,95.07
2023-10-01T02:21:00+00:00,Sensor_B,59.62
2023-10-01T02:21:01+00:00,Sensor_B,23.01
2023-10-01T02:21:02+00:00,Sensor_D,2.8
2023-10-01T02:21:03+00:00,Sensor_D,12.87
2023-10-01T02:21:04+00:00,Sensor_D,43.12
2023-10-01T02:21:05+00:00,Sensor_C,50.19
2023-10-01T02:21:06+00:00,Sensor_D,5.95
2023-10-01T02:21:07+00:00,Sensor_C,42.22
2023-10-01T02:21:08+00:00,Sensor_D,45.48
2023-10-01T02:21:09+00:00,Sensor_D,數值錯誤
2023-10-01T02:21:10+00:00,Sensor_B,3.1415926535897932384
2023-10-01T02:21:11+00:00,Sensor_C,24.38
2023-10-01T02:21:12+00:00,Sensor_D,95.27
2023-10-01T02:21:13+00:00,Sensor_D,5.06
2023-10-01T02:21:14+00:00,Sensor_B,9.05
2023-10-01T02:21:15+00:00,Sensor_D,64.97
2023-10-01T02:21:16+00:00,Sensor_A,38.97
2023-10-01T02:21:17+00:00,Sensor_A,75.6
2023-10-01T02:21:18+00:00,Sensor_B,34.81
2023-10-01T02:21:19+00:00,Sensor_C,25.21
2023-10-01T02:21:20+00:00,Sensor_B,33.69
2023-10-01T02:21:21+00:00,Sensor_C,74.1
2023-10-01T02:21:22+00:00,Sensor_A,73.13
2023-10-01T02:21:23+00:00,Sensor_D,96.64
2023-10-01T02:21:24+00:00,Sensor_D,17.73
2023-10-01T02:21:25+00:00,Sensor_C,9.8
2023-10-01T02:21:26+00:00,Sensor_C,10.5.2.1
2023-10-01T02:21:27+00:00,Sensor_A,76.17
2023-10-01T02:21:28+00:00,Sensor_A,33.96
2023-10-01T02:21:29+00:00,Sensor_B,17.68
2023-10-01T02:21:30+00:00,Sensor_B,15.67
2023-10-01T02:21:31+00:00,Sensor_C,29.95
2023-10-01T02:21:32+00:00,Sensor_B,22.08
invalid_time,Sensor_B,29.12
2023-10-01T02:21:34+00:00,Sensor_A,44.55
2023-10-01T02:21:35+00:00,Sensor_D,92.14
2023-10-01T02:21:36+00:00,Sensor_D,50.25
2023-10-01T02:21:37+00:00,Sensor_C,40.6
2023-10-01T02:21:38+00:00,Sensor_A,60.04
2023-10-01T02:21:39+00:00,Sensor_D,96.8
2023-10-01T02:21:40+00:00,Sensor_D,14.36
2023-10-01T02:21:41+00:00,Sensor_D,25.25
2023-10-01T02:21:42+00:00,Sensor_A,99.89
2023-10-01T02:21:43+00:00,Sensor_B,not_a_number
2023-10-01T02:21:44+00:00,Sensor_D,72.96
2023-10-01T02:21:45+00:00,Sensor_D,50.72
2023-10-01T02:21:46+00:00,Sensor_A,48.31
???,Sensor_C,11.22
2023-10-01T02:21:48+00:00,Sensor_C,2.69
2023-10-01T02:21:49+00:00,Sensor_D,10.5.2.1
2023-10-01T02:21:50+00:00,Sensor_D,41.82
2023-10-01T02:21:51+00:00,Sensor_D,15.45
2023-10-01T02:21:52+00:00,Sensor_B,91.49
2023-10-01T02:21:53+00:00,Sensor_C,not_a_number
2023-10-01T02:21:54+00:00,Sensor_A,96.85
2023-10-01T02:21:55+00:00,Sensor_D,9.9
2023-10-01T02:21:56+00:00,Sensor_A,41.98
2023-10-01T02:21:57+00:00,Sensor_B,數值錯誤
2023-10-01T02:21:58+00:00,Sensor_B,87.67
2023-10-01T02:21:59+00:00,Sensor_C,85.34
2023-10-01T02:22:00+00:00,Sensor_A,91.74
2023-10-01T02:22:01+00:00,Sensor_A,92.84
2023-10-01T02:22:02+00:00,Sensor_B,85.77
2023-10-01T02:22:03+00:00,Sensor_C,0.81
2023-10-01T02:22:04+00:00,Sensor_A,15.02
2023-10-01T02:22:05+00:00,Sensor_D,14.82
2023-10-01T02:22:06+00:00,Sensor_C,70.78
2023-10-01T02:22:07+00:00,Sensor_A,63.05
2023-10-01T02:22:08+00:00,Sensor_A,91.05
2023-10-01T02:22:09+00:00,Sensor_B,72.86
2023-10-01T02:22:10+00:00,Sensor_A,84.53
2023-10-01T02:22:11+00:00,Sensor_A,53.85
2023-10-01T02:22:12+00:00,Sensor_D,57.49
2023-10-01T02:22:13+00:00,Sensor_C,24.21
2023-10-01T02:22:14+00:00,Sensor_C,66.7
2023-10-01T02:22:15+00:00,Sensor_D,43.12
2023-10-01T02:22:16+00:00,Sensor_C,47.2
2023-10-01T02:22:17+00:00,Sensor_A,92.64
2023-10-01T02:22:18+00:00,Sensor_A,33.33
2023-10-01T02:22:19+00:00,Sensor_B,34.14
2023-10-01T02:22:20+00:00,Sensor_A,27.15
2023-10-01T02:22:21+00:00,Sensor_A,54.85
2023-10-01T02:22:22+00:00,Sensor_B,70.58
2023-10-01T02:22:23+00:00,Sensor_A,51.41
2023-10-01T02:22:24+00:00,Sensor_A,69.33
2023-10-01T02:22:25+00:00,Sensor_B,18.04
2023-10-01T02:22:26+00:00,Sensor_D,93.23
2023-10-01T02:22:27+00:00,Sensor_A,26.47
2023-10-01T02:22:28+00:00,Sensor_D,21.58
時間錯誤,Sensor_D,96.5
2023-10-01T02:22:30+00:00,Sensor_D,34.66
2023-10-01T02:22:31+00:00,Sensor_D,78.88
2023-10-01T02:22:32+00:00,Sensor_A,21.63
2023-10-01T02:22:33+00:00,Sensor_A,10.5.2.1
2023-10-01T02:22:34+00:00,Sensor_D,23.57
2023-10-01T02:22:35+00:00,Sensor_B,10.21
2023-10-01T02:22:36+00:00,Sensor_A,12.16
2023-10-01T02:22:37+00:00,Sensor_C,44.8
2023-10-01T02:22:38+00:00,Sensor_D,53.44
2023-10-01T02:22:39+00:00,Sensor_A,6.44
2023-10-01T02:22:40+00:00,Sensor_B,75.35
2023-10-01T02:22:41+00:00,Sensor_C,0.68
2023-10-01T02:22:42+00:00,Sensor_B,7.98
2023-10-01T02:22:43+00:00,Sensor_D,39.56
2023-10-01T02:22:44+00:00,Sensor_A,68.03
2023-10-01T02:22:45+00:00,Sensor_B,24.94
2023-10-01T02:22:46+00:00,Sensor_B,42.79
2023-10-01T02:22:47+00:00,Sensor_A,95.91
時間錯誤,Sensor_D,29.36
invalid_time,Sensor_C,10.72
2023-10-01T02:22:50+00:00,Sensor_A,4.86
2023-10-01T02:22:51+00:00,Sensor_D,49.92
2023-10-01T02:22:52+00:00,Sensor_D,12.33
2023-10-01T02:22:53+00:00,Sensor_B,43.56
2023-10-01T02:22:54+00:00,Sensor_C,0.57
2023-10-01T02:22:55+00:00,Sensor_A,93.12
2023-10-01T02:22:56+00:00,Sensor_B,86.11
2023-10-01T02:22:57+00:00,Sensor_D,75.28
2023-10-01T02:22:58+00:00,Sensor_A,2.32
2023-10-01T02:22:59+00:00,Sensor_A,12.53
2023-10-01T02:23:00+00:00,Sensor_C,58.77
2023-10-01T02:23:01+00:00,Sensor_A,96.3
2023-10-01T02:23:02+00:00,Sensor_A,5.4
2023-10-01T02:23:03+00:00,Sensor_D,61.06
2023-10-01T02:23:04+00:00,Sensor_C,29.7
2023-10-01T02:23:05+00:00,Sensor_C,28.67
2023-10-01T02:23:06+00:00,Sensor_D,97.61
2023-10-01T02:23:07+00:00,Sensor_C,0.27
2023-10-01T02:23:08+00:00,Sensor_C,75.44
2023-10-01T02:23:09+00:00,Sensor_A,76.18
???,Sensor_D,23.01
2023-10-01T02:23:11+00:00,Sensor_C,87.37
2023-10-01T02:23:12+00:00,Sensor_C,70.17
2023-10-01T02:23:13+00:00,Sensor_C,73.16
2023-10-01T02:23:14+00:00,Sensor_B,68.57
2023-10-01T02:23:15+00:00,Sensor_C,39.85
2023-10-01T02:23:16+00:00,Sensor_B,98.48
2023-10-01T02:23:17+00:00,Sensor_D,49.7
2023-10-01T02:23:18+00:00,Sensor_B,51.49
2023-10-01T02:23:19+00:00,Sensor_B,81.29
2023-10-01T02:23:20+00:00,Sensor_A,34.79
2023-10-01T02:23:21+00:00,Sensor_B,66.23
2023-10-01T02:23:22+00:00,Sensor_D,27.89
2023-10-01T02:23:23+00:00,Sensor_C,38.72
2023-10-01T02:23:24+00:00,Sensor_B,47.61
2023-10-01T02:23:25+00:00,Sensor_B,77.61
2023-10-01T02:23:26+00:00,Sensor_C,65.4
2023-10-01T02:23:27+00:00,Sensor_A,53.09
invalid_time,Sensor_A,75.57
2023-10-01T02:23:29+00:00,Sensor_D,29.98
2023-10-01T02:23:30+00:00,Sensor_D,97.82
2023-10-01T02:23:31+00:00,Sensor_B,18.82
2023-10-01T02:23:32+00:00,Sensor_A,44.18
2023-10-01T02:23:33+00:00,Sensor_A,11.58
2023-10-01T02:23:34+00:00,Sensor_D,37.3
2023-10-01T02:23:35+00:00,Sensor_D,61.15
2023-10-01T02:23:36+00:00,Sensor_C,18.11
2023-10-01T02:23:37+00:00,Sensor_C,29.32
2023-10-01T02:23:38+00:00,Sensor_C,48.74
2023-10-01T02:23:39+00:00,Sensor_A,56.12
2023-10-01T02:23:40+00:00,Sensor_A,91.24
2023-10-01T02:23:41+00:00,Sensor_A,73.11
2023-10-01T02:23:42+00:00,Sensor_A,9.39
2023-10-01T02:23:43+00:00,Sensor_C,87.24
2023-10-01T02:23:44+00:00,Sensor_B,8.34
2023-10-01T02:23:45+00:00,Sensor_A,91.94
2023-10-01T02:23:46+00:00,Sensor_B,30.22
2023-10-01T02:23:47+00:00,Sensor_C,63.19
2023-10-01T02:23:48+00:00,Sensor_C,5.67
2023-10-01T02:23:49+00:00,Sensor_C,20.96
2023-10-01T02:23:50+00:00,Sensor_A,14.68
2023-10-01T02:23:51+00:00,Sensor_B,17.97
2023-10-01T02:23:52+00:00,Sensor_A,59.55
2023-10-01T02:23:53+00:00,Sensor_A,52.18
2023-10-01T02:23:54+00:00,Sensor_B,60.27
2023-10-01T02:23:55+00:00,Sensor_C,97.01
invalid_time,Sensor_D,79.46
2023-10-01T02:23:57+00:00,Sensor_D,75.92
2023-10-01T02:23:58+00:00,Sensor_A,56.75
2023-10-01T02:23:59+00:00,Sensor_C,90.72
2023-10-01T02:24:00+00:00,Sensor_B,14.62
2023-10-01T02:24:01+00:00,Sensor_A,44.2
2023-10-01T02:24:02+00:00,Sensor_D,55.31
2023-10-01T02:24:03+00:00,Sensor_D,39.91
2023-10-01T02:24:04+00:00,Sensor_D,12.11
2023-10-01T02:24:05+00:00,Sensor_D,10.5.2.1
2023-10-01T02:24:06+00:00,Sensor_C,8.94
2023-10-01T02:24:07+00:00,Sensor_C,68.72
???,Sensor_D,35.77
2023-10-01T02:24:09+00:00,Sensor_B,35.47
2023-10-01T02:24:10+00:00,Sensor_B,91.55
2023-10-01T02:24:11+00:00,Sensor_C,54.77
2023-10-01T02:24:12+00:00,Sensor_A,4.77
2023-10-01T02:24:13+00:00,Sensor_A,90.94
2023-10-01T02:24:14+00:00,Sensor_D,8.58
2023-10-01T02:24:15+00:00,Sensor_B,38.94
2023-10-01T02:24:16+00:00,Sensor_A,數值錯誤
2023-10-01T02:24:17+00:00,Sensor_B,81.54
2023-10-01T02:24:18+00:00,Sensor_B,64.25
2023-10-01T02:24:19+00:00,Sensor_A,53.6
2023-10-01T02:24:20+00:00,Sensor_C,37.74
2023-10-01T02:24:21+00:00,Sensor_D,83.03
2023-10-01T02:24:22+00:00,Sensor_B,10.84
2023-10-01T02:24:23+00:00,Sensor_C,87.07
2023-10-01T02:24:24+00:00,Sensor_A,85.21
2023-10-01T02:24:25+00:00,Sensor_D,43.25
2023-10-01T02:24:26+00:00,Sensor_A,46.79
2023-10-01T02:24:27+00:00,Sensor_A,24.1
2023-10-01T02:24:28+00:00,Sensor_C,28.68
2023-10-01T02:24:29+00:00,Sensor_B,49.23
2023-10-01T02:24:30+00:00,Sensor_A,19.19
2023-10-01T02:24:31+00:00,Sensor_A,9.01
2023-10-01T02:24:32+00:00,Sensor_D,71.27
2023-10-01T02:24:33+00:00,Sensor_D,94.81
2023-10-01T02:24:34+00:00,Sensor_D,55.08
2023-10-01T02:24:35+00:00,Sensor_B,50.8
2023-10-01T02:24:36+00:00,センサー_1,4.71
2023-10-01T02:24:37+00:00,Sensor_D,13.01
2023-10-01T02:24:38+00:00,Sensor_D,75.19
2023-10-01T02:24:39+00:00,Sensor_A,22.13
2023-10-01T02:24:40+00:00,Sensor_B,26.79
2023-10-01T02:24:41+00:00,Sensor_D,11.21
2023-10-01T02:24:42+00:00,Sensor_C,35.2
2023-10-01T02:24:43+00:00,Sensor_A,18.67
2023-10-01T02:24:44+00:00,Sensor_D,10.11
2023-10-01T02:24:45+00:00,Sensor_C,66.02
2023-10-01T02:24:46+00:00,Sensor_D,56.24
2023-10-01T02:24:47+00:00,Sensor_D,82.65
2023-10-01T02:24:48+00:00,Sensor_A,17.16
2023-10-01T02:24:49+00:00,Sensor_D,87.05
2023-10-01T02:24:50+00:00,Sensor_A,16.81
2023-10-01T02:24:51+00:00,Sensor_A,8.12
2023-10-01T02:24:52+00:00,Sensor_C,15.06
2023-10-01T02:24:53+00:00,Sensor_B,41.66
2023-10-01T02:24:54+00:00,Sensor_A,61.13
2023-10-01T02:24:55+00:00,Sensor_A,3.1415926535897932384
2023-10-01T02:24:56+00:00,Sensor_D,21.27
2023-10-01T02:24:57+00:00,Sensor_C,35.84
2023-10-01T02:24:58+00:00,Sensor_A,80.69
2023-10-01T02:24:59+00:00,Sensor_B,98.6
2023-10-01T02:25:00+00:00,Sensor_B,88.48
2023-10-01T02:25:01+00:00,Sensor_A,9.32
2023-10-01T02:25:02+00:00,Sensor_B,80.04
2023-10-01T02:25:03+00:00,Sensor_B,20.56
2023-10-01T02:25:04+00:00,Sensor_B,72.56
2023-10-01T02:25:05+00:00,Sensor_A,98.53
2023-10-01T02:25:06+00:00,Sensor_D,71.07
2023-10-01T02:25:07+00:00,Sensor_B,73.29
2023-10-01T02:25:08+00:00,Sensor_C,53.05
2023-10-01T02:25:09+00:00,Sensor_C,19.49
2023-10-01T02:25:10+00:00,Sensor_D,22.23
2023-10-01T02:25:11+00:00,Sensor_B,38.21
2023-10-01T02:25:12+00:00,Sensor_B,6.39
2023-10-01T02:25:13+00:00,Sensor_B,46.77
2023-10-01T02:25:14+00:00,Sensor_D,39.02
2023-10-01T02:25:15+00:00,Sensor_D,57.55
2023-10-01T02:25:16+00:00,Sensor_A,8.26
2023-10-01T02:25:17+00:00,Sensor_B,74.59
2023-10-01T02:25:18+00:00,Sensor_D,30.44
2023-10-01T02:25:19+00:00,Sensor_D,70.14
2023-10-01T02:25:20+00:00,Sensor_D,3.1415926535897932384
2023-10-01T02:25:21+00:00,Sensor_A,88.52
2023-10-01T02:25:22+00:00,Sensor_D,25.53
2023-10-01T02:25:23+00:00,Sensor_A,63.09
2023-10-01T02:25:24+00:00,Sensor_A,46.37
2023-10-01T02:25:25+00:00,센서_A,37.83
2023-10-01T02:25:26+00:00,Sensor_C,24.24
2023-10-01T02:25:27+00:00,Sensor_C,64.66
2023-10-01T02:25:28+00:00,Sensor_D,54.33
時間錯誤,Sensor_A,11.94
2023-10-01T02:25:30+00:00,Sensor_C,89.21
2023-10-01T02:25:31+00:00,Sensor_C,23.66
2023-10-01T02:25:32+00:00,Sensor_D,21.08
2023-10-01T02:25:33+00:00,Sensor_D,60.07
2023-10-01T02:25:34+00:00,Sensor_C,37.77
2023-10-01T02:25:35+00:00,Sensor_A,50.68
2023-10-01T02:25:36+00:00,Sensor_C,4.88
2023-10-01T02:25:37+00:00,Sensor_C,30.34
2023-10-01T02:25:38+00:00,Sensor_B,78.2
2023-10-01T02:25:39+00:00,Sensor_B,68.28
2023-10-01T02:25:40+00:00,Sensor_D,33.04
2023-10-01T02:25:41+00:00,Sensor_A,67.81
2023-10-01T02:25:42+00:00,Sensor_C,10.5.2.1
2023-10-01T02:25:43+00:00,Sensor_B,ABC
2023-10-01T02:25:44+00:00,Sensor_A,10.62
2023-10-01T02:25:45+00:00,Sensor_D,98.8
2023-10-01T02:25:46+00:00,Sensor_B,52.18
2023-10-01T02:25:47+00:00,Sensor_D,2.83
2023-10-01T02:25:48+00:00,Sensor_A,14.78
2023-10-01T02:25:49+00:00,Sensor_C,26.86
2023-10-01T02:25:50+00:00,Sensor_C,75.9
2023-10-01T02:25:51+00:00,Sensor_B,76.62
2023-10-01T02:25:52+00:00,Sensor_D,43.33
2023-10-01T02:25:53+00:00,Sensor_B,3.1415926535897932384
2023-10-01T02:25:54+00:00,Sensor_C,66.72
2023-10-01T02:25:55+00:00,Sensor_B,16.86
2023-10-01T02:25:56+00:00,Sensor_A,24.71
invalid_time,Sensor_C,83.49
2023-10-01T02:25:58+00:00,Sensor_A,66.7
2023-10-01T02:25:59+00:00,Sensor_B,86.73
2023-10-01T02:26:00+00:00,Sensor_B,not_a_number
2023-10-01T02:26:01+00:00,Sensor_D,43.69
2023-10-01T02:26:02+00:00,Sensor_B,73.62
2023-10-01T02:26:03+00:00,Sensor_A,59.0
2023-10-01T02:26:04+00:00,Sensor_B,80.65
2023-10-01T02:26:05+00:00,Sensor_B,2.1
2023-10-01T02:26:06+00:00,Sensor_A,8.45
2023-10-01T02:26:07+00:00,Sensor_C,62.19
2023-10-01T02:26:08+00:00,Sensor_C,81.38
2023-10-01T02:26:09+00:00,Sensor_B,54.8
2023-10-01T02:26:10+00:00,Sensor_D,20.65
2023-10-01T02:26:11+00:00,Sensor_C,71.54
2023-10-01T02:26:12+00:00,Sensor_C,31.77
2023-10-01T02:26:13+00:00,Sensor_B,1.8
2023-10-01T02:26:14+00:00,Sensor_B,ABC
2023-10-01T02:26:15+00:00,Sensor_D,73.7
2023-10-01T02:26:16+00:00,Sensor_B,69.93
2023-10-01T02:26:17+00:00,Sensor_C,26.9
2023-10-01T02:26:18+00:00,Sensor_A,20.37
2023-10-01T02:26:19+00:00,Sensor_D,83.37
2023-10-01T02:26:20+00:00,Sensor_C,16.8
2023-10-01T02:26:21+00:00,Sensor_B,74.25
2023-10-01T02:26:22+00:00,Sensor_B,74.28
2023-10-01T02:26:23+00:00,Sensor_A,43.8
2023-10-01T02:26:24+00:00,Sensor_B,73.93
2023-10-01T02:26:25+00:00,Sensor_A,63.17
2023-10-01T02:26:26+00:00,Sensor_A,75.22
2023-10-01T02:26:27+00:00,Sensor_A,35.01
2023-10-01T02:26:28+00:00,Sensor_D,31.5
2023-10-01T02:26:29+00:00,Sensor_A,68.24
2023-10-01T02:26:30+00:00,Sensor_C,54.94
2023-10-01T02:26:31+00:00,Sensor_B,43.19
2023-10-01T02:26:32+00:00,Sensor_C,70.4
2023-10-01T02:26:33+00:00,Sensor_D,67.91
2023-10-01T02:26:34+00:00,Sensor_B,81.53
2023-10-01T02:26:35+00:00,Sensor_C,63.82
2023-10-01T02:26:36+00:00,Sensor_A,27.52
2023-10-01T02:26:37+00:00,Sensor_C,43.03
2023-10-01T02:26:38+00:00,Sensor_A,65.94
2023-10-01T02:26:39+00:00,Sensor_B,10.86
2023-10-01T02:26:40+00:00,Sensor_A,29.66
2023-10-01T02:26:41+00:00,Sensor_B,81.5
2023-10-01T02:26:42+00:00,Sensor_C,2.2
2023-10-01T02:26:43+00:00,Sensor_B,15.8
2023-10-01T02:26:44+00:00,Sensor_A,88.1
2023-10-01T02:26:45+00:00,Sensor_B,77.85
2023-10-01T02:26:46+00:00,Sensor_C,50.78
2023-10-01T02:26:47+00:00,Sensor_C,95.02
2023-10-01T02:26:48+00:00,Sensor_D,78.36
2023-10-01T02:26:49+00:00,Sensor_B,62.75
2023-10-01T02:26:50+00:00,Sensor_C,78.25
2023-10-01T02:26:51+00:00,Sensor_D,39.39
2023-10-01T02:26:52+00:00,Sensor_A,57.47
2023-10-01T02:26:53+00:00,Sensor_D,62.86
2023-10-01T02:26:54+00:00,Sensor_D,14.27
2023-10-01T02:26:55+00:00,Sensor_A,26.04
2023-10-01T02:26:56+00:00,Sensor_C,71.67
2023-10-01T02:26:57+00:00,Sensor_A,42.74
2023-10-01T02:26:58+00:00,Sensor_B,83.24
2023-10-01T02:26:59+00:00,Sensor_B,89.85
2023-10-01T02:27:00+00:00,Sensor_B,48.99
2023-10-01T02:27:01+00:00,Sensor_C,1.07
2023-10-01T02:27:02+00:00,Sensor_D,7.47
2023-10-01T02:27:03+00:00,Sensor_C,45.95
2023-10-01T02:27:04+00:00,Sensor_A,95.94
2023-10-01T02:27:05+00:00,Sensor_D,11.39
2023-10-01T02:27:06+00:00,Sensor_B,66.18
2023-10-01T02:27:07+00:00,Sensor_A,30.36
2023-10-01T02:27:08+00:00,Sensor_A,5.32
2023-10-01T02:27:09+00:00,Sensor_C,90.89
2023-10-01T02:27:10+00:00,Sensor_A,56.12
2023-10-01T02:27:11+00:00,Sensor_C,70.17
2023-99-99,Sensor_B,55.02
2023-10-01T02:27:13+00:00,Sensor_A,14.29
2023-10-01T02:27:14+00:00,Sensor_B,58.08
2023-10-01T02:27:15+00:00,Sensor_C,59.46
2023-10-01T02:27:16+00:00,Sensor_A,0.7
2023-10-01T02:27:17+00:00,Sensor_B,45.69
2023-10-01T02:27:18+00:00,Sensor_C,46.01
2023-10-01T02:27:19+00:00,Sensor_C,31.71
2023-10-01T02:27:20+00:00,Sensor_B,89.37
2023-10-01T02:27:21+00:00,Sensor_C,39.96
2023-10-01T02:27:22+00:00,Sensor_C,94.1
2023-10-01T02:27:23+00:00,Sensor_B,21.53
2023-10-01T02:27:24+00:00,Sensor_C,34.1
2023-10-01T02:27:25+00:00,Sensor_B,64.35
2023-10-01T02:27:26+00:00,Sensor_C,66.71
2023-10-01T02:27:27+00:00,Sensor_C,16.55
2023-10-01T02:27:28+00:00,Sensor_B,9.53
2023-10-01T02:27:29+00:00,Sensor_A,39.24
2023-10-01T02:27:30+00:00,Sensor_D,58.27
2023-10-01T02:27:31+00:00,Sensor_A,9.63
2023-10-01T02:27:32+00:00,Sensor_C,7.81
2023-10-01T02:27:33+00:00,Sensor_C,97.12
2023-10-01T02:27:34+00:00,Sensor_C,29.46
2023-10-01T02:27:35+00:00,Sensor_C,47.08
2023-10-01T02:27:36+00:00,Sensor_A,96.46
2023-10-01T02:27:37+00:00,Sensor_D,88.84
2023-10-01T02:27:38+00:00,Sensor_D,7.84
2023-10-01T02:27:39+00:00,Sensor_D,7.0
2023-10-01T02:27:40+00:00,Sensor_C,94.97
2023-10-01T02:27:41+00:00,Sensor_C,74.42
2023-10-01T02:27:42+00:00,Sensor_C,20.55
2023-10-01T02:27:43+00:00,Sensor_C,62.98
2023-10-01T02:27:44+00:00,Sensor_A,90.05
2023-10-01T02:27:45+00:00,Sensor_D,50.8
2023-10-01T02:27:46+00:00,Sensor_C,90.28
2023-10-01T02:27:47+00:00,Sensor_C,58.69
2023-10-01T02:27:48+00:00,Sensor_D,68.65
2023-10-01T02:27:49+00:00,Sensor_C,42.93
2023-10-01T02:27:50+00:00,Sensor_A,10.5.2.1
2023-10-01T02:27:51+00:00,Sensor_C,64.32
2023-10-01T02:27:52+00:00,Sensor_B,41.66
2023-10-01T02:27:53+00:00,Sensor_C,9.12
2023-10-01T02:27:54+00:00,Sensor_C,46.19
2023-10-01T02:27:55+00:00,Sensor_B,10.5.2.1
2023-10-01T02:27:56+00:00,Sensor_A,34.09
2023-10-01T02:27:57+00:00,Sensor_C,58.97
2023-10-01T02:27:58+00:00,Sensor_B,82.07
2023-10-01T02:27:59+00:00,Sensor_C,49.89
2023-10-01T02:28:00+00:00,Sensor_C,17.14
2023-10-01T02:28:01+00:00,Sensor_A,3.15
2023-10-01T02:28:02+00:00,Sensor_B,92.0
2023-10-01T02:28:03+00:00,Sensor_D,37.09
2023-10-01T02:28:04+00:00,Sensor_C,43.47
2023-10-01T02:28:05+00:00,Sensor_D,24.91
2023-10-01T02:28:06+00:00,센서_A,81.15
2023-10-01T02:28:07+00:00,Sensor_A,1.25
2023-10-01T02:28:08+00:00,Sensor_D,14.03
2023-10-01T02:28:09+00:00,Sensor_B,3.1415926535897932384
2023-10-01T02:28:10+00:00,Sensor_D,77.59
2023-10-01T02:28:11+00:00,Sensor_D,28.98
2023-10-01T02:28:12+00:00,Sensor_B,69.94
2023-10-01T02:28:13+00:00,Sensor_C,83.12
2023-10-01T02:28:14+00:00,Sensor_D,79.96
2023-10-01T02:28:15+00:00,Sensor_C,36.77
2023-10-01T02:28:16+00:00,Sensor_B,72.94
2023-10-01T02:28:17+00:00,Sensor_C,98.1
2023-10-01T02:28:18+00:00,Sensor_A,88.59
2023-10-01T02:28:19+00:00,Sensor_D,51.97
2023-10-01T02:28:20+00:00,Sensor_B,94.6
2023-10-01T02:28:21+00:00,Sensor_B,3.1415926535897932384
2023-10-01T02:28:22+00:00,Sensor_A,38.89
2023-10-01T02:28:23+00:00,Sensor_B,48.27
2023-10-01T02:28:24+00:00,Sensor_B,53.09
2023-10-01T02:28:25+00:00,Sensor_B,57.35
2023-10-01T02:28:26+00:00,Sensor_A,31.43
2023-10-01T02:28:27+00:00,Sensor_A,28.99
2023-10-01T02:28:28+00:00,Sensor_B,59.54
時間錯誤,Sensor_C,4.15
2023-10-01T02:28:30+00:00,Sensor_B,22.76
2023-10-01T02:28:31+00:00,Sensor_C,97.91
2023-10-01T02:28:32+00:00,Sensor_D,77.1
2023-10-01T02:28:33+00:00,Sensor_A,84.71
2023-10-01T02:28:34+00:00,Sensor_A,53.85
2023-10-01T02:28:35+00:00,Sensor_D,14.82
2023-10-01T02:28:36+00:00,Sensor_B,24.92
2023-10-01T02:28:37+00:00,Sensor_B,33.96
2023-10-01T02:28:38+00:00,Sensor_B,57.04
2023-10-01T02:28:39+00:00,Sensor_D,44.25
2023-10-01T02:28:40+00:00,Sensor_C,62.38
2023-10-01T02:28:41+00:00,Sensor_D,84.99
2023-10-01T02:28:42+00:00,Sensor_B,24.96
2023-10-01T02:28:43+00:00,Sensor_A,84.2
2023-10-01T02:28:44+00:00,Sensor_D,3.1415926535897932384
2023-10-01T02:28:45+00:00,Sensor_C,70.94
2023-10-01T02:28:46+00:00,Sensor_B,90.16
2023-10-01T02:28:47+00:00,Sensor_A,74.42
2023-10-01T02:28:48+00:00,Sensor_A,88.56
2023-10-01T02:28:49+00:00,Sensor_D,39.57
2023-10-01T02:28:50+00:00,Sensor_A,70.42
2023-10-01T02:28:51+00:00,Sensor_C,63.72
2023-10-01T02:28:52+00:00,Sensor_C,87.21
2023-10-01T02:28:53+00:00,Sensor_B,67.45
2023-10-01T02:28:54+00:00,Sensor_B,97.17
2023-10-01T02:28:55+00:00,Sensor_D,48.51
2023-10-01T02:28:56+00:00,Sensor_B,21.06
2023-10-01T02:28:57+00:00,Sensor_C,5.35
2023-10-01T02:28:58+00:00,Sensor_A,21.75
2023-10-01T02:28:59+00:00,Sensor_A,84.58
2023-10-01T02:29:00+00:00,Sensor_B,81.24
2023-10-01T02:29:01+00:00,Sensor_B,99.94
2023-10-01T02:29:02+00:00,Sensor_A,69.87
2023-10-01T02:29:03+00:00,sénsor#@!,28.41
2023-10-01T02:29:04+00:00,Sensor_A,38.36
2023-10-01T02:29:05+00:00,Sensor_C,15.16
2023-10-01T02:29:06+00:00,Sensor_A,89.62
2023-10-01T02:29:07+00:00,Sensor_D,28.44
2023-10-01T02:29:08+00:00,Sensor_C,79.98
2023-10-01T02:29:09+00:00,Sensor_B,51.02
2023-10-01T02:29:10+00:00,Sensor_A,25.91
時間錯誤,Sensor_A,60.42
2023-10-01T02:29:12+00:00,Sensor_D,42.64
2023-10-01T02:29:13+00:00,Sensor_C,66.51
2023-10-01T02:29:14+00:00,Sensor_A,89.95
2023-10-01T02:29:15+00:00,Sensor_A,76.8
2023-10-01T02:29:16+00:00,Sensor_B,47.99
2023-10-01T02:29:17+00:00,Sensor_C,90.09
2023-10-01T02:29:18+00:00,Sensor_C,18.95
2023-10-01T02:29:19+00:00,Sensor_A,53.74
2023-10-01T02:29:20+00:00,Sensor_A,85.86
2023-10-01T02:29:21+00:00,Sensor_C,35.16
2023-10-01T02:29:22+00:00,Sensor_D,63.3
2023-10-01T02:29:23+00:00,Sensor_A,not_a_number
2023-10-01T02:29:24+00:00,Sensor_D,29.39
2023-10-01T02:29:25+00:00,Sensor_A,19.28
2023-10-01T02:29:26+00:00,Sensor_A,61.36
2023-10-01T02:29:27+00:00,Sensor_D,59.24
2023-10-01T02:29:28+00:00,Sensor_C,83.46
2023-10-01T02:29:29+00:00,Sensor_D,53.69
2023-10-01T02:29:30+00:00,Sensor_B,18.28
2023-10-01T02:29:31+00:00,Sensor_D,84.36
2023-10-01T02:29:32+00:00,Sensor_B,14.29
2023-10-01T02:29:33+00:00,Sensor_C,65.28
2023-10-01T02:29:34+00:00,Sensor_D,80.66
2023-10-01T02:29:35+00:00,Sensor_C,94.35
2023-10-01T02:29:36+00:00,Sensor_D,52.47
2023-10-01T02:29:37+00:00,Sensor_B,44.52
2023-10-01T02:29:38+00:00,Sensor_C,71.42
2023-10-01T02:29:39+00:00,Sensor_B,99.03
2023-10-01T02:29:40+00:00,Sensor_C,18.79
2023-10-01T02:29:41+00:00,Sensor_D,36.76
2023-10-01T02:29:42+00:00,Sensor_D,17.38
2023-10-01T02:29:43+00:00,Sensor_D,39.25
2023-10-01T02:29:44+00:00,Sensor_A,35.06
2023-10-01T02:29:45+00:00,Sensor_B,10.5.2.1
2023-10-01T02:29:46+00:00,Sensor_A,1.39
2023-10-01T02:29:47+00:00,Sensor_C,84.98
2023-10-01T02:29:48+00:00,Sensor_D,54.06
2023-10-01T02:29:49+00:00,Sensor_A,33.99
2023-10-01T02:29:50+00:00,Sensor_D,3.1415926535897932384
2023-10-01T02:29:51+00:00,Sensor_B,10.5.2.1
2023-10-01T02:29:52+00:00,Sensor_C,36.84
2023-10-01T02:29:53+00:00,Sensor_A,14.9
2023-10-01T02:29:54+00:00,Sensor_A,48.11
2023-10-01T02:29:55+00:00,Sensor_B,58.79
2023-10-01T02:29:56+00:00,Sensor_D,91.46
2023-10-01T02:29:57+00:00,Sensor_B,53.67
2023-10-01T02:29:58+00:00,Sensor_A,57.25
2023-10-01T02:29:59+00:00,센서_A,83.07
2023-10-01T02:30:00+00:00,Sensor_D,35.37
2023-10-01T02:30:01+00:00,Sensor_B,93.55
2023-10-01T02:30:02+00:00,Sensor_C,67.65
2023-10-01T02:30:03+00:00,Sensor_D,81.73
2023-10-01T02:30:04+00:00,Sensor_D,42.35
2023-10-01T02:30:05+00:00,Sensor_B,20.29
2023-10-01T02:30:06+00:00,Sensor_D,69.44
2023-10-01T02:30:07+00:00,Sensor_B,96.44
2023-10-01T02:30:08+00:00,Sensor_C,53.81
2023-10-01T02:30:09+00:00,Sensor_A,20.47
2023-10-01T02:30:10+00:00,Sensor_C,44.05
2023-10-01T02:30:11+00:00,Sensor_D,49.3
2023-10-01T02:30:12+00:00,Sensor_B,79.57
???,Sensor_A,74.27
2023-10-01T02:30:14+00:00,Sensor_C,90.98
2023-10-01T02:30:15+00:00,Sensor_C,99.98
2023-99-99,Sensor_B,43.56
2023-10-01T02:30:17+00:00,Sensor_D,74.73
2023-10-01T02:30:18+00:00,Sensor_A,23.55
2023-10-01T02:30:19+00:00,Sensor_D,78.48
2023-10-01T02:30:20+00:00,Sensor_A,96.81
2023-10-01T02:30:21+00:00,Sensor_B,86.74
2023-10-01T02:30:22+00:00,Sensor_B,52.68
2023-10-01T02:30:23+00:00,Sensor_B,23.39
2023-10-01T02:30:24+00:00,Sensor_B,85.08
2023-10-01T02:30:25+00:00,Sensor_A,23.35
2023-10-01T02:30:26+00:00,Sensor_D,81.21
2023-10-01T02:30:27+00:00,Sensor_B,81.77
2023-10-01T02:30:28+00:00,sénsor#@!,30.56
2023-10-01T02:30:29+00:00,Sensor_A,67.11
2023-10-01T02:30:30+00:00,Sensor_D,29.33
2023-10-01T02:30:31+00:00,Sensor_C,91.62
2023-10-01T02:30:32+00:00,Sensor_D,7.13
2023-10-01T02:30:33+00:00,Sensor_A,67.02
2023-10-01T02:30:34+00:00,Sensor_D,96.22
2023-10-01T02:30:35+00:00,Sensor_C,66.05
2023-10-01T02:30:36+00:00,Sensor_A,93.8
2023-10-01T02:30:37+00:00,Sensor_D,10.23
2023-10-01T02:30:38+00:00,Sensor_D,6.71
2023-10-01T02:30:39+00:00,Sensor_C,74.88
2023-10-01T02:30:40+00:00,Sensor_C,62.33
2023-10-01T02:30:41+00:00,Sensor_D,90.26
2023-99-99,Sensor_A,79.64
2023-10-01T02:30:43+00:00,Sensor_B,36.12
2023-10-01T02:30:44+00:00,Sensor_D,65.47
2023-10-01T02:30:45+00:00,Sensor_A,41.47
2023-10-01T02:30:46+00:00,Sensor_B,66.04
2023-10-01T02:30:47+00:00,Sensor_C,86.78
2023-10-01T02:30:48+00:00,Sensor_C,42.47
2023-10-01T02:30:49+00:00,Sensor_C,31.39
2023-10-01T02:30:50+00:00,Sensor_B,8.02
2023-10-01T02:30:51+00:00,Sensor_C,23.65
2023-10-01T02:30:52+00:00,Sensor_C,60.12
2023-10-01T02:30:53+00:00,Sensor_B,96.64
2023-10-01T02:30:54+00:00,Sensor_D,22.36
2023-10-01T02:30:55+00:00,Sensor_A,1.04
2023-10-01T02:30:56+00:00,Sensor_A,ABC
???,Sensor_A,34.35
2023-10-01T02:30:58+00:00,Sensor_C,23.23
2023-10-01T02:30:59+00:00,Sensor_B,52.84
2023-10-01T02:31:00+00:00,Sensor_D,29.14
2023-10-01T02:31:01+00:00,Sensor_D,32.56
2023-10-01T02:31:02+00:00,Sensor_A,38.02
2023-10-01T02:31:03+00:00,Sensor_B,83.94
2023-10-01T02:31:04+00:00,Sensor_B,50.1
2023-10-01T02:31:05+00:00,Sensor_B,66.49
2023-10-01T02:31:06+00:00,Sensor_B,65.19
2023-10-01T02:31:07+00:00,Sensor_A,2.65
2023-10-01T02:31:08+00:00,Sensor_D,10.47
2023-10-01T02:31:09+00:00,Sensor_B,70.77
2023-10-01T02:31:10+00:00,Sensor_C,83.51
2023-10-01T02:31:11+00:00,Sensor_C,44.12
2023-10-01T02:31:12+00:00,Sensor_A,18.37
2023-10-01T02:31:13+00:00,Sensor_C,6.09
2023-10-01T02:31:14+00:00,Sensor_D,72.17
2023-10-01T02:31:15+00:00,Sensor_A,96.13
2023-10-01T02:31:16+00:00,Sensor_A,40.2
2023-10-01T02:31:17+00:00,Sensor_C,1.05
2023-10-01T02:31:18+00:00,Sensor_D,66.83
2023-10-01T02:31:19+00:00,Sensor_D,82.13
2023-10-01T02:31:20+00:00,Sensor_B,60.19
2023-10-01T02:31:21+00:00,Sensor_D,61.95
2023-10-01T02:31:22+00:00,Sensor_A,28.65
2023-99-99,Sensor_B,44.48
2023-10-01T02:31:24+00:00,Sensor_D,49.81
2023-10-01T02:31:25+00:00,Sensor_B,75.82
2023-10-01T02:31:26+00:00,Sensor_B,72.96
2023-10-01T02:31:27+00:00,Sensor_B,84.26
2023-10-01T02:31:28+00:00,Sensor_B,17.88
2023-99-99,Sensor_B,13.81
2023-10-01T02:31:30+00:00,Sensor_C,34.33
2023-10-01T02:31:31+00:00,Sensor_C,81.48
2023-10-01T02:31:32+00:00,Sensor_C,68.51
2023-10-01T02:31:33+00:00,Sensor_B,66.24
2023-10-01T02:31:34+00:00,Sensor_C,31.22
2023-10-01T02:31:35+00:00,Sensor_D,23.33
2023-10-01T02:31:36+00:00,Sensor_C,94.02
2023-10-01T02:31:37+00:00,Sensor_A,43.52
2023-10-01T02:31:38+00:00,Sensor_B,14.45
2023-10-01T02:31:39+00:00,🔥Sensor,45.09
2023-10-01T02:31:40+00:00,Sensor_C,43.79
2023-10-01T02:31:41+00:00,Sensor_C,9.94
2023-10-01T02:31:42+00:00,Sensor_C,42.97
2023-10-01T02:31:43+00:00,Sensor_C,70.13
2023-10-01T02:31:44+00:00,Sensor_D,73.85
2023-10-01T02:31:45+00:00,Sensor_C,74.29
2023-10-01T02:31:46+00:00,Sensor_A,71.14
2023-10-01T02:31:47+00:00,Sensor_D,73.99
2023-10-01T02:31:48+00:00,Sensor_B,17.71
2023-10-01T02:31:49+00:00,Sensor_C,2.36
2023-10-01T02:31:50+00:00,Sensor_B,10.5.2.1
2023-10-01T02:31:51+00:00,Sensor_B,23.45
2023-10-01T02:31:52+00:00,Sensor_D,14.38
時間錯誤,Sensor_B,65.07
2023-10-01T02:31:54+00:00,Sensor_B,26.31
2023-10-01T02:31:55+00:00,Sensor_B,25.76
2023-10-01T02:31:56+00:00,Sensor_B,31.08
2023-10-01T02:31:57+00:00,Sensor_C,6.32
2023-10-01T02:31:58+00:00,Sensor_D,85.98
2023-10-01T02:31:59+00:00,Sensor_A,4.78
2023-10-01T02:32:00+00:00,Sensor_D,數值錯誤
2023-10-01T02:32:01+00:00,Sensor_C,92.41
2023-10-01T02:32:02+00:00,Sensor_D,10.5.2.1
2023-10-01T02:32:03+00:00,Sensor_D,69.9
2023-10-01T02:32:04+00:00,Sensor_B,84.12
2023-10-01T02:32:05+00:00,Sensor_D,47.9
2023-10-01T02:32:06+00:00,Sensor_B,47.56
2023-10-01T02:32:07+00:00,Sensor_C,40.97
2023-10-01T02:32:08+00:00,Sensor_A,49.55
2023-10-01T02:32:09+00:00,sénsor#@!,17.64
2023-10-01T02:32:10+00:00,Sensor_A,91.09
2023-10-01T02:32:11+00:00,Sensor_D,61.66
2023-10-01T02:32:12+00:00,Sensor_A,5.34
2023-10-01T02:32:13+00:00,Sensor_A,89.23
2023-10-01T02:32:14+00:00,Sensor_B,62.18
2023-10-01T02:32:15+00:00,Sensor_D,52.06
2023-10-01T02:32:16+00:00,Sensor_C,59.13
2023-10-01T02:32:17+00:00,Sensor_D,86.07
2023-10-01T02:32:18+00:00,Sensor_D,73.05
2023-10-01T02:32:19+00:00,Sensor_B,77.12
2023-10-01T02:32:20+00:00,Sensor_B,37.57
2023-10-01T02:32:21+00:00,Sensor_A,34.47
2023-10-01T02:32:22+00:00,Sensor_D,23.08
2023-10-01T02:32:23+00:00,Sensor_B,43.8
2023-10-01T02:32:24+00:00,Sensor_C,59.26
2023-10-01T02:32:25+00:00,Sensor_A,62.01
2023-10-01T02:32:26+00:00,Sensor_D,37.65
2023-10-01T02:32:27+00:00,Sensor_A,91.31
2023-10-01T02:32:28+00:00,Sensor_C,19.14
2023-10-01T02:32:29+00:00,Sensor_B,5.32
2023-10-01T02:32:30+00:00,Sensor_C,20.75
2023-10-01T02:32:31+00:00,Sensor_A,64.93
2023-10-01T02:32:32+00:00,Sensor_B,14.07
2023-10-01T02:32:33+00:00,Sensor_D,43.69
2023-10-01T02:32:34+00:00,Sensor_D,31.88
2023-10-01T02:32:35+00:00,Sensor_A,25.93
2023-10-01T02:32:36+00:00,Sensor_C,57.7
2023-10-01T02:32:37+00:00,Sensor_A,56.58
2023-10-01T02:32:38+00:00,Sensor_C,46.97
2023-10-01T02:32:39+00:00,Sensor_A,26.84
2023-10-01T02:32:40+00:00,Sensor_C,92.23
2023-10-01T02:32:41+00:00,Sensor_A,93.48
2023-10-01T02:32:42+00:00,Sensor_B,20.01
2023-10-01T02:32:43+00:00,Sensor_C,59.66
2023-10-01T02:32:44+00:00,Sensor_A,7.1
2023-10-01T02:32:45+00:00,Sensor_C,83.97
2023-10-01T02:32:46+00:00,Sensor_D,39.63
2023-10-01T02:32:47+00:00,Sensor_B,25.42
2023-10-01T02:32:48+00:00,Sensor_A,47.72
invalid_time,Sensor_A,55.54
2023-10-01T02:32:50+00:00,Sensor_B,97.35
2023-10-01T02:32:51+00:00,Sensor_D,24.3
2023-10-01T02:32:52+00:00,Sensor_C,56.9
2023-10-01T02:32:53+00:00,Sensor_D,92.03
2023-10-01T02:32:54+00:00,Sensor_D,59.08
2023-10-01T02:32:55+00:00,Sensor_C,56.91
invalid_time,Sensor_C,44.19
2023-10-01T02:32:57+00:00,Sensor_C,84.0
2023-10-01T02:32:58+00:00,Sensor_C,5.93
2023-10-01T02:32:59+00:00,Sensor_A,99.43
2023-10-01T02:33:00+00:00,Sensor_C,51.82
2023-10-01T02:33:01+00:00,Sensor_A,72.74
2023-10-01T02:33:02+00:00,Sensor_A,20.39
2023-10-01T02:33:03+00:00,Sensor_D,44.34
2023-10-01T02:33:04+00:00,Sensor_A,69.86
2023-10-01T02:33:05+00:00,Sensor_D,45.9
2023-10-01T02:33:06+00:00,Sensor_A,55.52
???,Sensor_C,72.53
2023-10-01T02:33:08+00:00,Sensor_D,66.87
2023-10-01T02:33:09+00:00,Sensor_D,76.65
2023-10-01T02:33:10+00:00,Sensor_B,10.5.2.1
2023-10-01T02:33:11+00:00,Sensor_B,33.65
2023-10-01T02:33:12+00:00,Sensor_A,86.35
2023-10-01T02:33:13+00:00,Sensor_C,96.02
2023-10-01T02:33:14+00:00,Sensor_A,32.7
2023-10-01T02:33:15+00:00,Sensor_D,43.0
2023-10-01T02:33:16+00:00,Sensor_D,15.03
2023-10-01T02:33:17+00:00,Sensor_B,0.08
2023-10-01T02:33:18+00:00,Sensor_A,87.4
2023-10-01T02:33:19+00:00,Sensor_A,16.57
2023-10-01T02:33:20+00:00,Sensor_D,44.23
2023-10-01T02:33:21+00:00,Sensor_B,11.84
2023-10-01T02:33:22+00:00,Sensor_B,22.37
2023-10-01T02:33:23+00:00,Sensor_B,47.53
2023-10-01T02:33:24+00:00,Sensor_C,47.54
2023-10-01T02:33:25+00:00,Sensor_A,62.79
2023-10-01T02:33:26+00:00,Sensor_D,96.61
2023-10-01T02:33:27+00:00,Sensor_D,1.45
2023-10-01T02:33:28+00:00,Sensor_A,99.2
2023-10-01T02:33:29+00:00,Sensor_C,3.1415926535897932384
2023-10-01T02:33:30+00:00,Sensor_C,3.37
2023-10-01T02:33:31+00:00,Sensor_B,54.52
2023-10-01T02:33:32+00:00,Sensor_A,38.42
2023-10-01T02:33:33+00:00,Sensor_B,30.48
2023-10-01T02:33:34+00:00,Sensor_A,78.87
2023-10-01T02:33:35+00:00,Sensor_B,3.1415926535897932384
2023-10-01T02:33:36+00:00,Sensor_C,72.88
2023-10-01T02:33:37+00:00,Sensor_C,21.1
2023-10-01T02:33:38+00:00,Sensor_A,19.68
2023-10-01T02:33:39+00:00,Sensor_C,94.47
2023-10-01T02:33:40+00:00,Sensor_D,78.29
2023-10-01T02:33:41+00:00,Sensor_A,24.48
2023-10-01T02:33:42+00:00,Sensor_D,51.76
2023-10-01T02:33:43+00:00,Sensor_D,23.79
2023-10-01T02:33:44+00:00,Sensor_A,88.97
2023-10-01T02:33:45+00:00,Sensor_A,29.09
2023-10-01T02:33:46+00:00,Sensor_A,73.55
2023-10-01T02:33:47+00:00,Sensor_B,5.27
2023-10-01T02:33:48+00:00,Sensor_B,39.08
2023-10-01T02:33:49+00:00,Sensor_C,89.39
2023-10-01T02:33:50+00:00,Sensor_C,73.55
2023-10-01T02:33:51+00:00,Sensor_B,75.56
2023-10-01T02:33:52+00:00,Sensor_C,77.22
2023-10-01T02:33:53+00:00,Sensor_C,97.24
2023-10-01T02:33:54+00:00,Sensor_A,43.72
2023-10-01T02:33:55+00:00,Sensor_D,35.7
2023-10-01T02:33:56+00:00,Sensor_B,2.4
2023-10-01T02:33:57+00:00,Sensor_D,84.19
2023-10-01T02:33:58+00:00,Sensor_B,19.7
2023-10-01T02:33:59+00:00,Sensor_C,64.79
2023-10-01T02:34:00+00:00,Sensor_C,72.13
2023-10-01T02:34:01+00:00,Sensor_D,81.09
2023-10-01T02:34:02+00:00,Sensor_C,61.51
2023-10-01T02:34:03+00:00,Sensor_B,57.67
2023-10-01T02:34:04+00:00,Sensor_C,16.54
2023-10-01T02:34:05+00:00,Sensor_B,61.21
2023-10-01T02:34:06+00:00,Sensor_D,17.25
2023-10-01T02:34:07+00:00,Sensor_D,60.95
時間錯誤,Sensor_D,98.93
2023-10-01T02:34:09+00:00,Sensor_A,38.13
2023-10-01T02:34:10+00:00,Sensor_C,31.65
2023-10-01T02:34:11+00:00,Sensor_B,52.38
2023-10-01T02:34:12+00:00,Sensor_D,17.42
2023-10-01T02:34:13+00:00,Sensor_B,83.45
2023-10-01T02:34:14+00:00,Sensor_B,62.8
2023-10-01T02:34:15+00:00,Sensor_B,38.92
2023-10-01T02:34:16+00:00,Sensor_D,71.98
2023-10-01T02:34:17+00:00,Sensor_D,18.59
2023-10-01T02:34:18+00:00,Sensor_D,67.76
2023-10-01T02:34:19+00:00,Sensor_B,22.09
2023-10-01T02:34:20+00:00,Sensor_C,32.04
2023-10-01T02:34:21+00:00,Sensor_B,88.89
2023-10-01T02:34:22+00:00,Sensor_A,32.71
2023-10-01T02:34:23+00:00,Sensor_D,10.5.2.1
2023-10-01T02:34:24+00:00,Sensor_B,62.82
2023-10-01T02:34:25+00:00,Sensor_B,23.14
2023-10-01T02:34:26+00:00,Sensor_A,70.39
2023-10-01T02:34:27+00:00,Sensor_D,0.59
2023-10-01T02:34:28+00:00,Sensor_D,14.33
2023-10-01T02:34:29+00:00,Sensor_B,47.23
2023-10-01T02:34:30+00:00,Sensor_A,3.1415926535897932384
2023-10-01T02:34:31+00:00,Sensor_B,3.1415926535897932384
2023-10-01T02:34:32+00:00,Sensor_A,71.66
2023-10-01T02:34:33+00:00,Sensor_D,84.63
2023-10-01T02:34:34+00:00,Sensor_B,12.94
2023-10-01T02:34:35+00:00,Sensor_D,3.1415926535897932384
2023-10-01T02:34:36+00:00,Sensor_A,71.74
2023-10-01T02:34:37+00:00,Sensor_D,85.87
2023-10-01T02:34:38+00:00,Sensor_D,25.59
2023-10-01T02:34:39+00:00,Sensor_B,42.72
2023-10-01T02:34:40+00:00,Sensor_A,60.01
2023-10-01T02:34:41+00:00,Sensor_A,61.54
2023-10-01T02:34:42+00:00,Sensor_D,78.84
2023-10-01T02:34:43+00:00,Sensor_D,49.12
2023-10-01T02:34:44+00:00,Sensor_C,70.1
2023-10-01T02:34:45+00:00,Sensor_B,53.6
2023-10-01T02:34:46+00:00,Sensor_B,9.2
2023-10-01T02:34:47+00:00,Sensor_D,78.36
2023-10-01T02:34:48+00:00,Sensor_C,86.21
2023-10-01T02:34:49+00:00,Sensor_A,15.01
2023-10-01T02:34:50+00:00,Sensor_D,82.55
2023-10-01T02:34:51+00:00,Sensor_D,35.69
2023-10-01T02:34:52+00:00,Sensor_C,48.35
2023-10-01T02:34:53+00:00,Sensor_B,30.87
2023-10-01T02:34:54+00:00,Sensor_C,43.39
2023-10-01T02:34:55+00:00,Sensor_A,55.21
2023-10-01T02:34:56+00:00,Sensor_A,46.27
2023-10-01T02:34:57+00:00,Sensor_A,ABC
2023-10-01T02:34:58+00:00,Sensor_C,10.5.2.1
2023-10-01T02:34:59+00:00,Sensor_C,69.92
2023-10-01T02:35:00+00:00,Sensor_D,81.39
2023-10-01T02:35:01+00:00,Sensor_B,42.72
2023-10-01T02:35:02+00:00,Sensor_D,88.68
2023-10-01T02:35:03+00:00,Sensor_A,44.7
2023-10-01T02:35:04+00:00,Sensor_C,61.6
2023-10-01T02:35:05+00:00,Sensor_C,80.22
2023-10-01T02:35:06+00:00,Sensor_B,72.8
2023-10-01T02:35:07+00:00,Sensor_B,60.59
2023-10-01T02:35:08+00:00,Sensor_C,27.28
2023-10-01T02:35:09+00:00,Sensor_B,78.7
2023-10-01T02:35:10+00:00,Sensor_A,99.03
2023-10-01T02:35:11+00:00,Sensor_A,78.4
2023-10-01T02:35:12+00:00,Sensor_B,48.21
2023-10-01T02:35:13+00:00,Sensor_D,5.07
2023-10-01T02:35:14+00:00,Sensor_A,68.97
2023-10-01T02:35:15+00:00,Sensor_C,49.88
2023-10-01T02:35:16+00:00,Sensor_C,6.9
2023-10-01T02:35:17+00:00,Sensor_D,47.44
2023-10-01T02:35:18+00:00,Sensor_B,84.46
2023-10-01T02:35:19+00:00,Sensor_C,36.9
2023-10-01T02:35:20+00:00,Sensor_D,38.64
2023-10-01T02:35:21+00:00,Sensor_A,84.43
2023-10-01T02:35:22+00:00,Sensor_C,70.78
2023-10-01T02:35:23+00:00,Sensor_A,35.4
2023-10-01T02:35:24+00:00,Sensor_B,49.87
2023-10-01T02:35:25+00:00,Sensor_B,51.46
2023-10-01T02:35:26+00:00,Sensor_B,95.85
2023-10-01T02:35:27+00:00,Sensor_A,59.75
2023-10-01T02:35:28+00:00,Sensor_A,18.91
2023-10-01T02:35:29+00:00,Sensor_B,39.32
2023-10-01T02:35:30+00:00,センサー_1,66.86
2023-10-01T02:35:31+00:00,Sensor_B,99.26
2023-10-01T02:35:32+00:00,Sensor_A,97.19
2023-10-01T02:35:33+00:00,Sensor_B,10.29
2023-10-01T02:35:34+00:00,Sensor_A,74.84
2023-10-01T02:35:35+00:00,Sensor_B,7.82
2023-10-01T02:35:36+00:00,Sensor_C,41.13
2023-10-01T02:35:37+00:00,Sensor_D,48.93
2023-10-01T02:35:38+00:00,Sensor_C,61.29
2023-10-01T02:35:39+00:00,Sensor_D,34.7
2023-10-01T02:35:40+00:00,Sensor_D,6.5
2023-10-01T02:35:41+00:00,Sensor_A,58.77
2023-10-01T02:35:42+00:00,Sensor_C,84.57
2023-10-01T02:35:43+00:00,Sensor_C,80.89
2023-10-01T02:35:44+00:00,Sensor_B,84.63
2023-10-01T02:35:45+00:00,Sensor_A,93.59
2023-10-01T02:35:46+00:00,Sensor_D,91.36
2023-10-01T02:35:47+00:00,Sensor_D,3.1415926535897932384
2023-10-01T02:35:48+00:00,센서_A,71.85
2023-10-01T02:35:49+00:00,Sensor_A,82.37
2023-10-01T02:35:50+00:00,Sensor_C,76.38
2023-10-01T02:35:51+00:00,Sensor_C,2.14
2023-10-01T02:35:52+00:00,Sensor_A,54.05
2023-10-01T02:35:53+00:00,Sensor_D,21.54
2023-10-01T02:35:54+00:00,Sensor_A,68.15
2023-10-01T02:35:55+00:00,Sensor_C,39.35
2023-10-01T02:35:56+00:00,Sensor_D,56.72
2023-10-01T02:35:57+00:00,Sensor_C,24.53
2023-10-01T02:35:58+00:00,Sensor_D,47.15
2023-10-01T02:35:59+00:00,Sensor_B,97.53
2023-10-01T02:36:00+00:00,Sensor_D,74.78
2023-10-01T02:36:01+00:00,Sensor_B,90.68
2023-10-01T02:36:02+00:00,Sensor_B,48.54
2023-10-01T02:36:03+00:00,Sensor_D,6.47
2023-10-01T02:36:04+00:00,Sensor_B,59.79
2023-10-01T02:36:05+00:00,Sensor_A,87.64
2023-10-01T02:36:06+00:00,Sensor_D,ABC
2023-10-01T02:36:07+00:00,Sensor_B,44.35
2023-10-01T02:36:08+00:00,Sensor_C,48.28
2023-10-01T02:36:09+00:00,Sensor_D,48.9
2023-10-01T02:36:10+00:00,Sensor_B,27.35
2023-10-01T02:36:11+00:00,Sensor_D,9.94
2023-10-01T02:36:12+00:00,Sensor_B,10.5.2.1
2023-10-01T02:36:13+00:00,Sensor_A,18.53
2023-10-01T02:36:14+00:00,Sensor_D,37.62
2023-10-01T02:36:15+00:00,Sensor_A,65.0
2023-10-01T02:36:16+00:00,Sensor_B,93.74
2023-10-01T02:36:17+00:00,Sensor_A,27.02
2023-10-01T02:36:18+00:00,Sensor_A,70.32
2023-10-01T02:36:19+00:00,Sensor_A,64.93
2023-10-01T02:36:20+00:00,Sensor_D,86.66
2023-10-01T02:36:21+00:00,Sensor_A,51.91
2023-10-01T02:36:22+00:00,Sensor_D,53.12
2023-10-01T02:36:23+00:00,Sensor_D,55.27
2023-10-01T02:36:24+00:00,Sensor_A,60.73
2023-10-01T02:36:25+00:00,Sensor_C,51.4
2023-10-01T02:36:26+00:00,Sensor_A,33.52
2023-10-01T02:36:27+00:00,Sensor_C,65.1
2023-10-01T02:36:28+00:00,Sensor_A,63.37
2023-10-01T02:36:29+00:00,Sensor_D,15.02
2023-10-01T02:36:30+00:00,센서_A,56.13
2023-10-01T02:36:31+00:00,Sensor_D,17.23
2023-10-01T02:36:32+00:00,Sensor_A,98.69
2023-10-01T02:36:33+00:00,Sensor_B,82.05
2023-10-01T02:36:34+00:00,Sensor_A,36.81
2023-10-01T02:36:35+00:00,Sensor_D,56.1
2023-10-01T02:36:36+00:00,センサー_1,5.02
2023-10-01T02:36:37+00:00,Sensor_C,87.53
2023-10-01T02:36:38+00:00,Sensor_D,7.61
2023-10-01T02:36:39+00:00,Sensor_D,66.71
2023-10-01T02:36:40+00:00,Sensor_B,39.11
2023-10-01T02:36:41+00:00,Sensor_B,83.02
2023-10-01T02:36:42+00:00,Sensor_B,12.97
2023-10-01T02:36:43+00:00,Sensor_A,3.1415926535897932384
2023-10-01T02:36:44+00:00,Sensor_B,7.51
2023-10-01T02:36:45+00:00,Sensor_A,70.82
2023-10-01T02:36:46+00:00,Sensor_A,65.53
2023-10-01T02:36:47+00:00,Sensor_B,42.45
2023-10-01T02:36:48+00:00,Sensor_C,56.07
2023-10-01T02:36:49+00:00,Sensor_B,83.97
2023-10-01T02:36:50+00:00,Sensor_D,77.25
2023-10-01T02:36:51+00:00,Sensor_B,13.55
2023-10-01T02:36:52+00:00,Sensor_D,54.65
2023-10-01T02:36:53+00:00,Sensor_D,10.5.2.1
2023-10-01T02:36:54+00:00,Sensor_A,63.42
2023-10-01T02:36:55+00:00,Sensor_D,52.13
2023-10-01T02:36:56+00:00,Sensor_B,43.95
2023-10-01T02:36:57+00:00,Sensor_C,57.28
2023-10-01T02:36:58+00:00,Sensor_A,54.45
2023-10-01T02:36:59+00:00,Sensor_D,92.45
2023-10-01T02:37:00+00:00,Sensor_A,3.1415926535897932384
2023-10-01T02:37:01+00:00,Sensor_B,34.1
2023-10-01T02:37:02+00:00,Sensor_D,40.29
2023-10-01T02:37:03+00:00,Sensor_D,13.08
2023-10-01T02:37:04+00:00,Sensor_A,92.74
2023-10-01T02:37:05+00:00,Sensor_B,64.32
2023-10-01T02:37:06+00:00,Sensor_A,94.93
2023-10-01T02:37:07+00:00,Sensor_C,26.27
2023-10-01T02:37:08+00:00,Sensor_B,44.39
2023-10-01T02:37:09+00:00,Sensor_D,22.71
2023-10-01T02:37:10+00:00,Sensor_B,85.1
2023-10-01T02:37:11+00:00,Sensor_A,95.19
2023-10-01T02:37:12+00:00,Sensor_A,96.84
2023-10-01T02:37:13+00:00,Sensor_C,17.34
2023-10-01T02:37:14+00:00,Sensor_B,12.91
2023-10-01T02:37:15+00:00,Sensor_B,79.52
2023-10-01T02:37:16+00:00,Sensor_B,75.95
2023-10-01T02:37:17+00:00,Sensor_D,53.04
2023-10-01T02:37:18+00:00,Sensor_A,27.63
2023-10-01T02:37:19+00:00,Sensor_A,77.31
2023-10-01T02:37:20+00:00,Sensor_B,60.09
2023-10-01T02:37:21+00:00,Sensor_B,45.45
2023-10-01T02:37:22+00:00,Sensor_B,63.37
2023-10-01T02:37:23+00:00,Sensor_B,38.09
2023-10-01T02:37:24+00:00,Sensor_D,84.6
2023-10-01T02:37:25+00:00,Sensor_D,71.91
2023-10-01T02:37:26+00:00,Sensor_C,86.61
2023-10-01T02:37:27+00:00,Sensor_A,85.04
2023-10-01T02:37:28+00:00,Sensor_C,74.53
2023-10-01T02:37:29+00:00,Sensor_B,數值錯誤
invalid_time,Sensor_B,15.31
2023-10-01T02:37:31+00:00,Sensor_D,29.04
2023-10-01T02:37:32+00:00,Sensor_A,2.14
2023-10-01T02:37:33+00:00,센서_A,99.72
2023-10-01T02:37:34+00:00,Sensor_B,21.58
2023-10-01T02:37:35+00:00,Sensor_B,56.41
2023-10-01T02:37:36+00:00,Sensor_A,3.84
2023-10-01T02:37:37+00:00,Sensor_D,43.88
2023-10-01T02:37:38+00:00,Sensor_D,60.75
2023-10-01T02:37:39+00:00,Sensor_C,94.31
2023-10-01T02:37:40+00:00,Sensor_D,9.69
2023-10-01T02:37:41+00:00,Sensor_A,67.31
2023-10-01T02:37:42+00:00,Sensor_B,95.34
2023-10-01T02:37:43+00:00,Sensor_D,97.24
2023-10-01T02:37:44+00:00,Sensor_A,10.08
2023-10-01T02:37:45+00:00,Sensor_A,96.48
2023-10-01T02:37:46+00:00,Sensor_B,10.92
2023-10-01T02:37:47+00:00,Sensor_A,87.55
2023-10-01T02:37:48+00:00,Sensor_B,38.21
2023-10-01T02:37:49+00:00,Sensor_B,72.23
2023-10-01T02:37:50+00:00,Sensor_B,91.75
2023-10-01T02:37:51+00:00,Sensor_D,81.09
2023-10-01T02:37:52+00:00,Sensor_C,63.84
2023-10-01T02:37:53+00:00,Sensor_D,55.32
2023-10-01T02:37:54+00:00,Sensor_D,7.45
2023-10-01T02:37:55+00:00,Sensor_A,34.52
2023-10-01T02:37:56+00:00,Sensor_A,72.15
2023-10-01T02:37:57+00:00,Sensor_C,57.53
2023-10-01T02:37:58+00:00,Sensor_C,67.14
2023-10-01T02:37:59+00:00,Sensor_A,51.78
2023-10-01T02:38:00+00:00,Sensor_D,97.18
2023-10-01T02:38:01+00:00,Sensor_B,40.72
2023-10-01T02:38:02+00:00,Sensor_C,46.1
2023-10-01T02:38:03+00:00,Sensor_D,66.54
2023-10-01T02:38:04+00:00,Sensor_A,12.64
2023-10-01T02:38:05+00:00,Sensor_B,89.82
2023-10-01T02:38:06+00:00,Sensor_B,25.46
2023-10-01T02:38:07+00:00,Sensor_D,99.72
2023-10-01T02:38:08+00:00,Sensor_A,59.62
2023-10-01T02:38:09+00:00,Sensor_D,39.37
2023-10-01T02:38:10+00:00,Sensor_B,86.13
2023-10-01T02:38:11+00:00,Sensor_C,11.37
2023-10-01T02:38:12+00:00,Sensor_D,15.12
2023-10-01T02:38:13+00:00,Sensor_B,39.36
2023-10-01T02:38:14+00:00,Sensor_B,63.22
2023-10-01T02:38:15+00:00,Sensor_B,35.65
2023-10-01T02:38:16+00:00,Sensor_B,3.1415926535897932384
2023-10-01T02:38:17+00:00,Sensor_A,71.69
2023-10-01T02:38:18+00:00,Sensor_D,34.45
2023-10-01T02:38:19+00:00,Sensor_D,93.38
2023-10-01T02:38:20+00:00,Sensor_D,80.43
2023-10-01T02:38:21+00:00,Sensor_C,46.03
2023-10-01T02:38:22+00:00,Sensor_D,7.91
2023-10-01T02:38:23+00:00,Sensor_D,84.73
2023-10-01T02:38:24+00:00,センサー_1,98.03
2023-10-01T02:38:25+00:00,Sensor_D,15.69
時間錯誤,Sensor_A,15.11
2023-10-01T02:38:27+00:00,Sensor_A,11.2
2023-10-01T02:38:28+00:00,Sensor_B,83.52
2023-10-01T02:38:29+00:00,Sensor_A,67.86
2023-10-01T02:38:30+00:00,Sensor_D,99.9
2023-10-01T02:38:31+00:00,Sensor_C,78.75
2023-10-01T02:38:32+00:00,Sensor_B,21.94
2023-10-01T02:38:33+00:00,Sensor_A,29.19
2023-10-01T02:38:34+00:00,Sensor_D,62.24
2023-10-01T02:38:35+00:00,Sensor_C,91.92
2023-10-01T02:38:36+00:00,Sensor_A,15.75
2023-10-01T02:38:37+00:00,Sensor_A,30.58
2023-10-01T02:38:38+00:00,Sensor_B,30.45
2023-10-01T02:38:39+00:00,Sensor_A,94.25
2023-10-01T02:38:40+00:00,Sensor_B,86.56
2023-10-01T02:38:41+00:00,Sensor_B,73.35
2023-10-01T02:38:42+00:00,Sensor_A,14.95
2023-10-01T02:38:43+00:00,Sensor_C,81.0
2023-10-01T02:38:44+00:00,Sensor_A,91.02
2023-10-01T02:38:45+00:00,Sensor_B,23.8
2023-10-01T02:38:46+00:00,Sensor_A,97.25
2023-10-01T02:38:47+00:00,Sensor_A,95.93
2023-10-01T02:38:48+00:00,Sensor_A,60.19
2023-10-01T02:38:49+00:00,Sensor_A,29.13
2023-10-01T02:38:50+00:00,Sensor_B,17.87
2023-10-01T02:38:51+00:00,Sensor_D,78.5
2023-10-01T02:38:52+00:00,Sensor_D,57.92
2023-10-01T02:38:53+00:00,Sensor_C,49.04
2023-10-01T02:38:54+00:00,Sensor_D,41.32
2023-10-01T02:38:55+00:00,感測器甲,43.41
2023-10-01T02:38:56+00:00,Sensor_C,53.69
2023-10-01T02:38:57+00:00,Sensor_C,15.08
2023-10-01T02:38:58+00:00,Sensor_A,83.43
2023-10-01T02:38:59+00:00,Sensor_A,48.43
2023-10-01T02:39:00+00:00,Sensor_C,91.45
2023-10-01T02:39:01+00:00,Sensor_B,5.44
2023-10-01T02:39:02+00:00,Sensor_C,3.86
2023-10-01T02:39:03+00:00,Sensor_C,37.14
2023-10-01T02:39:04+00:00,Sensor_B,65.72
2023-10-01T02:39:05+00:00,Sensor_D,93.42
2023-10-01T02:39:06+00:00,Sensor_D,46.01
2023-10-01T02:39:07+00:00,Sensor_D,5.6
2023-10-01T02:39:08+00:00,Sensor_C,92.41
2023-10-01T02:39:09+00:00,Sensor_A,83.12
2023-10-01T02:39:10+00:00,Sensor_D,55.68
時間錯誤,Sensor_B,5.21
2023-10-01T02:39:12+00:00,Sensor_C,19.35
2023-10-01T02:39:13+00:00,Sensor_A,28.7
2023-10-01T02:39:14+00:00,Sensor_C,89.6
2023-10-01T02:39:15+00:00,Sensor_A,4.29
2023-10-01T02:39:16+00:00,Sensor_B,73.74
2023-10-01T02:39:17+00:00,Sensor_A,82.05
2023-10-01T02:39:18+00:00,Sensor_D,7.9
2023-10-01T02:39:19+00:00,Sensor_D,20.17
2023-10-01T02:39:20+00:00,Sensor_A,67.33
2023-10-01T02:39:21+00:00,Sensor_D,6.63
2023-10-01T02:39:22+00:00,Sensor_D,83.74
2023-10-01T02:39:23+00:00,Sensor_B,33.15
2023-10-01T02:39:24+00:00,Sensor_D,10.5.2.1
2023-10-01T02:39:25+00:00,Sensor_B,11.91
2023-10-01T02:39:26+00:00,Sensor_C,54.38
2023-10-01T02:39:27+00:00,Sensor_A,66.95
2023-10-01T02:39:28+00:00,Sensor_A,61.99
2023-10-01T02:39:29+00:00,Sensor_C,63.56
2023-10-01T02:39:30+00:00,sénsor#@!,65.86
2023-10-01T02:39:31+00:00,Sensor_B,3.1415926535897932384
2023-10-01T02:39:32+00:00,Sensor_B,8.79
2023-10-01T02:39:33+00:00,Sensor_A,53.73
2023-10-01T02:39:34+00:00,Sensor_A,91.53
2023-10-01T02:39:35+00:00,Sensor_C,8.31
2023-10-01T02:39:36+00:00,Sensor_C,10.01
2023-10-01T02:39:37+00:00,Sensor_C,34.81
2023-10-01T02:39:38+00:00,Sensor_B,88.57
2023-10-01T02:39:39+00:00,Sensor_C,88.23
2023-10-01T02:39:40+00:00,Sensor_A,數值錯誤
2023-10-01T02:39:41+00:00,Sensor_D,38.86
2023-10-01T02:39:42+00:00,Sensor_A,10.5.2.1
2023-10-01T02:39:43+00:00,Sensor_B,55.58
2023-10-01T02:39:44+00:00,Sensor_C,24.19
2023-10-01T02:39:45+00:00,Sensor_B,37.12
2023-10-01T02:39:46+00:00,Sensor_B,30.13
2023-10-01T02:39:47+00:00,Sensor_C,65.34
2023-10-01T02:39:48+00:00,Sensor_A,37.24
2023-10-01T02:39:49+00:00,Sensor_D,not_a_number
2023-10-01T02:39:50+00:00,Sensor_D,65.72
2023-10-01T02:39:51+00:00,Sensor_D,27.22
2023-10-01T02:39:52+00:00,Sensor_B,96.13
2023-10-01T02:39:53+00:00,Sensor_A,95.14
2023-10-01T02:39:54+00:00,Sensor_A,90.58
2023-10-01T02:39:55+00:00,Sensor_B,20.75
2023-10-01T02:39:56+00:00,Sensor_A,97.47
2023-10-01T02:39:57+00:00,Sensor_D,48.77
2023-10-01T02:39:58+00:00,Sensor_A,55.24
2023-10-01T02:39:59+00:00,Sensor_A,38.06
2023-10-01T02:40:00+00:00,Sensor_C,10.5.2.1
2023-10-01T02:40:01+00:00,Sensor_D,88.95
2023-10-01T02:40:02+00:00,Sensor_D,28.53
2023-10-01T02:40:03+00:00,Sensor_B,27.83
2023-10-01T02:40:04+00:00,Sensor_D,20.32
2023-10-01T02:40:05+00:00,Sensor_C,84.89
???,Sensor_A,20.19
2023-10-01T02:40:07+00:00,Sensor_A,8.11
2023-10-01T02:40:08+00:00,Sensor_B,39.78
2023-10-01T02:40:09+00:00,Sensor_A,82.7
2023-10-01T02:40:10+00:00,Sensor_B,22.34
2023-10-01T02:40:11+00:00,Sensor_D,41.24
2023-10-01T02:40:12+00:00,Sensor_D,70.54
2023-10-01T02:40:13+00:00,Sensor_B,28.82
2023-10-01T02:40:14+00:00,Sensor_B,13.98
2023-10-01T02:40:15+00:00,Sensor_C,82.36
2023-10-01T02:40:16+00:00,Sensor_D,20.17
2023-10-01T02:40:17+00:00,Sensor_D,51.46
2023-10-01T02:40:18+00:00,Sensor_B,82.52
2023-10-01T02:40:19+00:00,Sensor_D,28.65
2023-10-01T02:40:20+00:00,Sensor_D,40.15
2023-10-01T02:40:21+00:00,Sensor_C,36.21
2023-10-01T02:40:22+00:00,Sensor_C,68.38
2023-10-01T02:40:23+00:00,Sensor_A,71.26
2023-10-01T02:40:24+00:00,Sensor_A,39.81
2023-10-01T02:40:25+00:00,Sensor_C,52.25
2023-10-01T02:40:26+00:00,Sensor_B,22.56
2023-10-01T02:40:27+00:00,Sensor_C,63.9
2023-10-01T02:40:28+00:00,Sensor_D,71.99
2023-10-01T02:40:29+00:00,Sensor_A,1.14
2023-10-01T02:40:30+00:00,Sensor_D,78.41
2023-10-01T02:40:31+00:00,Sensor_B,10.5.2.1
2023-10-01T02:40:32+00:00,Sensor_B,32.55
2023-10-01T02:40:33+00:00,Sensor_A,86.59
2023-10-01T02:40:34+00:00,Sensor_A,2.59
2023-10-01T02:40:35+00:00,Sensor_A,51.16
2023-10-01T02:40:36+00:00,Sensor_B,51.58
2023-10-01T02:40:37+00:00,Sensor_A,31.92
2023-10-01T02:40:38+00:00,Sensor_A,50.06
2023-10-01T02:40:39+00:00,Sensor_A,88.29
2023-10-01T02:40:40+00:00,感測器甲,98.63
2023-10-01T02:40:41+00:00,Sensor_A,16.73
2023-10-01T02:40:42+00:00,Sensor_C,13.67
2023-10-01T02:40:43+00:00,Sensor_B,56.57
2023-10-01T02:40:44+00:00,Sensor_A,76.37
2023-10-01T02:40:45+00:00,Sensor_D,60.16
2023-10-01T02:40:46+00:00,Sensor_C,91.4
2023-10-01T02:40:47+00:00,Sensor_B,29.2
2023-10-01T02:40:48+00:00,Sensor_D,59.96
2023-10-01T02:40:49+00:00,Sensor_B,13.0
2023-10-01T02:40:50+00:00,Sensor_D,65.63
2023-10-01T02:40:51+00:00,Sensor_B,67.1
2023-10-01T02:40:52+00:00,Sensor_C,69.72
2023-10-01T02:40:53+00:00,Sensor_D,18.3
2023-10-01T02:40:54+00:00,Sensor_B,5.49
2023-10-01T02:40:55+00:00,Sensor_C,21.01
2023-10-01T02:40:56+00:00,Sensor_A,42.28
2023-10-01T02:40:57+00:00,Sensor_D,2.72
2023-10-01T02:40:58+00:00,Sensor_B,72.95
2023-10-01T02:40:59+00:00,Sensor_A,13.17
2023-10-01T02:41:00+00:00,Sensor_B,67.55
2023-10-01T02:41:01+00:00,Sensor_A,90.65
2023-10-01T02:41:02+00:00,Sensor_B,52.72
2023-10-01T02:41:03+00:00,Sensor_B,93.86
2023-10-01T02:41:04+00:00,Sensor_A,79.22
2023-10-01T02:41:05+00:00,Sensor_B,18.18
2023-10-01T02:41:06+00:00,Sensor_A,97.64
2023-10-01T02:41:07+00:00,Sensor_C,83.34
2023-10-01T02:41:08+00:00,Sensor_D,65.72
2023-10-01T02:41:09+00:00,センサー_1,55.17
2023-10-01T02:41:10+00:00,Sensor_B,79.39
2023-10-01T02:41:11+00:00,Sensor_A,44.43
2023-10-01T02:41:12+00:00,Sensor_C,45.47
2023-10-01T02:41:13+00:00,Sensor_D,39.7
2023-10-01T02:41:14+00:00,Sensor_B,50.61
2023-10-01T02:41:15+00:00,Sensor_B,4.45
2023-10-01T02:41:16+00:00,Sensor_A,94.34
2023-10-01T02:41:17+00:00,Sensor_C,24.01
2023-10-01T02:41:18+00:00,Sensor_C,3.1415926535897932384
2023-10-01T02:41:19+00:00,Sensor_C,6.45
2023-10-01T02:41:20+00:00,Sensor_C,68.66
2023-10-01T02:41:21+00:00,Sensor_A,73.17
2023-10-01T02:41:22+00:00,Sensor_B,12.6
2023-10-01T02:41:23+00:00,Sensor_D,15.21
2023-10-01T02:41:24+00:00,Sensor_A,4.65
2023-10-01T02:41:25+00:00,Sensor_B,12.51
2023-10-01T02:41:26+00:00,Sensor_A,53.73
2023-10-01T02:41:27+00:00,Sensor_D,38.25
2023-10-01T02:41:28+00:00,Sensor_B,8.03
2023-10-01T02:41:29+00:00,Sensor_D,21.16
2023-10-01T02:41:30+00:00,Sensor_C,95.51
2023-10-01T02:41:31+00:00,Sensor_B,59.92
2023-10-01T02:41:32+00:00,Sensor_C,10.97
2023-10-01T02:41:33+00:00,Sensor_C,1.92
2023-10-01T02:41:34+00:00,Sensor_C,6.66
2023-10-01T02:41:35+00:00,Sensor_C,not_a_number
2023-10-01T02:41:36+00:00,Sensor_D,38.21
2023-10-01T02:41:37+00:00,Sensor_B,10.28
2023-10-01T02:41:38+00:00,Sensor_C,76.98
2023-10-01T02:41:39+00:00,Sensor_A,37.32
2023-10-01T02:41:40+00:00,Sensor_A,7.99
2023-10-01T02:41:41+00:00,Sensor_C,46.15
2023-10-01T02:41:42+00:00,Sensor_B,18.55
2023-10-01T02:41:43+00:00,Sensor_A,31.0
2023-10-01T02:41:44+00:00,Sensor_D,56.61
2023-10-01T02:41:45+00:00,センサー_1,60.87
2023-10-01T02:41:46+00:00,Sensor_D,5.27
2023-10-01T02:41:47+00:00,Sensor_D,88.89
2023-10-01T02:41:48+00:00,Sensor_A,36.02
2023-10-01T02:41:49+00:00,Sensor_A,63.31
2023-10-01T02:41:50+00:00,Sensor_A,97.16
2023-10-01T02:41:51+00:00,Sensor_A,0.17
2023-10-01T02:41:52+00:00,Sensor_B,64.65
2023-10-01T02:41:53+00:00,Sensor_D,not_a_number
2023-10-01T02:41:54+00:00,Sensor_B,24.27
2023-10-01T02:41:55+00:00,Sensor_C,72.11
???,Sensor_C,79.26
2023-10-01T02:41:57+00:00,Sensor_A,91.26
2023-10-01T02:41:58+00:00,Sensor_A,23.46
2023-10-01T02:41:59+00:00,Sensor_A,86.36
2023-10-01T02:42:00+00:00,Sensor_C,25.39
2023-10-01T02:42:01+00:00,Sensor_D,9.05
2023-10-01T02:42:02+00:00,Sensor_A,83.12
2023-10-01T02:42:03+00:00,Sensor_B,67.23
2023-10-01T02:42:04+00:00,Sensor_A,33.75
2023-10-01T02:42:05+00:00,Sensor_B,53.29
2023-10-01T02:42:06+00:00,Sensor_D,27.66
???,Sensor_A,45.27
2023-10-01T02:42:08+00:00,Sensor_D,14.9
2023-10-01T02:42:09+00:00,Sensor_C,36.99
2023-10-01T02:42:10+00:00,Sensor_C,13.2
2023-10-01T02:42:11+00:00,Sensor_B,77.32
2023-10-01T02:42:12+00:00,Sensor_A,25.53
2023-10-01T02:42:13+00:00,Sensor_A,51.64
2023-10-01T02:42:14+00:00,Sensor_A,0.89
2023-10-01T02:42:15+00:00,Sensor_B,98.01
2023-10-01T02:42:16+00:00,Sensor_B,69.32
2023-10-01T02:42:17+00:00,Sensor_D,71.21
2023-10-01T02:42:18+00:00,Sensor_A,31.3
2023-10-01T02:42:19+00:00,Sensor_C,44.46
2023-10-01T02:42:20+00:00,Sensor_D,23.09
2023-10-01T02:42:21+00:00,Sensor_D,91.87
2023-10-01T02:42:22+00:00,Sensor_D,99.68
2023-10-01T02:42:23+00:00,Sensor_D,98.28
2023-10-01T02:42:24+00:00,Sensor_D,73.83
2023-10-01T02:42:25+00:00,Sensor_A,2.03
2023-10-01T02:42:26+00:00,Sensor_C,28.14
2023-10-01T02:42:27+00:00,Sensor_D,73.87
2023-10-01T02:42:28+00:00,Sensor_C,4.2
2023-10-01T02:42:29+00:00,Sensor_A,56.01
2023-10-01T02:42:30+00:00,Sensor_A,42.53
2023-10-01T02:42:31+00:00,Sensor_A,90.41
2023-10-01T02:42:32+00:00,Sensor_A,70.04
2023-10-01T02:42:33+00:00,🔥Sensor,64.04
2023-10-01T02:42:34+00:00,Sensor_D,19.91
2023-10-01T02:42:35+00:00,Sensor_B,12.05
2023-10-01T02:42:36+00:00,Sensor_D,31.28
2023-99-99,Sensor_A,84.34
2023-10-01T02:42:38+00:00,Sensor_A,77.31
2023-10-01T02:42:39+00:00,Sensor_D,0.3
2023-10-01T02:42:40+00:00,Sensor_B,18.38
2023-10-01T02:42:41+00:00,Sensor_A,13.98
2023-10-01T02:42:42+00:00,Sensor_B,28.33
2023-10-01T02:42:43+00:00,Sensor_C,49.09
2023-10-01T02:42:44+00:00,Sensor_C,4.16
2023-10-01T02:42:45+00:00,Sensor_A,42.23
2023-10-01T02:42:46+00:00,Sensor_B,27.53
2023-10-01T02:42:47+00:00,Sensor_D,47.4
2023-10-01T02:42:48+00:00,Sensor_A,82.51
2023-10-01T02:42:49+00:00,Sensor_A,數值錯誤
2023-10-01T02:42:50+00:00,Sensor_A,60.31
2023-10-01T02:42:51+00:00,Sensor_D,39.97
2023-10-01T02:42:52+00:00,Sensor_B,56.58
2023-10-01T02:42:53+00:00,Sensor_A,22.23
2023-10-01T02:42:54+00:00,Sensor_C,99.81
2023-10-01T02:42:55+00:00,Sensor_D,25.28
2023-10-01T02:42:56+00:00,Sensor_D,55.43
2023-10-01T02:42:57+00:00,Sensor_C,97.83
2023-10-01T02:42:58+00:00,Sensor_D,75.41
2023-10-01T02:42:59+00:00,Sensor_D,70.37
2023-10-01T02:43:00+00:00,Sensor_B,20.08
2023-10-01T02:43:01+00:00,Sensor_C,43.39
2023-10-01T02:43:02+00:00,Sensor_D,88.43
2023-10-01T02:43:03+00:00,Sensor_A,31.37
2023-10-01T02:43:04+00:00,Sensor_A,6.38
2023-10-01T02:43:05+00:00,Sensor_A,90.1
invalid_time,Sensor_B,62.23
2023-10-01T02:43:07+00:00,Sensor_A,83.67
2023-10-01T02:43:08+00:00,Sensor_B,26.4
2023-10-01T02:43:09+00:00,Sensor_A,66.56
2023-10-01T02:43:10+00:00,Sensor_A,11.44
2023-10-01T02:43:11+00:00,Sensor_A,38.28
2023-10-01T02:43:12+00:00,Sensor_B,51.39
2023-10-01T02:43:13+00:00,Sensor_D,92.24
2023-10-01T02:43:14+00:00,Sensor_D,88.54
2023-10-01T02:43:15+00:00,Sensor_B,44.39
2023-10-01T02:43:16+00:00,Sensor_D,75.02
2023-10-01T02:43:17+00:00,Sensor_C,10.5.2.1
2023-10-01T02:43:18+00:00,Sensor_B,68.23
2023-10-01T02:43:19+00:00,Sensor_B,39.14
2023-10-01T02:43:20+00:00,Sensor_C,99.47
2023-10-01T02:43:21+00:00,Sensor_C,9.41
2023-10-01T02:43:22+00:00,Sensor_C,73.61
2023-10-01T02:43:23+00:00,Sensor_A,76.28
2023-10-01T02:43:24+00:00,Sensor_A,16.1
2023-10-01T02:43:25+00:00,Sensor_C,53.8
2023-10-01T02:43:26+00:00,Sensor_A,90.52
2023-10-01T02:43:27+00:00,Sensor_A,49.06
2023-10-01T02:43:28+00:00,Sensor_D,79.34
2023-10-01T02:43:29+00:00,Sensor_A,61.83
2023-10-01T02:43:30+00:00,Sensor_C,94.1
2023-10-01T02:43:31+00:00,sénsor#@!,1.05
2023-10-01T02:43:32+00:00,Sensor_C,5.63
2023-10-01T02:43:33+00:00,Sensor_A,33.22
2023-10-01T02:43:34+00:00,Sensor_B,62.49
2023-10-01T02:43:35+00:00,Sensor_A,22.59
2023-10-01T02:43:36+00:00,Sensor_A,56.85
2023-10-01T02:43:37+00:00,Sensor_C,80.7
2023-10-01T02:43:38+00:00,Sensor_D,35.2
2023-10-01T02:43:39+00:00,Sensor_A,31.84
2023-10-01T02:43:40+00:00,Sensor_B,41.72
2023-10-01T02:43:41+00:00,Sensor_D,43.96
2023-10-01T02:43:42+00:00,Sensor_C,35.96
2023-10-01T02:43:43+00:00,Sensor_A,29.73
2023-10-01T02:43:44+00:00,Sensor_B,45.31
2023-10-01T02:43:45+00:00,Sensor_B,28.16
2023-10-01T02:43:46+00:00,Sensor_A,19.85
2023-10-01T02:43:47+00:00,Sensor_D,79.28
2023-10-01T02:43:48+00:00,Sensor_B,79.98
2023-10-01T02:43:49+00:00,Sensor_C,80.32
2023-10-01T02:43:50+00:00,Sensor_B,69.91
2023-10-01T02:43:51+00:00,Sensor_A,76.44
2023-10-01T02:43:52+00:00,Sensor_B,52.99
2023-10-01T02:43:53+00:00,Sensor_A,40.48
2023-10-01T02:43:54+00:00,Sensor_D,79.58
2023-10-01T02:43:55+00:00,Sensor_C,26.44
2023-10-01T02:43:56+00:00,Sensor_A,39.4
2023-10-01T02:43:57+00:00,Sensor_D,95.71
2023-10-01T02:43:58+00:00,Sensor_A,97.04
2023-10-01T02:43:59+00:00,Sensor_D,90.58
2023-10-01T02:44:00+00:00,Sensor_D,89.62
2023-10-01T02:44:01+00:00,Sensor_C,63.99
2023-10-01T02:44:02+00:00,Sensor_A,10.5.2.1
2023-10-01T02:44:03+00:00,Sensor_A,93.29
2023-10-01T02:44:04+00:00,Sensor_A,71.51
2023-10-01T02:44:05+00:00,Sensor_B,10.09
2023-10-01T02:44:06+00:00,Sensor_A,10.5.2.1
2023-10-01T02:44:07+00:00,Sensor_B,39.73
2023-10-01T02:44:08+00:00,Sensor_D,59.28
2023-10-01T02:44:09+00:00,Sensor_D,86.66
2023-10-01T02:44:10+00:00,Sensor_A,24.41
2023-10-01T02:44:11+00:00,Sensor_D,80.05
???,Sensor_D,62.18
2023-10-01T02:44:13+00:00,Sensor_A,42.43
2023-10-01T02:44:14+00:00,Sensor_C,75.05
2023-10-01T02:44:15+00:00,Sensor_D,85.01
2023-10-01T02:44:16+00:00,Sensor_C,85.26
2023-10-01T02:44:17+00:00,Sensor_C,68.71
2023-10-01T02:44:18+00:00,Sensor_C,14.73
2023-10-01T02:44:19+00:00,Sensor_D,2.03
2023-10-01T02:44:20+00:00,Sensor_B,7.61
2023-10-01T02:44:21+00:00,Sensor_D,78.81
2023-10-01T02:44:22+00:00,Sensor_B,10.5.2.1
2023-10-01T02:44:23+00:00,Sensor_D,4.66
2023-10-01T02:44:24+00:00,Sensor_D,12.68
2023-10-01T02:44:25+00:00,Sensor_B,34.57
2023-10-01T02:44:26+00:00,感測器甲,26.77
2023-10-01T02:44:27+00:00,Sensor_C,48.88
2023-10-01T02:44:28+00:00,Sensor_D,83.36
2023-10-01T02:44:29+00:00,Sensor_A,36.16
2023-10-01T02:44:30+00:00,Sensor_B,64.64
2023-10-01T02:44:31+00:00,Sensor_B,42.88
2023-10-01T02:44:32+00:00,Sensor_D,3.5
2023-10-01T02:44:33+00:00,Sensor_D,38.11
2023-10-01T02:44:34+00:00,Sensor_B,23.8
2023-10-01T02:44:35+00:00,Sensor_A,3.1415926535897932384
2023-10-01T02:44:36+00:00,Sensor_D,44.26
2023-10-01T02:44:37+00:00,Sensor_D,90.44
2023-10-01T02:44:38+00:00,Sensor_C,3.03
2023-10-01T02:44:39+00:00,Sensor_B,46.73
2023-10-01T02:44:40+00:00,Sensor_B,53.93
2023-10-01T02:44:41+00:00,Sensor_B,41.68
2023-10-01T02:44:42+00:00,Sensor_D,55.33
2023-10-01T02:44:43+00:00,Sensor_A,24.05
2023-10-01T02:44:44+00:00,Sensor_B,0.05
2023-10-01T02:44:45+00:00,Sensor_C,30.92
2023-10-01T02:44:46+00:00,Sensor_A,72.4
2023-10-01T02:44:47+00:00,Sensor_B,34.96
2023-10-01T02:44:48+00:00,Sensor_D,88.71
2023-10-01T02:44:49+00:00,Sensor_C,44.58
2023-10-01T02:44:50+00:00,Sensor_A,78.21
2023-10-01T02:44:51+00:00,Sensor_B,95.71
2023-10-01T02:44:52+00:00,Sensor_C,26.83
2023-10-01T02:44:53+00:00,Sensor_A,71.09
2023-10-01T02:44:54+00:00,Sensor_D,63.51
2023-10-01T02:44:55+00:00,Sensor_C,73.6
2023-10-01T02:44:56+00:00,Sensor_A,10.78
2023-10-01T02:44:57+00:00,Sensor_A,39.93
2023-10-01T02:44:58+00:00,Sensor_D,75.29
2023-10-01T02:44:59+00:00,Sensor_C,87.41
2023-10-01T02:45:00+00:00,Sensor_D,10.5.2.1
2023-10-01T02:45:01+00:00,Sensor_D,6.63
2023-10-01T02:45:02+00:00,Sensor_B,76.61
2023-10-01T02:45:03+00:00,Sensor_D,77.9
2023-10-01T02:45:04+00:00,Sensor_C,64.32
2023-10-01T02:45:05+00:00,Sensor_B,59.08
2023-10-01T02:45:06+00:00,Sensor_D,72.79
2023-10-01T02:45:07+00:00,Sensor_A,29.19
2023-10-01T02:45:08+00:00,Sensor_C,57.13
2023-10-01T02:45:09+00:00,Sensor_B,68.06
2023-10-01T02:45:10+00:00,Sensor_A,28.15
2023-10-01T02:45:11+00:00,Sensor_B,65.12
2023-10-01T02:45:12+00:00,Sensor_D,not_a_number
2023-10-01T02:45:13+00:00,Sensor_D,14.78
2023-10-01T02:45:14+00:00,Sensor_D,82.88
2023-10-01T02:45:15+00:00,Sensor_D,77.71
2023-10-01T02:45:16+00:00,Sensor_A,76.64
2023-10-01T02:45:17+00:00,Sensor_A,79.93
2023-10-01T02:45:18+00:00,Sensor_C,68.32
2023-10-01T02:45:19+00:00,Sensor_A,3.1415926535897932384
2023-10-01T02:45:20+00:00,Sensor_A,29.26
2023-10-01T02:45:21+00:00,Sensor_D,4.98
2023-10-01T02:45:22+00:00,Sensor_B,63.12
2023-10-01T02:45:23+00:00,Sensor_B,74.78
2023-10-01T02:45:24+00:00,Sensor_A,85.01
2023-10-01T02:45:25+00:00,Sensor_D,70.32
2023-10-01T02:45:26+00:00,Sensor_B,53.04
2023-10-01T02:45:27+00:00,Sensor_D,50.04
2023-10-01T02:45:28+00:00,Sensor_D,5.07
2023-10-01T02:45:29+00:00,Sensor_B,0.92
2023-10-01T02:45:30+00:00,Sensor_C,9.51
時間錯誤,Sensor_B,2.45
2023-10-01T02:45:32+00:00,Sensor_A,24.5
2023-10-01T02:45:33+00:00,Sensor_C,數值錯誤
2023-10-01T02:45:34+00:00,Sensor_D,57.49
2023-10-01T02:45:35+00:00,Sensor_D,95.69
2023-10-01T02:45:36+00:00,Sensor_D,59.68
2023-10-01T02:45:37+00:00,Sensor_D,69.52
2023-10-01T02:45:38+00:00,Sensor_B,10.89
2023-10-01T02:45:39+00:00,Sensor_C,51.82
2023-10-01T02:45:40+00:00,Sensor_C,0.03
2023-10-01T02:45:41+00:00,Sensor_A,67.7
2023-10-01T02:45:42+00:00,Sensor_C,45.66
2023-10-01T02:45:43+00:00,Sensor_D,14.04
2023-10-01T02:45:44+00:00,Sensor_A,48.18
2023-10-01T02:45:45+00:00,Sensor_D,94.44
2023-10-01T02:45:46+00:00,Sensor_A,63.04
2023-10-01T02:45:47+00:00,Sensor_C,38.59
2023-10-01T02:45:48+00:00,Sensor_B,91.6
2023-10-01T02:45:49+00:00,Sensor_D,13.43
2023-10-01T02:45:50+00:00,Sensor_A,33.98
2023-10-01T02:45:51+00:00,Sensor_A,數值錯誤
2023-10-01T02:45:52+00:00,Sensor_B,47.84
2023-10-01T02:45:53+00:00,Sensor_D,86.3
2023-10-01T02:45:54+00:00,Sensor_B,19.86
2023-10-01T02:45:55+00:00,Sensor_D,1.26
2023-10-01T02:45:56+00:00,Sensor_A,10.5.2.1
2023-10-01T02:45:57+00:00,Sensor_C,44.53
???,Sensor_C,75.71
2023-10-01T02:45:59+00:00,Sensor_C,40.45
2023-10-01T02:46:00+00:00,Sensor_B,86.8
2023-10-01T02:46:01+00:00,Sensor_D,77.35
2023-10-01T02:46:02+00:00,Sensor_A,47.77
2023-10-01T02:46:03+00:00,Sensor_D,95.35
2023-10-01T02:46:04+00:00,Sensor_C,73.18
2023-10-01T02:46:05+00:00,Sensor_B,57.19
2023-10-01T02:46:06+00:00,Sensor_A,6.17
2023-10-01T02:46:07+00:00,Sensor_A,85.88
2023-10-01T02:46:08+00:00,Sensor_D,98.45
2023-10-01T02:46:09+00:00,Sensor_B,36.57
2023-10-01T02:46:10+00:00,Sensor_D,3.1415926535897932384
2023-10-01T02:46:11+00:00,Sensor_D,63.07
2023-10-01T02:46:12+00:00,Sensor_D,27.48
2023-10-01T02:46:13+00:00,Sensor_C,43.65
2023-10-01T02:46:14+00:00,Sensor_C,14.57
2023-10-01T02:46:15+00:00,Sensor_B,31.75
2023-10-01T02:46:16+00:00,Sensor_A,62.28
2023-10-01T02:46:17+00:00,Sensor_D,17.82
2023-10-01T02:46:18+00:00,Sensor_D,27.2
2023-10-01T02:46:19+00:00,Sensor_C,51.08
2023-10-01T02:46:20+00:00,Sensor_D,67.67
2023-10-01T02:46:21+00:00,Sensor_C,79.0
2023-10-01T02:46:22+00:00,Sensor_B,89.84
2023-10-01T02:46:23+00:00,Sensor_C,3.1415926535897932384
2023-10-01T02:46:24+00:00,Sensor_D,61.38
2023-10-01T02:46:25+00:00,Sensor_B,ABC
2023-10-01T02:46:26+00:00,Sensor_D,37.09
2023-10-01T02:46:27+00:00,Sensor_D,92.29
2023-10-01T02:46:28+00:00,Sensor_B,61.98
2023-10-01T02:46:29+00:00,Sensor_D,82.35
2023-10-01T02:46:30+00:00,Sensor_D,98.58
2023-10-01T02:46:31+00:00,Sensor_B,34.5
2023-10-01T02:46:32+00:00,Sensor_C,72.96
2023-10-01T02:46:33+00:00,Sensor_D,63.86
2023-10-01T02:46:34+00:00,Sensor_D,41.63
2023-10-01T02:46:35+00:00,Sensor_B,81.76
2023-10-01T02:46:36+00:00,Sensor_B,34.13
2023-10-01T02:46:37+00:00,Sensor_C,63.35
2023-10-01T02:46:38+00:00,Sensor_C,18.25
2023-10-01T02:46:39+00:00,Sensor_A,88.82
2023-10-01T01:23:07+00:00,Sensor_D,26.79
2023-10-01T02:08:19+00:00,Sensor_B,9.94
2023-10-01T02:05:21+00:00,Sensor_D,42.72
2023-10-01T00:11:08+00:00,Sensor_A,25.55
2023-10-01T00:47:04+00:00,Sensor_A,56.05
2023-10-01T01:14:53+00:00,Sensor_C,10.5.2.1
2023-10-01T00:55:04+00:00,Sensor_D,95.93
2023-10-01T02:44:29+00:00,Sensor_A,36.16
2023-10-01T02:18:40+00:00,Sensor_A,58.25
2023-10-01T01:41:23+00:00,Sensor_B,10.5.2.1
2023-10-01T02:24:27+00:00,Sensor_A,24.1
2023-10-01T01:02:39+00:00,Sensor_B,62.73
2023-10-01T01:21:01+00:00,Sensor_D,95.58
2023-10-01T00:07:40+00:00,Sensor_B,32.09
2023-10-01T00:27:25+00:00,Sensor_B,47.37
2023-10-01T01:41:53+00:00,Sensor_B,89.3
2023-10-01T00:16:37+00:00,Sensor_C,5.52
2023-10-01T01:32:27+00:00,Sensor_B,89.18
2023-10-01T00:42:25+00:00,Sensor_A,53.87
2023-10-01T00:06:28+00:00,Sensor_D,53.23
2023-10-01T02:17:43+00:00,Sensor_C,51.2
2023-10-01T01:48:18+00:00,Sensor_A,3.1415926535897932384
2023-10-01T02:30:11+00:00,Sensor_D,49.3
2023-10-01T00:46:01+00:00,Sensor_C,71.42
2023-10-01T02:20:18+00:00,Sensor_C,70.15
2023-10-01T02:11:17+00:00,Sensor_B,78.44
2023-10-01T01:22:05+00:00,Sensor_A,10.5.2.1
2023-10-01T02:44:33+00:00,Sensor_D,38.11
2023-10-01T02:40:19+00:00,Sensor_D,28.65
2023-10-01T01:28:10+00:00,Sensor_C,58.5
2023-10-01T01:30:53+00:00,Sensor_B,31.08
2023-10-01T01:33:15+00:00,Sensor_C,75.13
2023-10-01T01:37:46+00:00,Sensor_B,28.37
2023-10-01T00:53:08+00:00,Sensor_B,80.0
2023-10-01T00:34:55+00:00,Sensor_D,ABC
2023-10-01T02:34:06+00:00,Sensor_D,17.25
2023-10-01T02:32:17+00:00,Sensor_D,86.07
2023-10-01T02:44:40+00:00,Sensor_B,53.93
2023-10-01T00:41:13+00:00,Sensor_D,59.81
2023-10-01T02:36:26+00:00,Sensor_A,33.52
2023-10-01T00:35:09+00:00,Sensor_C,20.34
2023-10-01T02:41:04+00:00,Sensor_A,79.22
2023-10-01T02:21:19+00:00,Sensor_C,25.21
2023-10-01T01:43:52+00:00,Sensor_C,78.61
2023-10-01T00:15:10+00:00,Sensor_D,90.01
2023-10-01T00:32:50+00:00,Sensor_C,70.69
2023-10-01T02:14:49+00:00,Sensor_C,40.68
時間錯誤,Sensor_A,60.42
2023-10-01T00:08:24+00:00,Sensor_B,45.68
2023-10-01T00:29:58+00:00,Sensor_A,37.28
2023-10-01T02:24:12+00:00,Sensor_A,4.77
2023-10-01T01:44:04+00:00,Sensor_B,65.03
2023-10-01T02:04:26+00:00,Sensor_C,3.1415926535897932384
2023-10-01T00:30:01+00:00,Sensor_D,3.1415926535897932384
2023-10-01T00:53:12+00:00,Sensor_A,6.42
2023-10-01T01:18:06+00:00,Sensor_D,57.46
2023-10-01T01:37:57+00:00,Sensor_A,40.77
2023-10-01T02:36:49+00:00,Sensor_B,83.97
2023-10-01T01:14:33+00:00,Sensor_C,13.27
2023-10-01T00:44:39+00:00,Sensor_A,55.24
2023-10-01T00:50:39+00:00,Sensor_D,22.03
2023-10-01T02:43:50+00:00,Sensor_B,69.91
2023-10-01T00:29:38+00:00,Sensor_A,94.92
2023-99-99,Sensor_A,20.5
2023-10-01T00:43:23+00:00,Sensor_A,2.2
2023-10-01T02:04:19+00:00,Sensor_B,ABC
2023-10-01T00:12:15+00:00,Sensor_A,10.5.2.1
2023-10-01T01:21:55+00:00,Sensor_A,71.11
2023-10-01T02:34:39+00:00,Sensor_B,42.72
2023-10-01T00:39:43+00:00,Sensor_D,ABC
2023-10-01T01:00:26+00:00,Sensor_A,10.5.2.1
2023-10-01T01:34:28+00:00,Sensor_A,33.68
2023-10-01T02:27:47+00:00,Sensor_C,58.69
2023-10-01T02:34:35+00:00,Sensor_D,3.1415926535897932384
2023-10-01T02:18:38+00:00,Sensor_C,83.23
2023-10-01T00:07:04+00:00,Sensor_B,61.58
2023-10-01T00:37:07+00:00,Sensor_D,18.0
2023-10-01T00:22:07+00:00,Sensor_B,54.51
2023-10-01T01:27:14+00:00,Sensor_C,75.48
2023-10-01T00:22:00+00:00,Sensor_D,22.14
2023-10-01T00:28:22+00:00,Sensor_C,96.63
2023-10-01T02:30:55+00:00,Sensor_A,1.04
2023-10-01T01:18:48+00:00,Sensor_A,64.3
2023-10-01T01:32:19+00:00,Sensor_A,45.21
2023-10-01T01:50:08+00:00,Sensor_C,31.41
2023-10-01T00:34:10+00:00,Sensor_A,92.31
2023-10-01T00:23:15+00:00,Sensor_D,53.62
2023-10-01T01:15:01+00:00,Sensor_D,59.73
2023-10-01T02:22:07+00:00,Sensor_A,63.05
2023-10-01T00:06:39+00:00,Sensor_A,69.67
2023-10-01T01:59:08+00:00,Sensor_A,64.54
2023-10-01T02:26:30+00:00,Sensor_C,54.94
2023-10-01T01:17:13+00:00,Sensor_D,92.33
2023-10-01T02:12:27+00:00,Sensor_D,22.53
2023-10-01T00:39:25+00:00,Sensor_B,42.71
2023-10-01T01:33:58+00:00,Sensor_C,60.0
2023-10-01T02:19:49+00:00,Sensor_C,94.13
2023-10-01T00:55:26+00:00,Sensor_B,47.21
2023-10-01T02:32:51+00:00,Sensor_D,24.3
2023-10-01T02:20:34+00:00,Sensor_B,29.8
2023-10-01T00:16:46+00:00,Sensor_A,59.48
2023-10-01T02:28:03+00:00,Sensor_D,37.09
2023-10-01T01:22:32+00:00,Sensor_B,6.06
2023-10-01T00:24:06+00:00,Sensor_B,79.67
2023-10-01T00:50:22+00:00,Sensor_A,72.41
2023-10-01T00:57:43+00:00,Sensor_C,8.73
2023-10-01T00:49:06+00:00,Sensor_D,59.67
2023-10-01T01:23:48+00:00,Sensor_A,56.79
2023-10-01T01:23:40+00:00,Sensor_C,51.88
2023-10-01T01:46:20+00:00,🔥Sensor,42.53
2023-10-01T02:38:50+00:00,Sensor_B,17.87
2023-10-01T01:38:20+00:00,Sensor_A,56.58
2023-10-01T00:42:46+00:00,Sensor_A,42.08
2023-10-01T00:59:23+00:00,Sensor_B,42.09
2023-10-01T02:31:43+00:00,Sensor_C,70.13
2023-10-01T01:09:40+00:00,Sensor_A,93.45
2023-10-01T01:05:21+00:00,Sensor_A,98.01
2023-10-01T02:25:53+00:00,Sensor_B,3.1415926535897932384
2023-10-01T01:11:59+00:00,Sensor_A,9.43
2023-10-01T00:46:19+00:00,Sensor_C,91.47
2023-10-01T00:50:43+00:00,Sensor_B,15.59
2023-10-01T01:49:47+00:00,Sensor_B,96.5
2023-10-01T00:24:29+00:00,Sensor_A,10.5.2.1
2023-10-01T00:49:41+00:00,Sensor_B,10.5.2.1
2023-10-01T02:42:50+00:00,Sensor_A,60.31
2023-10-01T01:47:28+00:00,sénsor#@!,86.42
2023-10-01T01:20:53+00:00,Sensor_C,94.8
2023-10-01T01:06:08+00:00,Sensor_B,94.23
2023-10-01T01:46:26+00:00,Sensor_D,25.9
2023-10-01T00:40:11+00:00,Sensor_A,94.29
2023-10-01T02:10:06+00:00,Sensor_D,12.45
2023-10-01T00:27:28+00:00,Sensor_A,ABC
2023-10-01T02:04:22+00:00,Sensor_B,0.04
2023-10-01T00:10:01+00:00,Sensor_B,73.12
2023-10-01T00:23:08+00:00,Sensor_B,7.29
2023-10-01T01:28:22+00:00,Sensor_A,5.47
2023-10-01T01:08:47+00:00,Sensor_C,88.69
2023-10-01T00:08:11+00:00,Sensor_C,7.33
2023-10-01T01:28:12+00:00,Sensor_C,98.41
2023-10-01T02:24:15+00:00,Sensor_B,38.94
2023-10-01T01:07:21+00:00,Sensor_B,19.45
2023-10-01T00:12:31+00:00,Sensor_B,57.71
2023-10-01T00:19:30+00:00,Sensor_B,ABC
2023-10-01T01:08:37+00:00,Sensor_B,88.24
2023-10-01T02:12:56+00:00,Sensor_A,91.0
2023-10-01T00:27:04+00:00,Sensor_D,62.9
2023-10-01T02:29:15+00:00,Sensor_A,76.8
2023-10-01T02:08:10+00:00,Sensor_C,42.86
2023-10-01T01:11:40+00:00,Sensor_D,67.46
2023-10-01T02:34:19+00:00,Sensor_B,22.09
2023-10-01T02:42:00+00:00,Sensor_C,25.39
2023-10-01T01:57:25+00:00,Sensor_B,0.03
2023-10-01T01:30:07+00:00,Sensor_A,47.55
2023-10-01T00:04:22+00:00,Sensor_C,5.71
2023-10-01T02:16:53+00:00,Sensor_B,33.76
2023-10-01T00:47:55+00:00,Sensor_B,33.32
2023-10-01T00:10:05+00:00,Sensor_C,35.24
2023-10-01T02:19:35+00:00,Sensor_A,78.66
2023-10-01T00:34:12+00:00,Sensor_C,2.16
2023-10-01T02:46:17+00:00,Sensor_D,17.82
2023-10-01T00:58:57+00:00,Sensor_A,10.5.2.1
2023-10-01T01:07:14+00:00,Sensor_D,68.31
2023-10-01T02:30:07+00:00,Sensor_B,96.44
2023-10-01T00:02:13+00:00,Sensor_A,59.82
2023-10-01T02:09:29+00:00,Sensor_A,58.51
2023-10-01T00:21:22+00:00,Sensor_B,86.0
2023-10-01T01:24:27+00:00,Sensor_D,51.25
2023-10-01T00:22:37+00:00,Sensor_C,37.19
2023-10-01T02:41:13+00:00,Sensor_D,39.7
2023-10-01T01:03:39+00:00,Sensor_A,4.01
2023-10-01T01:45:39+00:00,Sensor_B,24.53
2023-10-01T00:36:17+00:00,Sensor_A,38.5
2023-10-01T00:58:29+00:00,Sensor_C,8.95
2023-10-01T01:54:24+00:00,Sensor_D,56.75
2023-10-01T00:41:18+00:00,Sensor_B,3.3
2023-10-01T00:36:38+00:00,Sensor_D,88.29
2023-10-01T02:20:06+00:00,Sensor_B,41.51
2023-10-01T00:24:12+00:00,Sensor_A,90.11
2023-10-01T00:15:20+00:00,Sensor_D,39.79
2023-10-01T00:02:48+00:00,Sensor_A,56.75
2023-10-01T01:38:57+00:00,Sensor_B,9.4
2023-10-01T01:07:09+00:00,Sensor_B,3.1415926535897932384
2023-10-01T01:44:56+00:00,Sensor_A,18.15
2023-10-01T00:27:15+00:00,Sensor_C,59.26
2023-10-01T01:46:16+00:00,Sensor_A,94.62
2023-10-01T00:06:46+00:00,Sensor_B,25.99
2023-10-01T00:06:12+00:00,Sensor_C,75.98
2023-10-01T00:10:18+00:00,Sensor_B,53.22
2023-10-01T01:11:09+00:00,Sensor_D,79.61
2023-10-01T01:29:20+00:00,Sensor_D,66.88
2023-10-01T00:48:49+00:00,Sensor_A,50.68
2023-10-01T00:34:05+00:00,Sensor_D,99.52
2023-10-01T00:39:16+00:00,Sensor_A,61.69
2023-10-01T00:57:05+00:00,Sensor_D,73.42
2023-10-01T02:27:53+00:00,Sensor_C,9.12
2023-10-01T02:16:26+00:00,Sensor_A,54.11
2023-10-01T02:14:24+00:00,Sensor_B,85.55
2023-10-01T01:54:51+00:00,Sensor_B,19.86
2023-10-01T00:24:50+00:00,Sensor_C,10.5.2.1
2023-10-01T02:04:34+00:00,Sensor_A,8.95
2023-10-01T00:16:54+00:00,Sensor_C,34.02
2023-10-01T01:57:45+00:00,Sensor_A,41.58
2023-10-01T01:37:11+00:00,Sensor_D,34.18
2023-10-01T02:41:07+00:00,Sensor_C,83.34
2023-10-01T01:39:07+00:00,Sensor_A,10.5.2.1
2023-10-01T01:14:07+00:00,🔥Sensor,87.8
2023-10-01T00:48:18+00:00,Sensor_C,31.48
2023-10-01T02:42:12+00:00,Sensor_A,25.53
2023-10-01T01:17:43+00:00,Sensor_D,35.28
2023-10-01T01:23:15+00:00,Sensor_B,32.57
2023-10-01T00:23:36+00:00,Sensor_C,12.38
2023-10-01T00:39:19+00:00,Sensor_A,91.47
2023-10-01T00:40:18+00:00,Sensor_A,41.64
2023-10-01T01:54:52+00:00,Sensor_B,52.57
2023-10-01T00:42:41+00:00,Sensor_D,70.49
2023-10-01T00:18:35+00:00,Sensor_A,5.19
2023-10-01T01:32:32+00:00,Sensor_B,42.93
2023-10-01T00:50:42+00:00,Sensor_D,92.9
2023-10-01T01:29:22+00:00,Sensor_D,70.4
2023-10-01T02:19:12+00:00,Sensor_D,68.59
2023-10-01T00:01:38+00:00,Sensor_C,30.65
2023-10-01T01:09:53+00:00,Sensor_D,93.44
2023-10-01T00:04:00+00:00,Sensor_A,5.11
2023-10-01T01:21:00+00:00,Sensor_B,56.94
2023-10-01T01:19:50+00:00,Sensor_B,26.24
2023-10-01T00:01:35+00:00,Sensor_C,41.01
2023-10-01T01:06:33+00:00,Sensor_C,78.87
2023-10-01T02:45:28+00:00,Sensor_D,5.07
2023-10-01T00:31:02+00:00,Sensor_C,71.1
2023-10-01T00:13:58+00:00,Sensor_A,21.7
2023-10-01T00:20:16+00:00,Sensor_A,4.43
2023-10-01T01:59:33+00:00,Sensor_A,53.74
2023-10-01T02:44:43+00:00,Sensor_A,24.05
2023-10-01T01:26:01+00:00,Sensor_A,71.91
2023-10-01T00:32:43+00:00,Sensor_A,49.0
2023-10-01T02:28:28+00:00,Sensor_B,59.54
2023-10-01T00:04:58+00:00,Sensor_A,63.47
2023-10-01T02:32:34+00:00,Sensor_D,31.88
2023-10-01T01:46:19+00:00,Sensor_C,2.8
2023-10-01T02:42:43+00:00,Sensor_C,49.09
2023-10-01T02:37:53+00:00,Sensor_D,55.32
2023-10-01T00:37:56+00:00,Sensor_B,37.87
2023-10-01T01:24:37+00:00,Sensor_C,75.29
2023-10-01T02:29:16+00:00,Sensor_B,47.99
2023-10-01T01:42:25+00:00,Sensor_B,56.52
2023-10-01T01:36:05+00:00,Sensor_B,26.63
2023-10-01T00:14:23+00:00,Sensor_C,18.73
2023-10-01T00:22:03+00:00,Sensor_A,42.24
2023-10-01T00:40:05+00:00,Sensor_B,20.63
2023-10-01T02:20:57+00:00,Sensor_A,ABC
2023-10-01T02:28:32+00:00,Sensor_D,77.1
2023-10-01T02:26:23+00:00,Sensor_A,43.8
2023-10-01T00:42:00+00:00,Sensor_C,18.19
2023-10-01T00:47:51+00:00,Sensor_D,2.03
2023-10-01T00:26:51+00:00,Sensor_B,98.11
2023-10-01T00:15:53+00:00,Sensor_B,37.5
2023-10-01T00:01:14+00:00,Sensor_A,28.16
2023-10-01T00:56:06+00:00,Sensor_D,86.56
2023-10-01T02:20:19+00:00,Sensor_D,19.48
2023-10-01T00:26:05+00:00,Sensor_A,0.47
2023-10-01T02:34:44+00:00,Sensor_C,70.1
2023-10-01T01:23:34+00:00,Sensor_B,75.33
2023-10-01T00:28:03+00:00,Sensor_D,72.13
2023-10-01T02:24:26+00:00,Sensor_A,46.79
invalid_time,Sensor_D,79.46
2023-10-01T01:57:48+00:00,Sensor_B,31.15
2023-10-01T01:39:29+00:00,Sensor_D,16.14
2023-10-01T01:02:07+00:00,Sensor_C,83.27
2023-10-01T00:11:44+00:00,Sensor_C,18.47
2023-10-01T02:21:25+00:00,Sensor_C,9.8
2023-10-01T00:09:55+00:00,Sensor_A,22.42
2023-10-01T02:02:51+00:00,Sensor_C,10.88
2023-10-01T01:24:39+00:00,Sensor_D,37.66
2023-10-01T00:32:11+00:00,Sensor_D,3.78
2023-10-01T00:34:51+00:00,Sensor_A,32.93
2023-10-01T02:19:03+00:00,Sensor_D,38.61
2023-10-01T02:15:30+00:00,Sensor_C,47.22
2023-10-01T02:23:27+00:00,Sensor_A,53.09
2023-10-01T02:31:24+00:00,Sensor_D,49.81
2023-10-01T02:28:57+00:00,Sensor_C,5.35
2023-10-01T01:21:52+00:00,Sensor_C,46.71
2023-10-01T00:49:22+00:00,Sensor_A,79.38
2023-10-01T01:47:38+00:00,Sensor_B,61.64
2023-10-01T00:50:10+00:00,Sensor_A,12.81
2023-10-01T00:36:11+00:00,Sensor_A,97.04
2023-10-01T02:42:22+00:00,Sensor_D,99.68
2023-10-01T00:29:12+00:00,Sensor_D,55.44
2023-10-01T00:22:31+00:00,Sensor_C,1.57
2023-10-01T00:44:26+00:00,Sensor_D,64.58
2023-10-01T01:14:09+00:00,Sensor_D,8.07
2023-10-01T00:46:57+00:00,Sensor_B,18.51
2023-10-01T00:20:31+00:00,Sensor_B,57.92
2023-10-01T01:04:29+00:00,Sensor_C,68.57
2023-10-01T01:17:24+00:00,Sensor_C,54.63
2023-10-01T00:14:19+00:00,Sensor_C,41.3
2023-10-01T02:20:24+00:00,Sensor_A,52.91
2023-10-01T02:32:16+00:00,Sensor_C,59.13
2023-10-01T01:45:02+00:00,Sensor_C,68.66
2023-10-01T02:45:34+00:00,Sensor_D,57.49
2023-10-01T00:47:02+00:00,Sensor_C,34.03
2023-10-01T00:49:21+00:00,Sensor_D,71.28
2023-10-01T00:40:58+00:00,Sensor_B,80.97
2023-10-01T00:59:10+00:00,Sensor_C,70.98
2023-10-01T00:07:24+00:00,Sensor_B,52.57
2023-10-01T01:05:06+00:00,Sensor_D,65.15
2023-10-01T02:26:10+00:00,Sensor_D,20.65
2023-10-01T01:34:34+00:00,Sensor_D,95.87
2023-10-01T02:22:46+00:00,Sensor_B,42.79
2023-10-01T02:05:58+00:00,Sensor_B,67.64
2023-10-01T00:25:30+00:00,Sensor_B,59.99
2023-10-01T01:50:49+00:00,Sensor_B,32.03
2023-10-01T02:14:41+00:00,Sensor_B,20.12
2023-10-01T00:32:20+00:00,Sensor_D,83.27
2023-10-01T00:58:20+00:00,Sensor_C,47.24
2023-10-01T00:46:37+00:00,Sensor_B,66.88
2023-10-01T01:27:10+00:00,Sensor_B,73.41
2023-10-01T01:33:37+00:00,Sensor_C,63.46
2023-10-01T01:49:05+00:00,Sensor_D,21.77
2023-10-01T01:25:12+00:00,Sensor_C,91.69
2023-10-01T02:44:34+00:00,Sensor_B,23.8
2023-10-01T01:58:13+00:00,Sensor_C,92.83
invalid_time,Sensor_B,51.98
2023-10-01T01:55:27+00:00,Sensor_D,17.5
2023-10-01T00:47:28+00:00,Sensor_C,16.59
2023-10-01T02:38:38+00:00,Sensor_B,30.45
2023-10-01T02:30:50+00:00,Sensor_B,8.02
2023-10-01T01:27:53+00:00,Sensor_C,54.89
2023-10-01T01:01:47+00:00,🔥Sensor,65.47
2023-10-01T01:29:49+00:00,Sensor_A,59.95
2023-10-01T01:46:51+00:00,Sensor_C,86.63
2023-10-01T02:34:42+00:00,Sensor_D,78.84
2023-10-01T01:48:33+00:00,Sensor_B,38.23
2023-10-01T00:02:01+00:00,Sensor_B,61.62
2023-10-01T00:55:38+00:00,Sensor_C,41.24
2023-10-01T02:03:36+00:00,Sensor_C,61.67
2023-10-01T01:49:19+00:00,Sensor_D,46.47
2023-10-01T02:20:35+00:00,Sensor_C,11.56
2023-10-01T01:38:40+00:00,Sensor_A,94.22
2023-10-01T00:07:39+00:00,Sensor_D,38.16
2023-10-01T00:39:01+00:00,Sensor_D,68.11
2023-10-01T00:12:10+00:00,Sensor_B,97.41
2023-10-01T01:01:23+00:00,Sensor_A,40.34
2023-10-01T01:52:59+00:00,Sensor_A,23.02
2023-10-01T02:23:41+00:00,Sensor_A,73.11
2023-10-01T00:37:04+00:00,Sensor_B,79.13
2023-10-01T01:20:06+00:00,Sensor_C,not_a_number
2023-10-01T02:13:24+00:00,Sensor_A,87.47
2023-10-01T02:37:35+00:00,Sensor_B,56.41
2023-10-01T02:27:24+00:00,Sensor_C,34.1
2023-10-01T02:19:00+00:00,Sensor_B,48.24
2023-10-01T01:09:52+00:00,Sensor_C,18.68
2023-10-01T00:25:54+00:00,Sensor_C,58.4
2023-10-01T02:39:47+00:00,Sensor_C,65.34
2023-10-01T01:19:34+00:00,Sensor_B,97.78
2023-10-01T00:31:11+00:00,Sensor_A,91.44
2023-10-01T00:41:05+00:00,Sensor_C,56.72
2023-10-01T00:25:20+00:00,Sensor_A,53.72
2023-10-01T01:55:04+00:00,Sensor_D,4.94
2023-10-01T01:50:38+00:00,Sensor_B,80.81
2023-10-01T00:16:03+00:00,Sensor_D,96.77
2023-10-01T01:32:46+00:00,Sensor_C,68.27
2023-10-01T00:25:34+00:00,Sensor_A,57.25
2023-10-01T00:38:21+00:00,Sensor_B,56.35
2023-10-01T02:45:19+00:00,Sensor_A,3.1415926535897932384
2023-10-01T00:21:17+00:00,Sensor_C,27.78
2023-10-01T02:44:35+00:00,Sensor_A,3.1415926535897932384
2023-10-01T00:01:01+00:00,Sensor_D,45.57
2023-10-01T00:10:50+00:00,Sensor_C,13.14
2023-10-01T02:11:44+00:00,Sensor_A,13.09
2023-10-01T02:16:41+00:00,Sensor_C,45.91
2023-10-01T01:58:33+00:00,Sensor_D,82.47
2023-10-01T01:53:43+00:00,Sensor_C,77.52
2023-10-01T02:35:16+00:00,Sensor_C,6.9
2023-10-01T00:47:09+00:00,Sensor_D,46.8
2023-10-01T01:39:05+00:00,Sensor_B,94.7
2023-10-01T00:16:24+00:00,Sensor_C,93.59
2023-10-01T01:20:33+00:00,Sensor_A,59.96
2023-10-01T01:25:56+00:00,Sensor_B,9.58
2023-10-01T01:12:09+00:00,Sensor_C,20.62
2023-10-01T01:26:19+00:00,Sensor_C,43.36
2023-10-01T00:06:45+00:00,Sensor_D,41.48
2023-10-01T00:06:18+00:00,Sensor_D,19.66
2023-10-01T00:17:13+00:00,Sensor_C,65.09
2023-10-01T01:27:44+00:00,Sensor_A,6.59
2023-10-01T01:12:25+00:00,Sensor_C,80.23
2023-10-01T01:34:50+00:00,Sensor_D,58.55
2023-10-01T00:10:24+00:00,Sensor_B,36.11
2023-10-01T02:04:40+00:00,Sensor_B,38.25
2023-10-01T02:27:55+00:00,Sensor_B,10.5.2.1
2023-10-01T02:43:36+00:00,Sensor_A,56.85
2023-10-01T00:59:45+00:00,Sensor_D,93.56
2023-10-01T01:22:12+00:00,Sensor_B,25.48
2023-10-01T01:23:21+00:00,Sensor_A,76.58
2023-10-01T01:09:03+00:00,Sensor_A,96.66
2023-10-01T02:31:28+00:00,Sensor_B,17.88
2023-10-01T00:33:04+00:00,Sensor_B,44.75
2023-10-01T01:04:56+00:00,Sensor_A,48.48
2023-10-01T02:44:47+00:00,Sensor_B,34.96
2023-10-01T02:09:50+00:00,Sensor_D,55.62
2023-10-01T02:16:43+00:00,Sensor_D,2.77
2023-10-01T02:09:57+00:00,Sensor_A,56.59
2023-10-01T00:24:31+00:00,Sensor_C,51.13
2023-10-01T01:58:06+00:00,Sensor_A,18.73
2023-10-01T00:20:43+00:00,Sensor_B,2.37
2023-10-01T02:01:18+00:00,Sensor_C,48.46
2023-10-01T00:30:00+00:00,Sensor_D,88.77
2023-10-01T00:48:56+00:00,Sensor_C,2.65
2023-10-01T00:57:55+00:00,Sensor_D,8.15
2023-10-01T00:43:34+00:00,Sensor_C,41.04
2023-10-01T01:12:45+00:00,Sensor_C,61.2
2023-10-01T00:18:05+00:00,Sensor_D,74.51
2023-10-01T01:02:49+00:00,Sensor_D,17.07
2023-10-01T02:33:09+00:00,Sensor_D,76.65
2023-10-01T00:22:29+00:00,Sensor_D,66.72
2023-10-01T02:07:15+00:00,Sensor_C,80.38
2023-10-01T00:02:43+00:00,sénsor#@!,51.75
2023-10-01T01:01:33+00:00,Sensor_C,69.06
2023-10-01T01:11:55+00:00,Sensor_C,27.09
2023-10-01T01:08:11+00:00,Sensor_C,98.17
2023-10-01T02:40:25+00:00,Sensor_C,52.25
2023-10-01T01:14:57+00:00,🔥Sensor,76.67
2023-10-01T01:50:26+00:00,Sensor_A,79.42
2023-10-01T00:09:48+00:00,Sensor_A,65.64
2023-10-01T01:02:35+00:00,Sensor_D,12.67
2023-10-01T00:12:41+00:00,Sensor_C,7.82
2023-10-01T01:12:44+00:00,Sensor_A,80.04
2023-10-01T01:31:42+00:00,Sensor_C,50.99
2023-10-01T00:13:56+00:00,Sensor_D,71.99
2023-10-01T00:58:36+00:00,Sensor_D,4.99
2023-10-01T01:13:48+00:00,Sensor_C,10.77
2023-10-01T00:47:27+00:00,センサー_1,95.32
2023-10-01T01:50:16+00:00,Sensor_B,33.37
2023-10-01T00:46:36+00:00,Sensor_D,64.95
2023-10-01T00:47:43+00:00,Sensor_A,38.84
2023-10-01T00:11:49+00:00,Sensor_D,11.63
2023-10-01T00:22:15+00:00,Sensor_C,5.16
2023-10-01T02:06:30+00:00,Sensor_B,9.7
2023-10-01T01:33:06+00:00,Sensor_C,17.34
2023-10-01T01:39:54+00:00,Sensor_B,77.01
invalid_time,Sensor_B,55.59
2023-10-01T01:05:05+00:00,Sensor_B,6.76
2023-10-01T01:20:37+00:00,Sensor_A,48.4
2023-10-01T01:58:47+00:00,Sensor_C,83.63
2023-10-01T01:34:31+00:00,Sensor_A,54.52
2023-10-01T00:33:25+00:00,Sensor_B,69.43
2023-10-01T02:17:51+00:00,Sensor_A,80.66
2023-10-01T02:34:52+00:00,Sensor_C,48.35
2023-10-01T00:58:56+00:00,Sensor_A,9.62
2023-10-01T00:13:06+00:00,Sensor_A,84.16
2023-10-01T00:20:08+00:00,Sensor_B,11.09
2023-10-01T01:44:53+00:00,Sensor_C,91.21
2023-10-01T01:15:42+00:00,Sensor_C,91.12
2023-10-01T01:37:39+00:00,Sensor_A,0.45
invalid_time,Sensor_A,90.6
2023-10-01T02:14:53+00:00,Sensor_B,94.41
2023-10-01T00:53:16+00:00,Sensor_A,50.77
2023-10-01T00:02:59+00:00,Sensor_C,23.59
2023-10-01T00:40:21+00:00,Sensor_B,27.16
2023-10-01T00:03:34+00:00,Sensor_B,10.5.2.1
2023-10-01T01:45:27+00:00,Sensor_A,ABC
2023-10-01T00:15:58+00:00,Sensor_C,53.43
2023-10-01T02:04:14+00:00,Sensor_C,43.44
2023-10-01T01:24:51+00:00,Sensor_A,53.58
2023-10-01T01:56:14+00:00,센서_A,63.05
2023-10-01T01:10:45+00:00,Sensor_A,50.63
2023-10-01T00:47:05+00:00,Sensor_B,3.1415926535897932384
2023-10-01T02:28:05+00:00,Sensor_D,24.91
2023-10-01T01:30:21+00:00,Sensor_A,50.79
2023-10-01T01:48:06+00:00,Sensor_D,46.08
2023-10-01T00:47:01+00:00,Sensor_C,14.95
2023-10-01T00:43:55+00:00,Sensor_B,91.31
2023-10-01T00:11:59+00:00,Sensor_D,13.34
2023-10-01T02:18:41+00:00,Sensor_B,69.54
2023-10-01T00:49:46+00:00,Sensor_C,41.68
2023-10-01T02:01:48+00:00,Sensor_C,6.37
2023-99-99,Sensor_B,65.4
2023-10-01T02:33:30+00:00,Sensor_C,3.37
2023-10-01T00:19:02+00:00,Sensor_C,62.14
2023-10-01T02:36:07+00:00,Sensor_B,44.35
2023-10-01T01:14:39+00:00,Sensor_D,13.89
2023-10-01T01:12:19+00:00,Sensor_B,79.42
2023-10-01T00:27:21+00:00,Sensor_B,26.28
2023-10-01T02:44:20+00:00,Sensor_B,7.61
2023-10-01T00:59:40+00:00,Sensor_B,42.35
2023-10-01T01:27:37+00:00,Sensor_B,85.54
2023-10-01T01:25:06+00:00,Sensor_B,62.66
2023-10-01T00:18:57+00:00,Sensor_A,93.8
2023-10-01T00:33:23+00:00,Sensor_C,80.35
2023-10-01T01:47:35+00:00,Sensor_B,12.51
2023-10-01T00:05:56+00:00,Sensor_D,64.45
2023-10-01T00:40:10+00:00,Sensor_C,80.73
2023-10-01T02:11:38+00:00,Sensor_B,46.98
2023-10-01T02:31:18+00:00,Sensor_D,66.83
2023-10-01T02:36:31+00:00,Sensor_D,17.23
2023-10-01T01:52:19+00:00,感測器甲,41.34
2023-10-01T01:35:42+00:00,Sensor_C,71.24
2023-10-01T01:38:21+00:00,Sensor_A,98.27
2023-10-01T00:19:01+00:00,Sensor_D,66.24
2023-10-01T01:54:25+00:00,Sensor_C,30.33
2023-10-01T01:07:19+00:00,Sensor_B,87.08
